/*
 * background.h
 *
 *  Created on: Aug 12, 2026
 *      Author: ASUS
 */

#ifndef MAIN_ANIMATIONS_BACKGROUND_H_
#define MAIN_ANIMATIONS_BACKGROUND_H_
#include <stdint.h>

#include "../animations/animations.h"

#define IDLE_FRAME_WIDTH 32
#define IDLE_FRAME_HEIGHT 32
#define IDLE_FRAME_COUNT 3


const uint16_t frame1_bg_g[] = {
  0xE79F, 0xE79F, 0xE79F, 0xE79F, 0xE79F, 0xE79F, 0xE79F, 0xE79F, 0xE79F, 0xE79F, 0xE79F, 0xE79F,
  0xE79F, 0xE79F, 0xE79F, 0xE79F, 0xE79F, 0xE79F, 0xE79F, 0xE79F, 0xE79F, 0xE79F, 0xE79F, 0xE79F,
  0xDF5F, 0xDF5F, 0xDF5F, 0xDF5F, 0xDF5F, 0xD75F, 0xD75F, 0xD75F, 0xDF3F, 0xDF5F, 0xDF5F, 0xDF5F,
  0xD73F, 0xD73F, 0xDF5F, 0xDF7F, 0xD75F, 0xD75F, 0xD77F, 0xD77F, 0xD77F, 0xCF5F, 0xC73F, 0xC71F,
  0xC73F, 0xBF1F, 0xBEFF, 0xBEFF, 0xBEFF, 0xBEFF, 0xBEFF, 0xBEFF, 0xBEFF, 0xBEFF, 0xBEFF, 0xBEFF,
  0xBEFF, 0xBEFF, 0xBEFF, 0xBEFF, 0xBEFF, 0xBEFF, 0xBEFF, 0xBEFF, 0xBEFF, 0xBEFF, 0xBEFF, 0xBEFF,
  0xBEDF, 0xBEDF, 0xBEDF, 0xBEDF, 0xBEDF, 0xBEFF, 0xC71F, 0xC73F, 0xCF3F, 0xCF5F, 0xD77F, 0xD77F,
  0xD75F, 0xD77F, 0xD77F, 0xD75F, 0xD75F, 0xD75F, 0xDF7F, 0xDF5F, 0xDF5F, 0xD73F, 0xDF5F, 0xDF7F,
  0xDF5F, 0xDF5F, 0xD75F, 0xDF5F, 0xDF5F, 0xDF7F, 0xE79F, 0xE79F, 0xE79F, 0xE79F, 0xE79F, 0xE79F,
  0xE79F, 0xE79F, 0xEF9F, 0xEF9F, 0xE79F, 0xE79F, 0xE79F, 0xE79F, 0xE79F, 0xE79F, 0xE79F, 0xE79F,
  0xE79F, 0xE79F, 0xE79F, 0xE79F, 0xE79F, 0xE79F, 0xE79F, 0xE79F, 0xE79F, 0xE79F, 0xE79F, 0xE79F,
  0xE79F, 0xE79F, 0xE79F, 0xE79F, 0xE79F, 0xE79F, 0xE79F, 0xE79F, 0xE79F, 0xE79F, 0xE79F, 0xE79F,
  0xE79F, 0xE79F, 0xE79F, 0xE79F, 0xE79F, 0xE79F, 0xE79F, 0xE77F, 0xDF5F, 0xDF5F, 0xDF5F, 0xDF5F,
  0xDF5F, 0xD75F, 0xD75F, 0xD75F, 0xDF5F, 0xDF5F, 0xDF5F, 0xD75F, 0xD75F, 0xDF5F, 0xDF7F, 0xDF7F,
  0xD77F, 0xD75F, 0xCF3F, 0xCF3F, 0xC71F, 0xC6FF, 0xBEFF, 0xBEFF, 0xBEFF, 0xB6FF, 0xB6FF, 0xBEFF,
  0xBF1F, 0xBEFF, 0xBEFF, 0xB6DF, 0xB6DF, 0xB6DF, 0xBEDF, 0xBEDF, 0xBEDF, 0xBEDF, 0xBEDF, 0xBEDF,
  0xBEDF, 0xBEDF, 0xBEDF, 0xBEDF, 0xBEDF, 0xBEDF, 0xBEDF, 0xBEDF, 0xBEFF, 0xBEFF, 0xBEFF, 0xBEFF,
  0xBEFF, 0xBEFF, 0xBEFF, 0xBEFF, 0xBEDE, 0xC71F, 0xCF3F, 0xCF5F, 0xD75F, 0xD75F, 0xD75F, 0xD75F,
  0xDF7F, 0xD75F, 0xD73F, 0xD75F, 0xDF5F, 0xDF7F, 0xDF5F, 0xD73F, 0xDF5F, 0xDF5F, 0xD75F, 0xD75F,
  0xDF5F, 0xDF7F, 0xDF7F, 0xE77F, 0xE79F, 0xE79F, 0xE79F, 0xE79F, 0xE79F, 0xE79F, 0xE79F, 0xE79F,
  0xE79F, 0xE79F, 0xE79F, 0xE79F, 0xE79F, 0xE79F, 0xE79F, 0xE79F, 0xE79F, 0xE79F, 0xE79F, 0xE79F,
  0xE79F, 0xE79F, 0xE79F, 0xE79F, 0xE79F, 0xE79F, 0xE79F, 0xE79F, 0xE79F, 0xE79F, 0xE79F, 0xE79F,
  0xE79F, 0xE79F, 0xE79F, 0xE79F, 0xE79F, 0xE79F, 0xE79F, 0xE79F, 0xE79F, 0xE79F, 0xE79F, 0xE79F,
  0xE79F, 0xE77F, 0xDF5F, 0xDF5F, 0xDF5F, 0xDF5F, 0xDF5F, 0xDF5F, 0xDF5F, 0xDF5F, 0xDF5F, 0xDF5F,
  0xDF5F, 0xD75F, 0xD75F, 0xD75F, 0xDF7F, 0xDF7F, 0xD75F, 0xD75F, 0xCF3F, 0xCF1F, 0xC6FF, 0xC6FF,
  0xBEDF, 0xBEDF, 0xBEDF, 0xBEFF, 0xBEFF, 0xB6DF, 0xB6DF, 0xBEFF, 0xBEFF, 0xB6DF, 0xB6BF, 0xB69F,
  0xB69F, 0xB69F, 0xB69F, 0xB69F, 0xB69F, 0xB6BF, 0xB6BF, 0xB69F, 0xB69F, 0xB69F, 0xB69F, 0xB69F,
  0xB69F, 0xB69F, 0xB69F, 0xB6BF, 0xB6BF, 0xB6DF, 0xB6DF, 0xBEDF, 0xBEDF, 0xBEDF, 0xBEDF, 0xBEFF,
  0xBEDF, 0xBEDF, 0xC6FF, 0xC6FF, 0xC6FF, 0xCF3F, 0xD75F, 0xD75F, 0xD77F, 0xD75F, 0xD75F, 0xD75F,
  0xDF5F, 0xDF7F, 0xDF5F, 0xD73F, 0xDF5F, 0xDF5F, 0xDF5F, 0xD75F, 0xDF5F, 0xDF5F, 0xDF5F, 0xDF5F,
  0xE77F, 0xE77F, 0xE79F, 0xE79F, 0xE79F, 0xE79F, 0xE79F, 0xE79F, 0xE79F, 0xE79F, 0xE79F, 0xE79F,
  0xE79F, 0xE79F, 0xE79F, 0xE79F, 0xE79F, 0xE79F, 0xE79F, 0xE79F, 0xE79F, 0xE79F, 0xE79F, 0xE79F,
  0xE79F, 0xE79F, 0xE79F, 0xE79F, 0xE79F, 0xE79F, 0xE79F, 0xE79F, 0xE79F, 0xE79F, 0xE79F, 0xE79F,
  0xE79F, 0xE79F, 0xE79F, 0xE79F, 0xE79F, 0xE79F, 0xE79F, 0xE79F, 0xE79F, 0xDF7F, 0xDF5F, 0xDF3F,
  0xDF5F, 0xDF5F, 0xDF5F, 0xDF5F, 0xDF5F, 0xDF5F, 0xDF5F, 0xDF5F, 0xD75F, 0xD75F, 0xD75F, 0xDF7F,
  0xDF7F, 0xD75F, 0xCF3F, 0xCF1F, 0xC6DE, 0xC6FF, 0xC6FF, 0xC6FF, 0xBEFF, 0xBEDF, 0xBEDF, 0xBEDF,
  0xBEFF, 0xB6DF, 0xB6BF, 0xB6BF, 0xB6BF, 0xAE9F, 0xAE9F, 0xB69F, 0xB69F, 0xB69F, 0xB69F, 0xB69F,
  0xB69F, 0xB69F, 0xB69F, 0xB69F, 0xB69F, 0xB69F, 0xB69F, 0xB69F, 0xB69F, 0xB69F, 0xB69F, 0xB69F,
  0xB69F, 0xB69F, 0xB69F, 0xB69F, 0xB6BF, 0xB6BF, 0xBEDF, 0xBEFF, 0xBEFF, 0xBEFF, 0xBEDF, 0xBEBE,
  0xBEBE, 0xC6FF, 0xCF1F, 0xCF3F, 0xCF3F, 0xD75F, 0xDF7F, 0xDF7F, 0xD75F, 0xD73F, 0xD75F, 0xDF5F,
  0xDF5F, 0xDF5F, 0xDF5F, 0xDF5F, 0xDF5F, 0xDF5F, 0xDF5F, 0xDF5F, 0xDF7F, 0xDF7F, 0xE77F, 0xE79F,
  0xE79F, 0xE79F, 0xE79F, 0xE79F, 0xE79F, 0xE79F, 0xE79F, 0xE79F, 0xE79F, 0xE79F, 0xE79F, 0xE79F,
  0xE79F, 0xE79F, 0xE79F, 0xE79F, 0xE79F, 0xE79F, 0xE79F, 0xE79F, 0xE79F, 0xE79F, 0xE79F, 0xE79F,
  0xE79F, 0xE79F, 0xE79F, 0xE79F, 0xE79F, 0xE79F, 0xE79F, 0xE79F, 0xE79F, 0xE79F, 0xE79F, 0xE79F,
  0xE7BF, 0xE79F, 0xE79F, 0xE77F, 0xDF7F, 0xDF5F, 0xDF5F, 0xDF5F, 0xDF5F, 0xDF5F, 0xDF5F, 0xDF5F,
  0xDF5F, 0xDF5F, 0xDF5F, 0xDF5F, 0xD75F, 0xD77F, 0xD77F, 0xD75F, 0xCF3F, 0xCF1F, 0xC6FF, 0xC6FF,
  0xBEDF, 0xC6FF, 0xBEFF, 0xBEFF, 0xBEDF, 0xBEBF, 0xB6BF, 0xB69F, 0xB6BF, 0xB69F, 0xAE9F, 0xB69F,
  0xB6BF, 0xB69F, 0xB6BF, 0xB6BF, 0xB6BF, 0xB6BF, 0xB6BF, 0xB6BF, 0xB6BF, 0xB6BF, 0xB6BF, 0xB6BF,
  0xB6BF, 0xB6BF, 0xB6BF, 0xB6BF, 0xB6BF, 0xB6BF, 0xB6BF, 0xB6BF, 0xB6BF, 0xB6BF, 0xB6BF, 0xAE9F,
  0xAE9F, 0xB69F, 0xB6BF, 0xB6BF, 0xB6BF, 0xBEDF, 0xBEDF, 0xBEDF, 0xBEFF, 0xBEDF, 0xBEDF, 0xC6DE,
  0xC6FF, 0xCF1F, 0xD75F, 0xD77F, 0xD75F, 0xD75F, 0xD75F, 0xDF7F, 0xD75F, 0xDF5F, 0xDF5F, 0xDF5F,
  0xDF5F, 0xDF5F, 0xDF5F, 0xDF5F, 0xDF5F, 0xDF5F, 0xDF7F, 0xE77F, 0xE79F, 0xE79F, 0xE79F, 0xE79F,
  0xE79F, 0xE79F, 0xE79F, 0xE79F, 0xE79F, 0xE79F, 0xE79F, 0xE79F, 0xE79F, 0xE79F, 0xE79F, 0xE79F,
  0xE79F, 0xE79F, 0xE79F, 0xE79F, 0xE79F, 0xE79F, 0xE79F, 0xE79F, 0xE79F, 0xE79F, 0xE79F, 0xE79F,
  0xE79F, 0xE79F, 0xE79F, 0xE79F, 0xE79F, 0xE79F, 0xE79F, 0xE79F, 0xE7BF, 0xE79F, 0xDF7F, 0xDF7F,
  0xDF5F, 0xDF5F, 0xDF5F, 0xDF5F, 0xDF5F, 0xDF5F, 0xDF5F, 0xDF5F, 0xDF5F, 0xDF5F, 0xDF5F, 0xDF5F,
  0xDF7F, 0xD75F, 0xCF3F, 0xCF1F, 0xC6FF, 0xC6DF, 0xBEDF, 0xBEFF, 0xBEDF, 0xBEDF, 0xBEDF, 0xB6BF,
  0xB6BF, 0xB69F, 0xB69F, 0xB69F, 0xB6BF, 0xAE9F, 0xB6BF, 0xB6BF, 0xB6BF, 0xAE9F, 0xAE9F, 0xAE9F,
  0xAE9F, 0xAE9F, 0xAE9F, 0xAE9F, 0xAE9F, 0xAEBF, 0xAEBF, 0xAEBF, 0xAEBF, 0xAEBF, 0xAEBF, 0xAEBF,
  0xAEBF, 0xAEBF, 0xAEBF, 0xAEBF, 0xAEBF, 0xAEBF, 0xB6BF, 0xB6BF, 0xB6BF, 0xAE9F, 0xAE9F, 0xAE9F,
  0xB6BF, 0xB6BF, 0xB6BF, 0xBEDF, 0xBEDF, 0xBEDF, 0xBEDF, 0xC6FF, 0xBEDF, 0xC6DF, 0xC6FF, 0xCF1F,
  0xD75F, 0xD77F, 0xD77F, 0xD75F, 0xD75F, 0xD75F, 0xD75F, 0xDF5F, 0xDF5F, 0xDF5F, 0xDF5F, 0xDF5F,
  0xDF5F, 0xDF5F, 0xDF5F, 0xDF7F, 0xE77F, 0xE79F, 0xE79F, 0xE79F, 0xE79F, 0xE79F, 0xE79F, 0xE79F,
  0xE79F, 0xE79F, 0xE79F, 0xE79F, 0xE79F, 0xE79F, 0xE79F, 0xE79F, 0xE79F, 0xE79F, 0xE79F, 0xE79F,
  0xE79F, 0xE79F, 0xE79F, 0xE79F, 0xE79F, 0xE79F, 0xE79F, 0xE79F, 0xE79F, 0xE79F, 0xE79F, 0xE79F,
  0xE79F, 0xE79F, 0xE79F, 0xE79F, 0xE79F, 0xDF7F, 0xDF7F, 0xDF5F, 0xDF5F, 0xDF5F, 0xDF5F, 0xDF5F,
  0xDF5F, 0xDF5F, 0xDF5F, 0xDF5F, 0xDF5F, 0xDF5F, 0xDF5F, 0xD75F, 0xD75F, 0xCF3F, 0xC6FF, 0xBEDF,
  0xBEDF, 0xBEDF, 0xBEDF, 0xBEDF, 0xB6BF, 0xB6BF, 0xB69F, 0xB69F, 0xB69F, 0xB69F, 0xB6BF, 0xB6BF,
  0xAEBF, 0xAEBF, 0xAEBF, 0xAEBF, 0xAE9F, 0xAE7F, 0xA67F, 0xA67F, 0xAE7F, 0xA67F, 0xA67F, 0xA69F,
  0xA69F, 0xA69F, 0xA69F, 0xA69F, 0xA69F, 0xA69F, 0xA69F, 0xA69F, 0xA69F, 0xA69F, 0xA69F, 0xA69F,
  0xA67F, 0xAE9F, 0xAE9F, 0xAEBF, 0xAEBF, 0xAEBF, 0xAE9F, 0xAE9F, 0xB6BF, 0xAE9F, 0xAE9F, 0xB69F,
  0xB6BF, 0xB6BF, 0xBEDF, 0xBEFF, 0xBEDF, 0xBEDF, 0xBEDF, 0xC6FF, 0xCF1F, 0xCF3F, 0xD75F, 0xD75F,
  0xD75F, 0xD75F, 0xD75F, 0xDF5F, 0xDF5F, 0xDF5F, 0xDF5F, 0xDF5F, 0xDF5F, 0xDF5F, 0xDF5F, 0xDF5F,
  0xDF5F, 0xDF7F, 0xE79F, 0xE79F, 0xE79F, 0xE79F, 0xE79F, 0xE79F, 0xE79F, 0xE79F, 0xE79F, 0xE79F,
  0xE79F, 0xE79F, 0xE79F, 0xE79F, 0xE79F, 0xE79F, 0xE79F, 0xE79F, 0xE79F, 0xE79F, 0xE79F, 0xE79F,
  0xE79F, 0xE79F, 0xE79F, 0xE79F, 0xE79F, 0xE79F, 0xE79F, 0xE79F, 0xE79F, 0xE79F, 0xE79F, 0xE79F,
  0xDF7F, 0xDF7F, 0xDF5F, 0xDF5F, 0xDF5F, 0xDF5F, 0xDF5F, 0xDF5F, 0xDF5F, 0xDF5F, 0xD75F, 0xD75F,
  0xD75F, 0xD75F, 0xD75F, 0xD75F, 0xC71F, 0xC6FF, 0xBEDF, 0xBEDF, 0xBEFF, 0xBEFF, 0xBEDF, 0xB6BF,
  0xB6BF, 0xB6BF, 0xB69F, 0xB69F, 0xB6BF, 0xB69F, 0xB69F, 0xB69F, 0xAE9F, 0xAE9F, 0xA67F, 0xA67F,
  0xA67F, 0xA67F, 0xA67F, 0xA69F, 0xA67F, 0xA67F, 0xA67F, 0xA69F, 0xA69F, 0xA69F, 0xA69F, 0xA69F,
  0xA69F, 0xA69F, 0xA69F, 0xA69F, 0xA69F, 0xA69F, 0xA69F, 0xA69F, 0xA67F, 0xA67F, 0xA69F, 0xA67F,
  0xA67F, 0xAE9F, 0xAE9F, 0xAEBF, 0xAEBF, 0xAE9F, 0xAE9F, 0xB6BF, 0xB6BF, 0xB6BF, 0xB69F, 0xB69F,
  0xBEDF, 0xBEDF, 0xC6FF, 0xBEDF, 0xBEDE, 0xBEDF, 0xCF1F, 0xD75F, 0xD75F, 0xD75F, 0xD75F, 0xD75F,
  0xD75F, 0xD75F, 0xDF5F, 0xDF5F, 0xDF5F, 0xDF5F, 0xDF5F, 0xD75F, 0xDF5F, 0xDF7F, 0xDF9F, 0xE79F,
  0xE79F, 0xE79F, 0xE79F, 0xE79F, 0xE79F, 0xE79F, 0xE79F, 0xE79F, 0xE79F, 0xE79F, 0xE79F, 0xE79F,
  0xE79F, 0xE79F, 0xE79F, 0xE79F, 0xE79F, 0xE79F, 0xE79F, 0xE79F, 0xE79F, 0xE79F, 0xE79F, 0xE79F,
  0xE79F, 0xE79F, 0xE79F, 0xE79F, 0xE79F, 0xE79F, 0xE79F, 0xE79F, 0xDF5F, 0xDF5F, 0xDF5F, 0xDF5F,
  0xDF5F, 0xDF5F, 0xDF5F, 0xDF5F, 0xDF7F, 0xD75F, 0xD75F, 0xD75F, 0xD77F, 0xD75F, 0xCF1F, 0xC6FF,
  0xBEDE, 0xBEFF, 0xBEFF, 0xBEFF, 0xB6DF, 0xB6BF, 0xB6BF, 0xAE9F, 0xAE9F, 0xB6BF, 0xB6BF, 0xAE9F,
  0xB6BF, 0xB6DF, 0xB6DF, 0xB6BF, 0xAE9F, 0xA67F, 0xA67F, 0xA67F, 0xA69F, 0xA69F, 0x9E7F, 0x9E3F,
  0x963F, 0x963F, 0x965F, 0x963F, 0x963E, 0x963F, 0x965F, 0x965F, 0x963F, 0x963F, 0x963F, 0x963F,
  0x963F, 0x963F, 0x963F, 0x963F, 0x9E5F, 0xA67F, 0xA69F, 0xA67F, 0xA67F, 0xAE9F, 0xAE9F, 0xA67F,
  0xAE7F, 0xAE9F, 0xAEBF, 0xAEBF, 0xAEBF, 0xAEBF, 0xB6BF, 0xB6BF, 0xB69F, 0xB6BF, 0xBEBF, 0xBEDF,
  0xBEFF, 0xBEFF, 0xBEDF, 0xC6DF, 0xCF3F, 0xD75F, 0xD77F, 0xD77F, 0xD75F, 0xD75F, 0xDF5F, 0xDF5F,
  0xDF5F, 0xDF5F, 0xDF5F, 0xD75F, 0xDF5F, 0xDF7F, 0xDF7F, 0xDF9F, 0xE79F, 0xE79F, 0xE79F, 0xE79F,
  0xE79F, 0xE79F, 0xE79F, 0xE79F, 0xE79F, 0xE79F, 0xE79F, 0xE79F, 0xE79F, 0xE79F, 0xE79F, 0xE79F,
  0xE79F, 0xE79F, 0xE79F, 0xE79F, 0xE79F, 0xE79F, 0xE79F, 0xE79F, 0xE79F, 0xE79F, 0xE79F, 0xE79F,
  0xE79F, 0xE79F, 0xDF7F, 0xDF7F, 0xDF5F, 0xDF5F, 0xDF5F, 0xDF5F, 0xDF5F, 0xD75F, 0xD75F, 0xD75F,
  0xD73F, 0xD75F, 0xD77F, 0xD77F, 0xCF3F, 0xCF1F, 0xC6FF, 0xC6FF, 0xC6FF, 0xBEFF, 0xB6DF, 0xB6BF,
  0xB6BF, 0xAEBF, 0xB6BF, 0xB6BF, 0xAEBF, 0xAE9F, 0xAE9F, 0xAE9F, 0xB6BF, 0xB6DF, 0xB6DF, 0xB6DF,
  0xAEBF, 0xA69F, 0x9E5F, 0x9E5F, 0x9E5F, 0x9E5F, 0x9E3F, 0x961F, 0x963F, 0x963F, 0x963F, 0x963F,
  0x963F, 0x963F, 0x963F, 0x963F, 0x963F, 0x963F, 0x963F, 0x963F, 0x963F, 0x963F, 0x963F, 0x963F,
  0x963F, 0x9E5F, 0x9E5F, 0x9E5F, 0x9E5F, 0xA67F, 0xA69F, 0xA67F, 0xA67F, 0xA67F, 0xAE9F, 0xAE9F,
  0xAE9F, 0xAEBF, 0xAEBF, 0xB6BF, 0xAE9F, 0xB6BF, 0xB6BF, 0xB6BF, 0xBEDF, 0xBEDF, 0xBEDF, 0xBEFF,
  0xC6FF, 0xCF3F, 0xD75F, 0xD75F, 0xD75F, 0xDF7F, 0xDF5F, 0xD73F, 0xDF5F, 0xDF5F, 0xDF5F, 0xDF5F,
  0xDF5F, 0xD75F, 0xDF7F, 0xDF5F, 0xDF9F, 0xE79F, 0xE79F, 0xE79F, 0xE79F, 0xE79F, 0xE79F, 0xE79F,
  0xE79F, 0xE79F, 0xE79F, 0xE79F, 0xE79F, 0xE79F, 0xE79F, 0xE79F, 0xE79F, 0xE79F, 0xE79F, 0xE79F,
  0xE79F, 0xE79F, 0xE79F, 0xE79F, 0xE77F, 0xE79F, 0xE79F, 0xE79F, 0xE79F, 0xDF7F, 0xDF5F, 0xDF5F,
  0xDF5F, 0xDF5F, 0xDF5F, 0xDF5F, 0xD75F, 0xD75F, 0xD75F, 0xD75F, 0xD75F, 0xD75F, 0xD75F, 0xCF3F,
  0xC6FF, 0xBEDF, 0xBEDF, 0xBEFF, 0xBEFF, 0xB6DF, 0xB6BF, 0xAE9F, 0xAE9F, 0xAEBF, 0xAEBF, 0xAEBF,
  0xAEBF, 0xA67F, 0xA67F, 0xAE9F, 0xB6BF, 0xAEBF, 0xAE9F, 0xB6BF, 0xB6DF, 0xA69F, 0x9E5E, 0x961E,
  0x8DFD, 0x8DDD, 0x8DDD, 0x85DD, 0x85DD, 0x85DE, 0x85DE, 0x85DE, 0x85DE, 0x85DE, 0x85DE, 0x85DE,
  0x85DE, 0x85DE, 0x85DE, 0x85DE, 0x85DE, 0x85DE, 0x85DE, 0x85DE, 0x8DDE, 0x8DFE, 0x961F, 0x95FE,
  0x961F, 0x9E3F, 0x9E5F, 0x9E5F, 0x9E5F, 0xA67F, 0xA67F, 0xA67F, 0xA69F, 0xAE9F, 0xAEBF, 0xAEBF,
  0xAEBF, 0xAE9F, 0xB6BF, 0xB6BF, 0xB6BF, 0xBEDF, 0xBEDF, 0xBEFF, 0xC6FF, 0xC6FF, 0xCF1F, 0xD77F,
  0xDF7F, 0xD75F, 0xD75F, 0xDF7F, 0xDF5F, 0xDF5F, 0xDF5F, 0xDF5F, 0xDF5F, 0xD75F, 0xD75F, 0xD75F,
  0xDF7F, 0xDF7F, 0xE79F, 0xE7BF, 0xE79F, 0xE79F, 0xE79F, 0xE79F, 0xE79F, 0xE79F, 0xE79F, 0xE79F,
  0xE79F, 0xE79F, 0xE79F, 0xE79F, 0xE79F, 0xE79F, 0xE79F, 0xE79F, 0xE79F, 0xE79F, 0xE79F, 0xE79F,
  0xE77F, 0xE79F, 0xE79F, 0xE79F, 0xDF7F, 0xDF5F, 0xDF5F, 0xDF5F, 0xDF5F, 0xDF5F, 0xDF5F, 0xD75F,
  0xD75F, 0xD75F, 0xD77F, 0xD77F, 0xDF9F, 0xD75F, 0xC6FF, 0xC6DF, 0xC6FF, 0xC6FF, 0xBEDF, 0xBEDF,
  0xB6BF, 0xB6BF, 0xB69F, 0xAE9F, 0xAEBF, 0xAEBF, 0xAE9F, 0xA67F, 0xA67F, 0xA67F, 0xAE7F, 0xAEBF,
  0xAE9F, 0xAE7F, 0xA65E, 0xA65E, 0xAEBF, 0xA69F, 0x9E3E, 0x95FD, 0x8DDD, 0x8DDD, 0x85BD, 0x85BD,
  0x85BD, 0x85BD, 0x85BD, 0x85DE, 0x85DE, 0x85DE, 0x85DE, 0x85DE, 0x85DE, 0x85DE, 0x85DE, 0x85DE,
  0x85DE, 0x85DE, 0x85DE, 0x85BE, 0x85BE, 0x8DDE, 0x8DDE, 0x8DDE, 0x8DFE, 0x961F, 0x961F, 0x961F,
  0x9E5F, 0x9E5F, 0x9E5F, 0xA67F, 0xA67F, 0xA67F, 0xA69F, 0xAE9F, 0xAEBF, 0xAEBF, 0xAE9F, 0xB6BF,
  0xB6BF, 0xB6BF, 0xB6DF, 0xBEDF, 0xBEDF, 0xBEDE, 0xBEDF, 0xC6FF, 0xCF3F, 0xD73F, 0xD75F, 0xDF5F,
  0xDF5F, 0xDF5F, 0xDF5F, 0xDF5F, 0xDF5F, 0xD75F, 0xD75F, 0xD75F, 0xD75F, 0xDF7F, 0xE79F, 0xE7BF,
  0xE79F, 0xE79F, 0xE79F, 0xE79F, 0xE79F, 0xE79F, 0xE79F, 0xE79F, 0xE79F, 0xE79F, 0xE79F, 0xE79F,
  0xE79F, 0xE79F, 0xE79F, 0xE79F, 0xE79F, 0xE79F, 0xE79F, 0xE79F, 0xE79F, 0xE79F, 0xE79F, 0xE79F,
  0xDF7F, 0xDF5F, 0xDF5F, 0xDF5F, 0xDF5F, 0xDF5F, 0xDF5F, 0xD75F, 0xD75F, 0xD77F, 0xD77F, 0xD77F,
  0xD77F, 0xCF3F, 0xBEDF, 0xBEBF, 0xBEDF, 0xBEFF, 0xBEDF, 0xB6BF, 0xB6BF, 0xB69F, 0xAE9F, 0xAEBF,
  0xAEBF, 0xAEBF, 0xA69F, 0xA67F, 0xA67F, 0xAE9F, 0xAEBF, 0xAE9F, 0xAE7F, 0xA65E, 0xA63E, 0xA63D,
  0xA67F, 0xA67F, 0x9E5E, 0x9E3E, 0x9E3E, 0x9E3F, 0x9E3F, 0x961F, 0x8DDE, 0x85BD, 0x85BD, 0x85DE,
  0x8DDE, 0x85DE, 0x85DE, 0x85DE, 0x85DE, 0x85DE, 0x85DE, 0x85DE, 0x85DE, 0x85DE, 0x85DE, 0x85DE,
  0x85BE, 0x85BE, 0x85BE, 0x85BE, 0x85DE, 0x8DDE, 0x8DDE, 0x8DDE, 0x961F, 0x961F, 0x963F, 0x9E5F,
  0x9E5F, 0xA67F, 0xA67F, 0xA69F, 0xAE9F, 0xAE9F, 0xAE9F, 0xAEBF, 0xB6BF, 0xB6BF, 0xB6BF, 0xB6BF,
  0xB6BF, 0xC71F, 0xC6FF, 0xBEBE, 0xBEDE, 0xD77F, 0xDF9F, 0xD75F, 0xDF5F, 0xDF5F, 0xDF5F, 0xDF5F,
  0xDF5F, 0xD75F, 0xDF5F, 0xDF5F, 0xD75F, 0xDF5F, 0xDF7F, 0xE79F, 0xE79F, 0xE79F, 0xE79F, 0xE79F,
  0xE79F, 0xE79F, 0xE79F, 0xE79F, 0xE79F, 0xE79F, 0xE79F, 0xE79F, 0xE79F, 0xE79F, 0xE79F, 0xE79F,
  0xE79F, 0xE79F, 0xE79F, 0xE79F, 0xE7BF, 0xE79F, 0xE79F, 0xDF7F, 0xDF5F, 0xDF5F, 0xDF5F, 0xDF5F,
  0xDF5F, 0xDF5F, 0xDF5F, 0xD75F, 0xD75F, 0xD77F, 0xD77F, 0xCF5F, 0xC6FF, 0xC6FF, 0xBEDF, 0xBEDF,
  0xB6DF, 0xB6BF, 0xB6BF, 0xAE9F, 0xB6BF, 0xAE9F, 0xAE9F, 0xAE9F, 0xAE9F, 0xA69F, 0xA67F, 0xA67F,
  0xA67F, 0xAE9F, 0xAE9F, 0xA65E, 0x9E3E, 0xA65E, 0xAE5E, 0xA65E, 0xA65E, 0xA65E, 0xA67F, 0xA67F,
  0xA67F, 0xA67F, 0xA65F, 0xA67F, 0x8DDE, 0x85BD, 0x859D, 0x85BE, 0x85BE, 0x85BE, 0x85BE, 0x85BE,
  0x85BE, 0x85BE, 0x85BE, 0x85BE, 0x85BE, 0x85BE, 0x85BE, 0x85BE, 0x85DE, 0x85DE, 0x85BE, 0x85DE,
  0x85DE, 0x85DE, 0x85DE, 0x85DE, 0x85DE, 0x8DDE, 0x8DFE, 0x961F, 0x963F, 0x9E5F, 0x9E5F, 0xA67F,
  0xA67F, 0xA67F, 0xAE9F, 0xAEBF, 0xAEBF, 0xAEBF, 0xAEBF, 0xAEBF, 0xBEFF, 0xB6DF, 0xBEDF, 0xBEDF,
  0xC6FF, 0xCF1F, 0xD73F, 0xDF5F, 0xDF5F, 0xDF5F, 0xDF5F, 0xDF5F, 0xD75F, 0xD75F, 0xDF5F, 0xDF5F,
  0xDF5F, 0xDF5F, 0xDF7F, 0xDF7F, 0xE79F, 0xE79F, 0xE79F, 0xE79F, 0xE79F, 0xE79F, 0xE79F, 0xE79F,
  0xE79F, 0xE79F, 0xE79F, 0xE79F, 0xE79F, 0xE79F, 0xE79F, 0xE79F, 0xE79F, 0xE79F, 0xE79F, 0xE79F,
  0xE79F, 0xE79F, 0xDF7F, 0xDF5F, 0xDF5F, 0xDF5F, 0xDF5F, 0xDF5F, 0xDF5F, 0xDF5F, 0xDF5F, 0xD75F,
  0xD75F, 0xD77F, 0xD75F, 0xC71F, 0xBEDE, 0xBEDF, 0xBEFF, 0xBEDF, 0xB6BF, 0xAE9F, 0xAE9F, 0xAE9F,
  0xB69F, 0xAE9F, 0xAE9F, 0xA67F, 0xA67F, 0xA67F, 0xA65F, 0x9E5F, 0xA67F, 0xA65F, 0x9E3E, 0x9E1D,
  0x9E1D, 0xA63E, 0xA65E, 0xAE5E, 0xAE7E, 0xAE7E, 0xAE7F, 0xAE7F, 0xA67F, 0xA65F, 0xA65F, 0xA65F,
  0x95FE, 0x8DBE, 0x8DBE, 0x8DDE, 0x8DDE, 0x8DBE, 0x8DBE, 0x8DDE, 0x85DE, 0x85DE, 0x85DE, 0x85DE,
  0x85DE, 0x85DE, 0x85DE, 0x85DE, 0x85DE, 0x85DE, 0x85DE, 0x85DE, 0x85DE, 0x85BE, 0x85BE, 0x85BE,
  0x85BE, 0x85BE, 0x85DE, 0x8DDE, 0x8DFE, 0x961F, 0x9E3F, 0x9E5F, 0x9E5F, 0xA65F, 0xA67F, 0xAE9F,
  0xAE9F, 0xAEBF, 0xAEBF, 0xAEBF, 0xB6BF, 0xAE7E, 0xB69E, 0xC6FF, 0xC71F, 0xBEBE, 0xC6BE, 0xCF1F,
  0xD75F, 0xDF5F, 0xDF5F, 0xDF5F, 0xDF5F, 0xDF5F, 0xDF5F, 0xD75F, 0xDF5F, 0xDF5F, 0xDF5F, 0xDF7F,
  0xDF9F, 0xE79F, 0xE79F, 0xE79F, 0xE79F, 0xE79F, 0xE79F, 0xE79F, 0xE79F, 0xE79F, 0xE79F, 0xE79F,
  0xE79F, 0xE79F, 0xE79F, 0xE79F, 0xE79F, 0xE79F, 0xE79F, 0xE79F, 0xE79F, 0xDF7F, 0xDF5F, 0xDF5F,
  0xDF5F, 0xDF5F, 0xDF5F, 0xD75F, 0xD75F, 0xDF5F, 0xDF5F, 0xD75F, 0xD77F, 0xD77F, 0xCF3F, 0xBEDE,
  0xBEFF, 0xBEFF, 0xB6DF, 0xB6BF, 0xB6BF, 0xAEBF, 0xAEBF, 0xAEBF, 0xAE9F, 0xAE9F, 0xAE9F, 0xA69F,
  0xA67F, 0x9E5F, 0x9E3F, 0x9E3F, 0xA69F, 0x9E3E, 0x95FD, 0x9E1D, 0x9E3E, 0xA63E, 0xA65E, 0xAE5E,
  0xAE5E, 0xAE5E, 0xAE5E, 0xA65E, 0xA65E, 0xA65F, 0xA67F, 0xAE7F, 0x95FE, 0x8DBE, 0x859D, 0x8DBE,
  0x8DBE, 0x85BE, 0x85BE, 0x8DDE, 0x85BE, 0x85BE, 0x85BE, 0x85BE, 0x85BE, 0x85BE, 0x85BE, 0x85BE,
  0x85BE, 0x85BE, 0x85DE, 0x85DE, 0x85DE, 0x85DE, 0x85BE, 0x85DE, 0x85DE, 0x85BE, 0x85BD, 0x85BD,
  0x85BE, 0x8DDE, 0x961F, 0x963F, 0x9E3F, 0x9E5F, 0x9E5F, 0xA67F, 0xA69F, 0xAE9F, 0xAEBF, 0xAEBF,
  0xAE9E, 0xC71F, 0xCF7F, 0xCF3F, 0xCF3F, 0xD75F, 0xD73F, 0xC6DE, 0xD71F, 0xD73F, 0xD73F, 0xDF5F,
  0xDF5F, 0xDF5F, 0xDF5F, 0xDF5F, 0xDF7F, 0xDF5F, 0xD75F, 0xDF5F, 0xDF7F, 0xE79F, 0xE7BF, 0xE79F,
  0xE79F, 0xE79F, 0xE79F, 0xE79F, 0xE79F, 0xE79F, 0xE79F, 0xE79F, 0xE79F, 0xE79F, 0xE79F, 0xE79F,
  0xE79F, 0xE79F, 0xE79F, 0xE79F, 0xDF7F, 0xDF5F, 0xDF5F, 0xDF5F, 0xDF5F, 0xDF5F, 0xDF5F, 0xDF7F,
  0xD75F, 0xD77F, 0xD77F, 0xD77F, 0xCF3F, 0xC6FF, 0xC6DF, 0xBEDF, 0xBEDF, 0xB6BF, 0xB69F, 0xB6BF,
  0xB6BF, 0xB6BF, 0xAEBF, 0xAE9F, 0xA67F, 0xA69F, 0xA67F, 0x9E5F, 0x9E3F, 0x961E, 0x95FE, 0x9E3F,
  0x9E1E, 0x9E1E, 0x9E1E, 0x9E3E, 0x9E1E, 0x9E1D, 0x9E1D, 0xA63E, 0xAE7E, 0xAE5E, 0xAE5E, 0xAE5E,
  0xAE7F, 0xAE7F, 0xA65F, 0x9E3F, 0x8D9D, 0x8DBD, 0x8DBE, 0x8DDE, 0x85BE, 0x85BE, 0x85BE, 0x85DE,
  0x85BE, 0x85BE, 0x85BE, 0x85BE, 0x85BE, 0x85BE, 0x85BE, 0x85BE, 0x85BE, 0x85BE, 0x85BE, 0x85DE,
  0x85DE, 0x85DE, 0x85DE, 0x85DE, 0x85BD, 0x85DD, 0x85DD, 0x85BE, 0x85BE, 0x85BE, 0x85DE, 0x8DFE,
  0x8E1F, 0x8E1F, 0x965F, 0x965F, 0xA6BF, 0xA67F, 0xAE9F, 0xAE9F, 0xBEFF, 0xC73F, 0xCF3F, 0xCF3F,
  0xDF7F, 0xE7BF, 0xE79F, 0xD73F, 0xC6BD, 0xD71F, 0xDF5F, 0xD75F, 0xD75F, 0xDF5F, 0xDF7F, 0xD75F,
  0xD75F, 0xD75F, 0xD75F, 0xD75F, 0xD75F, 0xDF7F, 0xE79F, 0xE7BF, 0xE79F, 0xE79F, 0xE79F, 0xE79F,
  0xE79F, 0xE79F, 0xE79F, 0xE79F, 0xE79F, 0xE79F, 0xE79F, 0xE79F, 0xE79F, 0xE79F, 0xE79F, 0xE79F,
  0xDF5F, 0xDF5F, 0xDF5F, 0xDF5F, 0xDF5F, 0xDF5F, 0xDF5F, 0xDF5F, 0xD75F, 0xD77F, 0xD77F, 0xCF3F,
  0xC6FF, 0xC6FF, 0xC6DF, 0xBEDF, 0xBEBF, 0xB6BF, 0xB69F, 0xAE9F, 0xAEBF, 0xAEBF, 0xAE9F, 0xA69F,
  0xA67F, 0xA69F, 0x9E5F, 0x961E, 0x961E, 0x961E, 0x95FE, 0x9E1E, 0x961E, 0x95FD, 0x9DFD, 0x9E1E,
  0x9E1E, 0x9DFD, 0x9E1E, 0xA63E, 0xA63E, 0xA63E, 0xA63E, 0xA65E, 0xA65E, 0xA65F, 0xA65F, 0xA65F,
  0x961E, 0x8DDE, 0x85BD, 0x85BE, 0x85DE, 0x85BE, 0x85BE, 0x85BE, 0x85BE, 0x85BE, 0x85BE, 0x85BE,
  0x85BE, 0x85BE, 0x85BE, 0x85BE, 0x85BE, 0x85BE, 0x85BE, 0x85BE, 0x85BE, 0x85BE, 0x85BE, 0x85DE,
  0x85DD, 0x85DD, 0x85DD, 0x85BE, 0x85BE, 0x85BE, 0x85DE, 0x85DF, 0x7D9D, 0x8E1F, 0x8E3F, 0x8E1E,
  0x9E5F, 0xA67F, 0xA67F, 0xAE9F, 0xCF5F, 0xC6FF, 0xBE9D, 0xBE9D, 0xD73E, 0xE7BF, 0xE7BF, 0xDF7F,
  0xDF5F, 0xCEFE, 0xCEFE, 0xDF7F, 0xDF9F, 0xD75F, 0xD73F, 0xDF7F, 0xD75F, 0xD75F, 0xD77F, 0xD75F,
  0xD75F, 0xDF5F, 0xDF7F, 0xE79F, 0xE79F, 0xE79F, 0xE79F, 0xE79F, 0xE79F, 0xE79F, 0xE79F, 0xE79F,
  0xE79F, 0xE79F, 0xE79F, 0xE79F, 0xE79F, 0xE79F, 0xE77F, 0xDF7F, 0xDF5F, 0xDF5F, 0xDF5F, 0xDF5F,
  0xDF5F, 0xDF5F, 0xDF5F, 0xD75F, 0xD75F, 0xD79F, 0xD75F, 0xC6FE, 0xBEDE, 0xC6DF, 0xBEDF, 0xBEBF,
  0xB6BF, 0xB69F, 0xAE9F, 0xAE9F, 0xAE9F, 0xAE9F, 0xA69F, 0xA67F, 0x9E5F, 0x9E5F, 0x961E, 0x8DDE,
  0x961E, 0x961E, 0x961E, 0x961E, 0x9E3E, 0x9E1E, 0x9E1E, 0x9E1E, 0x9E1E, 0x9E1E, 0x9E3E, 0xA65E,
  0xAE9F, 0xAE9F, 0xAE9F, 0xAE7F, 0xA65F, 0xA65F, 0xA65F, 0xA65F, 0x9E5F, 0x95FE, 0x859D, 0x85BD,
  0x8DDE, 0x85DE, 0x85BE, 0x85BE, 0x85BE, 0x85BE, 0x85BE, 0x85BE, 0x85BE, 0x85BE, 0x85BE, 0x85BE,
  0x85BE, 0x85BE, 0x85BE, 0x85BE, 0x85BE, 0x85BE, 0x85BE, 0x85BE, 0x85DE, 0x85DE, 0x85DE, 0x85DD,
  0x85BD, 0x85BD, 0x85DE, 0x85DE, 0x85DE, 0x8DFF, 0x85BE, 0x963F, 0x9E3F, 0xA65E, 0xAE7E, 0xC75F,
  0xC71F, 0xBEBE, 0xBE9C, 0xC6BD, 0xD73E, 0xE79F, 0xE79F, 0xE79F, 0xE7BF, 0xCEFE, 0xC6BD, 0xD73F,
  0xDF7F, 0xD75F, 0xD73F, 0xDF7F, 0xD75F, 0xD75F, 0xD77F, 0xD75F, 0xD75F, 0xDF5F, 0xDF7F, 0xE77F,
  0xE79F, 0xE79F, 0xE79F, 0xE79F, 0xE79F, 0xE79F, 0xE79F, 0xE79F, 0xE79F, 0xE79F, 0xE79F, 0xE79F,
  0xE79F, 0xE79F, 0xDF7F, 0xDF5F, 0xDF5F, 0xDF5F, 0xDF5F, 0xDF5F, 0xDF5F, 0xDF5F, 0xDF5F, 0xD75F,
  0xD77F, 0xD77F, 0xCF3F, 0xC6FE, 0xBEDE, 0xBEDF, 0xBEDF, 0xB6BF, 0xB69F, 0xAE9F, 0xAE9F, 0xAE9F,
  0xAE9F, 0xA67F, 0xA67F, 0x9E5F, 0x9E3F, 0x95FE, 0x8DDD, 0x8DDE, 0x9E3F, 0x9E3F, 0x961F, 0x961E,
  0x9E1E, 0x9E1E, 0x961E, 0x95FE, 0x961E, 0x9E1E, 0x9E1E, 0x9E3E, 0x9E3E, 0xA63E, 0xA65E, 0xA65F,
  0xA67F, 0xA67F, 0xA67F, 0xA67F, 0xA67F, 0x8DFE, 0x859D, 0x85BD, 0x8DDE, 0x85DE, 0x85BE, 0x85BE,
  0x85BE, 0x85BE, 0x85BE, 0x85BE, 0x85BE, 0x85BE, 0x85BE, 0x85BE, 0x85BE, 0x85BE, 0x85BE, 0x85BE,
  0x85BE, 0x85BE, 0x85BE, 0x85BE, 0x85BF, 0x85DF, 0x85DE, 0x85DD, 0x85DD, 0x85DD, 0x85DD, 0x85BE,
  0x85DE, 0x7D7D, 0x859E, 0x95FF, 0x95FE, 0x9E1D, 0xAE9E, 0xC73F, 0xB69D, 0xBE9D, 0xC6BD, 0xD73E,
  0xE79F, 0xE79F, 0xE79F, 0xE79F, 0xE79F, 0xD73F, 0xC6DE, 0xC6DE, 0xCF1F, 0xDF7F, 0xDF7F, 0xD75F,
  0xD75F, 0xD75F, 0xDF7F, 0xD75F, 0xD75F, 0xDF5F, 0xDF5F, 0xDF5F, 0xE79F, 0xE79F, 0xE79F, 0xE79F,
  0xE79F, 0xE79F, 0xE79F, 0xE79F, 0xE79F, 0xE79F, 0xE79F, 0xE79F, 0xE79F, 0xE77F, 0xDF5F, 0xDF3F,
  0xDF5F, 0xDF5F, 0xD75F, 0xD75F, 0xDF5F, 0xDF5F, 0xDF5F, 0xD77F, 0xD77F, 0xCF3F, 0xC6FF, 0xC6FF,
  0xBEFF, 0xBEDF, 0xB6BF, 0xB69F, 0xAE9F, 0xAEBF, 0xAEBF, 0xAE9F, 0xA69F, 0xA67F, 0x9E5F, 0x9E3F,
  0x961F, 0x8DDE, 0x85BD, 0x961F, 0xA67F, 0x9E5F, 0x961F, 0x9E3F, 0x9E3F, 0x961E, 0x961E, 0x961E,
  0x961E, 0x9E3E, 0x9E3F, 0x9E3F, 0x9E3E, 0x9E3E, 0x9E3E, 0xA65F, 0xA67F, 0xA67F, 0x9E5F, 0x9E3F,
  0x9E3F, 0x8DDE, 0x85BD, 0x85BE, 0x8DDE, 0x85BE, 0x85BE, 0x85DE, 0x85BE, 0x85BE, 0x85BE, 0x85BE,
  0x85BE, 0x85BE, 0x85BE, 0x85BE, 0x85BE, 0x85BE, 0x85BE, 0x85BE, 0x85BE, 0x85BE, 0x85BE, 0x85BE,
  0x85BF, 0x85BF, 0x85BE, 0x85DE, 0x85DD, 0x85DD, 0x85DD, 0x85BD, 0x8DFF, 0x857D, 0x95FF, 0x855C,
  0x8D7B, 0xA61D, 0xCF5F, 0xC6DE, 0xBEBD, 0xBE9C, 0xC6BD, 0xD73F, 0xE79F, 0xEFBF, 0xE79F, 0xE77F,
  0xE79F, 0xDF7F, 0xD73F, 0xC6DE, 0xC6DE, 0xD73F, 0xDF7F, 0xD75F, 0xD75F, 0xD75F, 0xD75F, 0xDF5F,
  0xDF5F, 0xDF5F, 0xDF5F, 0xDF5F, 0xDF7F, 0xE79F, 0xE79F, 0xE79F, 0xE79F, 0xE79F, 0xE79F, 0xE79F,
  0xE79F, 0xE79F, 0xE79F, 0xE79F, 0xE77F, 0xDF7F, 0xDF5F, 0xDF3F, 0xDF5F, 0xDF5F, 0xD75F, 0xD75F,
  0xD75F, 0xDF5F, 0xD77F, 0xD77F, 0xCF5F, 0xC6FF, 0xBEDE, 0xBEFF, 0xBEFF, 0xB6DF, 0xAE9E, 0xAEBF,
  0xAEBF, 0xAE9F, 0xAE9F, 0xA67F, 0xA67F, 0x9E5F, 0x961F, 0x961F, 0x8DFE, 0x85BD, 0x85BD, 0x961F,
  0x9E5F, 0x961F, 0x8DDE, 0x95FE, 0x961E, 0x961E, 0x961E, 0x95FE, 0x961E, 0x9E3F, 0x9E3F, 0x9E3F,
  0xA65F, 0x9E5F, 0x9E3F, 0x9E3F, 0x9E3F, 0x961E, 0x8DFE, 0x85BD, 0x8DDE, 0x8DDE, 0x85BE, 0x85DE,
  0x85DE, 0x85BE, 0x85BE, 0x85DE, 0x85BE, 0x85BE, 0x85BE, 0x85BE, 0x85BE, 0x85BE, 0x85BE, 0x85BE,
  0x85BE, 0x85BE, 0x85BE, 0x85BE, 0x85BE, 0x85BE, 0x85BE, 0x85DE, 0x7DBF, 0x7DDF, 0x85DE, 0x85DE,
  0x85DD, 0x8DDD, 0x8DBD, 0x8DBD, 0x859D, 0x7D5B, 0xA65F, 0x95DD, 0xA61D, 0xB65D, 0xD77F, 0xBE7C,
  0xBE9C, 0xC6BD, 0xCEFE, 0xDF7F, 0xE79F, 0xE79F, 0xE79F, 0xE79F, 0xE7BF, 0xE79F, 0xDF5F, 0xCF1F,
  0xC6DE, 0xC6DE, 0xCF1E, 0xD75F, 0xDF5F, 0xDF5F, 0xDF5F, 0xDF5F, 0xDF5F, 0xDF5F, 0xDF5F, 0xDF5F,
  0xDF7F, 0xDF7F, 0xE79F, 0xE79F, 0xE79F, 0xE79F, 0xE79F, 0xE79F, 0xE79F, 0xE79F, 0xE79F, 0xE79F,
  0xDF7F, 0xDF5F, 0xDF5F, 0xDF5F, 0xDF5F, 0xDF5F, 0xD75F, 0xD75F, 0xD77F, 0xD75F, 0xD75F, 0xD75F,
  0xC71F, 0xBEFF, 0xBEDF, 0xBEDF, 0xB6DF, 0xB6BE, 0xAE9E, 0xAEBF, 0xAEBF, 0xA69F, 0xA67F, 0x9E5F,
  0x9E5F, 0x961F, 0x8DFF, 0x8DDE, 0x85BE, 0x85BE, 0x85BD, 0x85BE, 0x8DFE, 0x8DDE, 0x85BD, 0x8DDE,
  0x85BD, 0x85BD, 0x85BD, 0x85BD, 0x8DBD, 0x8DDE, 0x8DDE, 0x8DBD, 0x8DBD, 0x8DBD, 0x8DBD, 0x8DDD,
  0x8DDD, 0x8DDD, 0x85BD, 0x859D, 0x85BD, 0x8DDE, 0x8DDE, 0x85BE, 0x85BE, 0x85DE, 0x85DE, 0x85BE,
  0x85BE, 0x85BE, 0x85BE, 0x85BE, 0x85BE, 0x85BE, 0x85BE, 0x85BE, 0x85BE, 0x85BE, 0x85BE, 0x85BE,
  0x85BE, 0x85BE, 0x85BE, 0x85DE, 0x85DE, 0x7DDE, 0x85DE, 0x85DE, 0x8DDE, 0x8DBE, 0x8DBD, 0x8D9C,
  0x95FD, 0xA65E, 0xCF7F, 0xD79F, 0xDFBF, 0xCF3F, 0xD75F, 0xC69D, 0xC6BD, 0xCF1E, 0xDF7F, 0xE7BF,
  0xE79F, 0xE77F, 0xE77F, 0xE79F, 0xE79F, 0xE79F, 0xDF9F, 0xDF7F, 0xD73F, 0xCEFE, 0xD71F, 0xDF7F,
  0xDF5F, 0xDF5F, 0xDF5F, 0xDF5F, 0xDF5F, 0xDF5F, 0xDF5F, 0xDF5F, 0xDF5F, 0xDF5F, 0xDF7F, 0xE77F,
  0xE79F, 0xE79F, 0xE79F, 0xE79F, 0xDF7F, 0xE79F, 0xE7BF, 0xE79F, 0xDF7F, 0xDF5F, 0xDF5F, 0xDF5F,
  0xD73F, 0xD75F, 0xD75F, 0xD77F, 0xD77F, 0xD75F, 0xD75F, 0xCF3F, 0xBEDF, 0xBEFF, 0xBEFF, 0xB6DF,
  0xB6BE, 0xAE9E, 0xAEBF, 0xAEBF, 0xAEBF, 0xA69F, 0x9E5F, 0x9E3F, 0x963F, 0x961F, 0x8DDE, 0x859E,
  0x859D, 0x8DDE, 0x85DE, 0x859D, 0x859D, 0x85DE, 0x8DDE, 0x85DE, 0x85BE, 0x8DDE, 0x85BD, 0x85BD,
  0x85BD, 0x8DDD, 0x8DBD, 0x859D, 0x85BD, 0x8DDD, 0x8DDE, 0x8DDD, 0x85DD, 0x85BD, 0x85BD, 0x85BE,
  0x85BD, 0x8DDE, 0x8DDE, 0x85BE, 0x85BE, 0x8DDE, 0x85DE, 0x85BE, 0x85BE, 0x85BE, 0x85BE, 0x85BE,
  0x85BE, 0x85BE, 0x85BE, 0x85BE, 0x85BE, 0x85BE, 0x85BE, 0x85BE, 0x85BE, 0x85BE, 0x85BE, 0x85DE,
  0x85DE, 0x85DD, 0x85DD, 0x85DE, 0x8DBE, 0x8DBD, 0x8D9D, 0x8D9C, 0xB6DF, 0xCF7F, 0xCF9F, 0xBEBE,
  0xBEBD, 0xC6BE, 0xCEDE, 0xC69D, 0xDF7F, 0xDF7F, 0xE77F, 0xE79F, 0xEF9F, 0xEF9F, 0xE79F, 0xE77F,
  0xDF7F, 0xE79F, 0xE7BF, 0xE7BF, 0xDF9F, 0xDF7F, 0xE79F, 0xE79F, 0xDF5F, 0xDF5F, 0xDF5F, 0xDF5F,
  0xDF5F, 0xDF5F, 0xDF5F, 0xDF5F, 0xDF5F, 0xDF5F, 0xDF7F, 0xE77F, 0xE79F, 0xE79F, 0xE79F, 0xE77F,
  0xE79F, 0xE79F, 0xE79F, 0xDF7F, 0xDF5F, 0xDF3F, 0xDF5F, 0xDF5F, 0xD75F, 0xDF7F, 0xDF7F, 0xD75F,
  0xD77F, 0xD77F, 0xCF3F, 0xBEDE, 0xBEFF, 0xBEDF, 0xBEDF, 0xB6BF, 0xB6BF, 0xAEBF, 0xAEBF, 0xAEBF,
  0xA69F, 0x9E7F, 0x9E5F, 0x961F, 0x8DFE, 0x8DDE, 0x8DBE, 0x85BE, 0x85BE, 0x85BE, 0x85BE, 0x85BE,
  0x85BE, 0x85BE, 0x85BE, 0x85BE, 0x85BE, 0x85BE, 0x85BE, 0x85BE, 0x85BE, 0x85BE, 0x85BE, 0x85BE,
  0x85BE, 0x85BE, 0x85BE, 0x85DE, 0x85DE, 0x85DE, 0x85DE, 0x85DE, 0x85BE, 0x85BE, 0x85BE, 0x85BE,
  0x85BE, 0x85BE, 0x85BE, 0x85BE, 0x85BE, 0x85BE, 0x85BE, 0x85BE, 0x85BE, 0x85BE, 0x85BE, 0x85BE,
  0x85BE, 0x85BE, 0x85BE, 0x85BE, 0x85BE, 0x85BE, 0x85BE, 0x85DE, 0x7DDD, 0x7DDD, 0x8E1E, 0x85BD,
  0x859C, 0x95DD, 0x8D9C, 0x95BB, 0xC71F, 0xBEFF, 0xB6BD, 0xBEBD, 0xBEBD, 0xC6BD, 0xCEFE, 0xDF7F,
  0xE79F, 0xE79F, 0xE79F, 0xE77F, 0xE79F, 0xE79F, 0xE77F, 0xDF3E, 0xC69C, 0xD75F, 0xE7BF, 0xE7BF,
  0xDF7F, 0xE79F, 0xE79F, 0xE79F, 0xDF7F, 0xDF7F, 0xDF5F, 0xDF5F, 0xDF7F, 0xDF7F, 0xDF5F, 0xD75F,
  0xDF5F, 0xDF3F, 0xDF5F, 0xE77F, 0xE79F, 0xE79F, 0xE77F, 0xE79F, 0xE79F, 0xE79F, 0xDF7F, 0xDF7F,
  0xDF5F, 0xDF5F, 0xDF5F, 0xDF5F, 0xDF5F, 0xD75F, 0xD75F, 0xD77F, 0xD77F, 0xCF5F, 0xC71F, 0xBEDF,
  0xBEDF, 0xBEDF, 0xB6BF, 0xB6BF, 0xAEBF, 0xAE9F, 0xA69F, 0xA69F, 0x9E7F, 0x9E5F, 0x963F, 0x8DFE,
  0x8DDE, 0x85BE, 0x85BE, 0x85BE, 0x85BE, 0x85BE, 0x85BE, 0x85BE, 0x85BE, 0x85BE, 0x85BE, 0x85BE,
  0x85BE, 0x85BE, 0x85BE, 0x85BE, 0x85BE, 0x85BE, 0x85BE, 0x85BE, 0x85DE, 0x85DE, 0x85DE, 0x85DE,
  0x85DE, 0x85DE, 0x85DE, 0x85DE, 0x85BE, 0x85BE, 0x85BE, 0x85BE, 0x85BE, 0x85BE, 0x85BE, 0x85BE,
  0x85BE, 0x85BE, 0x85BE, 0x85BE, 0x85BE, 0x85BE, 0x85BE, 0x85BE, 0x85BE, 0x85BE, 0x85BE, 0x85BE,
  0x85BE, 0x85BE, 0x85BE, 0x85DE, 0x85DD, 0x85FD, 0x85BC, 0x857B, 0x95FD, 0x95BC, 0x8D5A, 0xAE5D,
  0xD79F, 0xC71F, 0xBEDD, 0xBE9D, 0xBEBC, 0xCEDD, 0xDF5F, 0xE7BF, 0xE79F, 0xE79F, 0xE79F, 0xE79F,
  0xE79F, 0xE77F, 0xD71D, 0xC6BC, 0xC69C, 0xCEFE, 0xDF7F, 0xDF9F, 0xE79F, 0xE7BF, 0xE79F, 0xE77F,
  0xE79F, 0xDF7F, 0xDF5F, 0xDF5F, 0xDF5F, 0xDF5F, 0xDF5F, 0xD75F, 0xDF5F, 0xDF5F, 0xDF5F, 0xDF7F,
  0xE79F, 0xE79F, 0xE79F, 0xE79F, 0xE7BF, 0xDF9F, 0xDF7F, 0xDF5F, 0xDF5F, 0xDF5F, 0xDF5F, 0xDF5F,
  0xDF7F, 0xD73F, 0xD75F, 0xD77F, 0xD75F, 0xC6FF, 0xBEDE, 0xBEFF, 0xBEDF, 0xB6BF, 0xB6BF, 0xB6BF,
  0xAEBF, 0xAE9F, 0xA69F, 0xA69F, 0x9E7F, 0x963F, 0x8E1E, 0x85DE, 0x85BE, 0x85BE, 0x85BE, 0x85BE,
  0x85BE, 0x85BE, 0x85BE, 0x85BE, 0x85BE, 0x85BE, 0x85BE, 0x85BE, 0x85BE, 0x85BE, 0x85BE, 0x85BE,
  0x85BE, 0x85BE, 0x85BE, 0x85BE, 0x85DE, 0x85DE, 0x85DE, 0x85DE, 0x85DE, 0x85DE, 0x85DE, 0x85BE,
  0x85BE, 0x85BE, 0x85BE, 0x85BE, 0x85BE, 0x85BE, 0x85BE, 0x85BE, 0x85BE, 0x85BE, 0x85BE, 0x85BE,
  0x85BE, 0x85BE, 0x85BE, 0x85BE, 0x85BE, 0x85BE, 0x85BE, 0x85BE, 0x85BE, 0x85BE, 0x85BE, 0x85DE,
  0x85DD, 0x7D7B, 0x8DBC, 0xA67E, 0xC77F, 0xD79F, 0xCF5F, 0xD79F, 0xCF3F, 0xBEDE, 0xBEBE, 0xBEBD,
  0xC6BD, 0xD73E, 0xE7BF, 0xE7BF, 0xDF9F, 0xE79F, 0xE79F, 0xE79F, 0xE79F, 0xDF5F, 0xCEDD, 0xBE7B,
  0xC6BD, 0xCEFE, 0xD75F, 0xE79F, 0xE7BF, 0xE79F, 0xE79F, 0xE7BF, 0xE79F, 0xE77F, 0xDF5F, 0xDF5F,
  0xDF5F, 0xDF5F, 0xDF5F, 0xDF5F, 0xD75F, 0xDF5F, 0xDF5F, 0xDF5F, 0xE77F, 0xE79F, 0xE79F, 0xE79F,
  0xE7BF, 0xDF9F, 0xDF5F, 0xDF5F, 0xDF5F, 0xDF5F, 0xDF5F, 0xDF5F, 0xDF5F, 0xD75F, 0xD75F, 0xD77F,
  0xCF3F, 0xBEDF, 0xBEDE, 0xBEFF, 0xBEBF, 0xB6BF, 0xB6BF, 0xAEBF, 0xAE9F, 0xA69F, 0xA69F, 0x9E7F,
  0x965F, 0x961F, 0x8DDE, 0x85BE, 0x85BE, 0x85BE, 0x85BE, 0x85BE, 0x85BE, 0x85BE, 0x85BE, 0x85BE,
  0x85BE, 0x85BE, 0x85BE, 0x85BE, 0x85BE, 0x85BE, 0x85BE, 0x85BE, 0x85BE, 0x85BE, 0x85BE, 0x85BE,
  0x85DE, 0x85DE, 0x85DE, 0x85DE, 0x85DE, 0x85DE, 0x85BE, 0x85BE, 0x85BE, 0x85BE, 0x85BE, 0x85DE,
  0x85DE, 0x85DE, 0x85DE, 0x85BE, 0x85BE, 0x85BE, 0x85BE, 0x85BE, 0x85BE, 0x85BE, 0x85BE, 0x85BE,
  0x85BE, 0x85BE, 0x85BE, 0x85BE, 0x85BE, 0x85BE, 0x85BE, 0x85BE, 0x85BD, 0x9E3E, 0xB6FF, 0xC73F,
  0xBEFF, 0xC6FE, 0xC6FE, 0xBEDE, 0xBEDE, 0xB67D, 0xBE9E, 0xC6BE, 0xC6DE, 0xD75F, 0xEFDF, 0xE79F,
  0xE7BF, 0xE79F, 0xE79F, 0xE79F, 0xEFBF, 0xE79F, 0xD71E, 0xCEBD, 0xBE9C, 0xBE9C, 0xC6DD, 0xCF1E,
  0xCEDE, 0xC6BD, 0xD6FE, 0xE79F, 0xE79F, 0xE79F, 0xDF7F, 0xDF5F, 0xDF5F, 0xDF5F, 0xDF5F, 0xDF5F,
  0xD75F, 0xDF5F, 0xDF5F, 0xDF5F, 0xDF5F, 0xE77F, 0xEF9F, 0xE79F, 0xDF9F, 0xDF7F, 0xD75F, 0xD75F,
  0xDF5F, 0xDF5F, 0xDF5F, 0xD75F, 0xD75F, 0xDF7F, 0xD77F, 0xCF3F, 0xC6FF, 0xBEDF, 0xBEDF, 0xBEDF,
  0xB6BF, 0xB69F, 0xB69F, 0xAE9F, 0xAE9F, 0xA67F, 0x9E7F, 0x9E5F, 0x961F, 0x8DFF, 0x85DE, 0x85BE,
  0x85BE, 0x85BE, 0x85DE, 0x85BE, 0x85BE, 0x85BE, 0x85BE, 0x85BE, 0x85BE, 0x85BE, 0x85BE, 0x85BE,
  0x85BE, 0x85BE, 0x85BE, 0x85BE, 0x85BE, 0x85BE, 0x85BE, 0x85BE, 0x85BE, 0x85DE, 0x85DE, 0x85DE,
  0x85DE, 0x85BE, 0x85BE, 0x85BE, 0x85BE, 0x85BE, 0x85DE, 0x85DE, 0x85DE, 0x85DE, 0x85DE, 0x85DE,
  0x85BE, 0x85BE, 0x85BE, 0x85BE, 0x85BE, 0x85BE, 0x85BE, 0x85BE, 0x85BE, 0x85BE, 0x85BE, 0x85BE,
  0x85BE, 0x85BE, 0x85BE, 0x85BE, 0x857C, 0xB6FF, 0xC73F, 0xBEDF, 0xBEFE, 0xBEBD, 0xBE9C, 0xC6FE,
  0xC6DE, 0xBE9E, 0xBEBE, 0xC6BE, 0xC6BD, 0xD75F, 0xE7DF, 0xDF9F, 0xE7BF, 0xDF9F, 0xDF7F, 0xE79F,
  0xEFBF, 0xEFBF, 0xE77F, 0xDF5F, 0xCEFE, 0xC6BD, 0xC6BD, 0xC6BD, 0xC69C, 0xC67C, 0xD6FD, 0xEFBF,
  0xE79F, 0xE79F, 0xE79F, 0xE79F, 0xDF7F, 0xDF5F, 0xDF5F, 0xDF5F, 0xD75F, 0xDF5F, 0xDF5F, 0xDF3F,
  0xDF5F, 0xE77F, 0xE79F, 0xE79F, 0xDF9F, 0xDF7F, 0xD75F, 0xD75F, 0xDF5F, 0xDF5F, 0xDF5F, 0xD75F,
  0xD75F, 0xDF7F, 0xD77F, 0xCF1F, 0xBEDF, 0xBEFF, 0xBEDF, 0xB6BF, 0xB6BF, 0xB6BF, 0xB69F, 0xAE9F,
  0xA69F, 0xA67F, 0x9E5F, 0x963F, 0x8DFF, 0x8DDF, 0x85DE, 0x85BE, 0x85BE, 0x85DE, 0x85DE, 0x85DE,
  0x85BE, 0x85BE, 0x85BE, 0x85BE, 0x85BE, 0x85BE, 0x85BE, 0x85BE, 0x85BE, 0x85BE, 0x85BE, 0x85BE,
  0x85BE, 0x85BE, 0x85BE, 0x85BE, 0x85BE, 0x85BE, 0x85BE, 0x85BE, 0x85BE, 0x85BE, 0x85BE, 0x85BE,
  0x85BE, 0x85DE, 0x85DE, 0x85DE, 0x85DE, 0x85DE, 0x85DE, 0x85DE, 0x85DE, 0x85BE, 0x85BE, 0x85BE,
  0x85BE, 0x85BE, 0x85BE, 0x85BE, 0x85BE, 0x85BE, 0x85BE, 0x85BE, 0x85BE, 0x85BE, 0x85BE, 0x8DBD,
  0x95DD, 0xB6BF, 0xB6BF, 0xB69E, 0xC6DE, 0xBEBD, 0xBE9D, 0xBE7C, 0xC6BE, 0xBE9E, 0xC6BE, 0xC6BE,
  0xBEBE, 0xC6FE, 0xCF3F, 0xCEFE, 0xCF1E, 0xCEFE, 0xCF1E, 0xD75F, 0xE77F, 0xE79F, 0xE7BF, 0xE7BF,
  0xD73F, 0xC6DD, 0xBE7C, 0xBE7C, 0xC69D, 0xCEBD, 0xD71E, 0xE77F, 0xE79F, 0xE79F, 0xE79F, 0xE79F,
  0xDF7F, 0xDF5F, 0xDF5F, 0xD75F, 0xD75F, 0xDF5F, 0xDF5F, 0xDF5F, 0xDF3F, 0xE75F, 0xE77F, 0xE79F,
  0xDF7F, 0xDF7F, 0xD75F, 0xD75F, 0xDF5F, 0xDF5F, 0xDF5F, 0xD75F, 0xD75F, 0xD77F, 0xD75F, 0xC6FF,
  0xBEDF, 0xBEFF, 0xBEDF, 0xB6BE, 0xB6BF, 0xB6BF, 0xB6BF, 0xAE9F, 0xA67F, 0x9E5F, 0x963F, 0x961F,
  0x8DDE, 0x85DE, 0x85DE, 0x85DE, 0x85BE, 0x85BE, 0x85BE, 0x85BE, 0x85BE, 0x85BE, 0x85BE, 0x85BE,
  0x85BE, 0x85BE, 0x85BE, 0x85BE, 0x85BE, 0x85BE, 0x85BE, 0x85BE, 0x85BE, 0x85BE, 0x85BE, 0x85BE,
  0x85BE, 0x85BE, 0x85BE, 0x85BE, 0x85BE, 0x85DE, 0x85BE, 0x85BE, 0x85BE, 0x85DE, 0x85DE, 0x85DE,
  0x85DE, 0x85DE, 0x85DE, 0x85DE, 0x85DE, 0x85BE, 0x85BE, 0x85BE, 0x85BE, 0x85BE, 0x85BE, 0x85BE,
  0x85BE, 0x85BE, 0x85BE, 0x85BE, 0x85BE, 0x85BE, 0x85BE, 0x8DBD, 0x8D9B, 0xAE5D, 0xBEDF, 0xC6FF,
  0xBE9E, 0xBE7E, 0xCEFF, 0xC6BE, 0xBE7D, 0xBE9D, 0xBEBD, 0xBEBE, 0xBEBE, 0xBEBE, 0xBE9E, 0xBE7D,
  0xBE9D, 0xBE9C, 0xC6BC, 0xCEDD, 0xCEFE, 0xD73E, 0xDF7F, 0xE7BF, 0xE7BF, 0xDF7F, 0xD73F, 0xD73F,
  0xDF5F, 0xE77F, 0xE79F, 0xEF9F, 0xE79F, 0xE79F, 0xE79F, 0xE79F, 0xDF7F, 0xDF5F, 0xD75F, 0xDF5F,
  0xDF5F, 0xDF5F, 0xDF5F, 0xDF5F, 0xDF5F, 0xDF5F, 0xE77F, 0xE79F, 0xDF7F, 0xD75F, 0xD75F, 0xDF5F,
  0xDF5F, 0xDF5F, 0xDF5F, 0xD75F, 0xD75F, 0xD75F, 0xCF3F, 0xC6FE, 0xBEDE, 0xBEDF, 0xBEDE, 0xB69E,
  0xBEBE, 0xB6BE, 0xB69E, 0xAE9E, 0xA65E, 0x9E3E, 0x95FE, 0x8DDE, 0x85BD, 0x85BE, 0x85DE, 0x85DE,
  0x85DE, 0x85BE, 0x85BE, 0x85BE, 0x85BE, 0x85BE, 0x85BE, 0x85BE, 0x85BE, 0x85BE, 0x85BE, 0x85BE,
  0x85BE, 0x85BE, 0x85BE, 0x85BE, 0x85BE, 0x85BE, 0x85BE, 0x85BE, 0x85BE, 0x85BE, 0x85BE, 0x85BE,
  0x85BE, 0x85DE, 0x85BE, 0x85BE, 0x85BE, 0x85BE, 0x85DE, 0x85DE, 0x85DE, 0x85DE, 0x85DE, 0x85DE,
  0x85BE, 0x85BE, 0x85BE, 0x85BE, 0x85BE, 0x85BE, 0x85BE, 0x85BE, 0x85BE, 0x85BE, 0x85BE, 0x85BE,
  0x85BE, 0x85BE, 0x85BE, 0x8DBD, 0x95BB, 0xBEDF, 0xB6BF, 0xB67E, 0xBEBF, 0xBE9E, 0xBE9E, 0xBE7D,
  0xC6BE, 0xC6BD, 0xBE9D, 0xBE9D, 0xBEBE, 0xBEBE, 0xBE9E, 0xC6BE, 0xC6BE, 0xBEBD, 0xBE9D, 0xBE9C,
  0xC69C, 0xCEDD, 0xD73F, 0xE79F, 0xDF9F, 0xE7BF, 0xE7BF, 0xE79F, 0xE79F, 0xE79F, 0xE79F, 0xE77F,
  0xE79F, 0xE79F, 0xE79F, 0xDF7F, 0xDF5F, 0xD75F, 0xD75F, 0xDF7F, 0xDF7F, 0xD75F, 0xDF5F, 0xDF5F,
  0xDF5F, 0xDF5F, 0xDF5F, 0xE79F, 0xDF5F, 0xDF5F, 0xD75F, 0xD75F, 0xD75F, 0xD75F, 0xD75F, 0xD75F,
  0xD75F, 0xCF1F, 0xC6FE, 0xBEDD, 0xBEFE, 0xBEFE, 0xB6BD, 0xBEFE, 0xBEDE, 0xBE9D, 0xBEBE, 0xBEBE,
  0xAE7D, 0xAE5E, 0xA65E, 0x95FD, 0x8D9C, 0x8DBD, 0x85BD, 0x859D, 0x8DDF, 0x85DF, 0x85BE, 0x85BE,
  0x85BE, 0x85BE, 0x85BE, 0x85BE, 0x85BE, 0x85BE, 0x85BE, 0x85BE, 0x85BE, 0x85BE, 0x85BE, 0x85BE,
  0x85BE, 0x85BE, 0x85BE, 0x85BE, 0x85BE, 0x85BE, 0x85BE, 0x85BE, 0x85BE, 0x85BE, 0x85BE, 0x85BE,
  0x85BE, 0x85BE, 0x85BE, 0x85DE, 0x85DE, 0x85DE, 0x85DE, 0x85BE, 0x85BE, 0x85BE, 0x85BE, 0x85BE,
  0x85BE, 0x85BE, 0x85BE, 0x85BE, 0x85BE, 0x85BE, 0x85BE, 0x85BE, 0x85BE, 0x85BE, 0x85BE, 0x8DBD,
  0x8DBB, 0xAE9E, 0xC75F, 0xCF7F, 0xC75F, 0xCF5F, 0xCF5F, 0xCF3F, 0xD75F, 0xBE9D, 0xBE9D, 0xC6DE,
  0xBE9D, 0xBE9D, 0xC6DE, 0xBE9D, 0xC6DE, 0xB67C, 0xC6DD, 0xC6DE, 0xBE7C, 0xC6DD, 0xE79F, 0xEFDF,
  0xE7BF, 0xDF7F, 0xDF7F, 0xE79F, 0xE7BF, 0xE7BF, 0xE7BF, 0xE7BF, 0xDFBF, 0xCF5F, 0xCF1F, 0xCF1F,
  0xCEFF, 0xD75F, 0xDF9F, 0xD75F, 0xD75F, 0xD75F, 0xDF5F, 0xDF5F, 0xDF5F, 0xDF5F, 0xDF7F, 0xDF7F,
  0xD75E, 0xD75F, 0xDF5F, 0xDF7F, 0xDF7F, 0xD77F, 0xD77F, 0xD75F, 0xD77F, 0xC6FF, 0xC6FE, 0xC6DE,
  0xBEBD, 0xBEDD, 0xC6DD, 0xCF5F, 0xD75F, 0xCF1E, 0xC6DD, 0xBEBD, 0xBEBD, 0xC6FF, 0xC6FF, 0xBEDF,
  0x9DFC, 0x857B, 0x8DBD, 0x8DDE, 0x85BE, 0x85DE, 0x85BE, 0x85DF, 0x85BE, 0x85BE, 0x85BE, 0x85BE,
  0x85BE, 0x85BE, 0x85BE, 0x85BE, 0x85BE, 0x85BE, 0x85BE, 0x85BE, 0x85BE, 0x85BE, 0x85BE, 0x85BE,
  0x85BE, 0x85BE, 0x85BE, 0x85BE, 0x85BE, 0x85BE, 0x85BE, 0x85BE, 0x85BE, 0x85BE, 0x85BE, 0x85BE,
  0x85BE, 0x85BE, 0x85BE, 0x85BE, 0x85BE, 0x85BE, 0x85BE, 0x85BE, 0x85BE, 0x85BE, 0x85BE, 0x85BE,
  0x85BE, 0x85BE, 0x85BE, 0x85BE, 0x85BE, 0x85BE, 0x85BE, 0x85BD, 0x859C, 0x9E3D, 0xAEBF, 0xB6DF,
  0xB6DF, 0xBF1F, 0xBF1F, 0xC71F, 0xBEDF, 0xCF3F, 0xCF3F, 0xBEBE, 0xBE9D, 0xBEBD, 0xBEBD, 0xBE9D,
  0xB69D, 0xBEBE, 0xBEBE, 0xBEBD, 0xC6BE, 0xC6DE, 0xCEFE, 0xD73F, 0xCF1E, 0xDF7F, 0xE7DF, 0xE79F,
  0xD73F, 0xCEFE, 0xCF1F, 0xCF3F, 0xC71F, 0xBEDF, 0xBEDF, 0xBEDF, 0xC6DE, 0xCF1F, 0xD75F, 0xD75F,
  0xDF5F, 0xDF5F, 0xDF5F, 0xDF5F, 0xDF5F, 0xDF5F, 0xDF7F, 0xD77F, 0xDF7F, 0xDF7F, 0xDF7F, 0xDF7F,
  0xDF7F, 0xD75F, 0xD75F, 0xD75F, 0xCF3F, 0xBE9D, 0xBEBE, 0xC6DE, 0xBE9D, 0xBEBD, 0xCF1F, 0xDF9F,
  0xE7BF, 0xDF7F, 0xCEFD, 0xBE9C, 0xC6DD, 0xCF3F, 0xCF5F, 0xCF5F, 0xBEFF, 0x95DC, 0x8DBC, 0x8DDD,
  0x859D, 0x85BE, 0x85DE, 0x85DF, 0x85DE, 0x85BE, 0x85BE, 0x85BE, 0x85BE, 0x85BE, 0x85BE, 0x85BE,
  0x85BE, 0x85BE, 0x85BE, 0x85BE, 0x85BE, 0x85BE, 0x85BE, 0x85BE, 0x85BE, 0x85BE, 0x85BE, 0x85BE,
  0x85BE, 0x85BE, 0x85BE, 0x85BE, 0x85BE, 0x85BE, 0x85BE, 0x85BE, 0x85BE, 0x85BE, 0x85BE, 0x85BE,
  0x85BE, 0x85BE, 0x85BE, 0x85BE, 0x85BE, 0x85BE, 0x85BE, 0x85BE, 0x85BE, 0x85BE, 0x85BE, 0x85BE,
  0x85BE, 0x85BE, 0x85BE, 0x85BD, 0x857C, 0x859C, 0x8DBC, 0x8D9C, 0x8D9B, 0x8D9B, 0x8D9B, 0x8D9B,
  0x8D9B, 0xBEDF, 0xBEDF, 0xAE5D, 0xBEBF, 0xC71F, 0xC71F, 0xCF5F, 0xC73F, 0xC73F, 0xAE5D, 0xA61C,
  0xC6FF, 0xCF3F, 0xBEBE, 0xC6DE, 0xBE9E, 0xD75F, 0xE7DF, 0xD75F, 0xBEBE, 0xB67D, 0xB67D, 0xBEBE,
  0xB69E, 0xAE9E, 0xB6BE, 0xBEDF, 0xBEDE, 0xC6FE, 0xD75F, 0xDF7F, 0xD75F, 0xDF5F, 0xDF5F, 0xDF5F,
  0xDF5F, 0xD75F, 0xDF7F, 0xD77F, 0xDF7F, 0xDF7F, 0xD75F, 0xD75F, 0xD75F, 0xD75F, 0xD75F, 0xD77F,
  0xCEFF, 0xBE7D, 0xBE9E, 0xC6BE, 0xBE9D, 0xCF1F, 0xDF7F, 0xE7BF, 0xE7BF, 0xE7BF, 0xDF5F, 0xD71E,
  0xDF5F, 0xDF9F, 0xDF9F, 0xDFBF, 0xDFBF, 0xB69E, 0x8DBB, 0x8DBC, 0x8DDD, 0x85DE, 0x85DE, 0x7DBE,
  0x85DE, 0x85BE, 0x85BE, 0x85BE, 0x85BE, 0x85BE, 0x85BE, 0x85BE, 0x85BE, 0x85BE, 0x85BE, 0x85BE,
  0x85BE, 0x85BE, 0x85BE, 0x85BE, 0x85BE, 0x85BE, 0x85BE, 0x85BE, 0x85BE, 0x85BE, 0x85BE, 0x85BE,
  0x85BE, 0x85BE, 0x85BE, 0x85BE, 0x85BE, 0x85BE, 0x85BE, 0x85BE, 0x85BE, 0x85BE, 0x85BE, 0x85BE,
  0x85BE, 0x85BE, 0x85BE, 0x85BE, 0x85BE, 0x85BE, 0x85BE, 0x85BE, 0x85BE, 0x85BE, 0x85BE, 0x85BE,
  0x8DFE, 0x8DDD, 0x8DBD, 0x8DBD, 0x8DBD, 0x8DBD, 0x8DBD, 0x8DDD, 0x857B, 0x8DBC, 0x855A, 0x8D7B,
  0xB6DF, 0xCF7F, 0xC71F, 0xC71F, 0xBF1F, 0xBEFF, 0x9DFC, 0x95BB, 0xB6BF, 0xBEFF, 0xB69E, 0xAE7E,
  0xAE3D, 0xB69F, 0xBEDF, 0xB6BF, 0xAE5E, 0xAE5E, 0xB67E, 0xB69F, 0xB69F, 0xAE9E, 0xB6BF, 0xBEFF,
  0xC6FF, 0xC6DE, 0xCF3F, 0xDF7F, 0xDF5F, 0xDF5F, 0xDF5F, 0xDF5F, 0xDF5F, 0xD75F, 0xD75F, 0xD75F,
  0xD75F, 0xD75F, 0xD75F, 0xD75F, 0xD75F, 0xD77F, 0xDF7F, 0xDF7F, 0xCEFF, 0xBE9D, 0xC6BE, 0xC69D,
  0xC69D, 0xDF5F, 0xE7BF, 0xE79F, 0xDF7F, 0xEFBF, 0xE79F, 0xE77F, 0xE7BF, 0xE7BF, 0xE79F, 0xE7BF,
  0xDFBF, 0xD75F, 0x95DC, 0x8D9B, 0x95FE, 0x85BE, 0x8DFF, 0x85BE, 0x85BE, 0x85BE, 0x85BE, 0x85BE,
  0x85BE, 0x85BE, 0x85BE, 0x85BE, 0x85BE, 0x85BE, 0x85BE, 0x85BE, 0x85BE, 0x85BE, 0x85BE, 0x85BE,
  0x85BE, 0x85BE, 0x85BE, 0x85BE, 0x85BE, 0x85BE, 0x85BE, 0x85BE, 0x85BE, 0x85BE, 0x85BE, 0x85BE,
  0x85BE, 0x85BE, 0x85BE, 0x85BE, 0x85BE, 0x85BE, 0x85BE, 0x85BE, 0x85BE, 0x85BE, 0x85BE, 0x85BE,
  0x85BE, 0x85BE, 0x85BE, 0x85BE, 0x85BE, 0x85BE, 0x85BE, 0x85BE, 0x85BE, 0x859D, 0x859D, 0x85BE,
  0x85BE, 0x85BE, 0x8DDE, 0x8DDE, 0x8DDE, 0x95FE, 0x95DE, 0x8DBD, 0x8D9C, 0x857C, 0x8D9C, 0x95DD,
  0x8DBD, 0x8DDD, 0x8D9C, 0x857B, 0x8D9C, 0x95BD, 0x8DBC, 0x8D9C, 0x95BC, 0x95BC, 0x95DC, 0x9DFD,
  0xA63E, 0xAE7F, 0xAE9F, 0xAEBF, 0xAEBF, 0xAEBF, 0xB6BF, 0xBEDF, 0xBEFF, 0xBEDE, 0xC6FF, 0xD75F,
  0xD75F, 0xD75F, 0xDF5F, 0xDF5F, 0xDF5F, 0xD75F, 0xD75F, 0xD75F, 0xD75F, 0xD77F, 0xD77F, 0xD77F,
  0xD75F, 0xD73F, 0xCF1F, 0xCF1F, 0xC6BE, 0xBE7D, 0xC69D, 0xBE5C, 0xC69D, 0xE75F, 0xEFBF, 0xE77F,
  0xE77F, 0xE79F, 0xE79F, 0xE79F, 0xEF9F, 0xE77F, 0xE77F, 0xE79F, 0xE79F, 0xE7BF, 0xA61C, 0x8D5A,
  0x8D9C, 0x857C, 0x859D, 0x8DDE, 0x85BE, 0x85BE, 0x85BE, 0x85BE, 0x85BE, 0x85BE, 0x85BE, 0x85BE,
  0x85BE, 0x85BE, 0x85BE, 0x85BE, 0x85BE, 0x85BE, 0x85BE, 0x85BE, 0x85BE, 0x85BE, 0x85BE, 0x85BE,
  0x85BE, 0x85BE, 0x85BE, 0x85BE, 0x85BE, 0x85BE, 0x85BE, 0x85BE, 0x85BE, 0x85BE, 0x85BE, 0x85BE,
  0x85BE, 0x85BE, 0x85BE, 0x85BE, 0x85BE, 0x85BE, 0x85BE, 0x85BE, 0x85BE, 0x85BE, 0x85BE, 0x85BE,
  0x85BE, 0x85BE, 0x85BE, 0x85BE, 0x85DE, 0x85DE, 0x85DE, 0x85DE, 0x85BE, 0x85BE, 0x859E, 0x85BE,
  0x85BE, 0x859D, 0x857D, 0x859D, 0x85BD, 0x8DDE, 0x8DDE, 0x859D, 0x85BD, 0x85BE, 0x8DFE, 0x8DDE,
  0x8DBD, 0x8DDD, 0x8DDE, 0x8D9D, 0x8D9D, 0x857C, 0x8D9C, 0x95DE, 0x9E3F, 0x9E5F, 0xA67F, 0xA69F,
  0xAEBF, 0xAEBF, 0xAE9F, 0xB6BF, 0xBEDF, 0xBEDF, 0xC6FF, 0xCF3F, 0xD75F, 0xD75F, 0xD75F, 0xDF5F,
  0xDF5F, 0xDF5F, 0xDF5F, 0xDF5F, 0xD77F, 0xD77F, 0xD75F, 0xCF3F, 0xCEFE, 0xC6DE, 0xC6BE, 0xC6BD,
  0xBE7D, 0xC6BD, 0xCEDE, 0xCEBD, 0xCEDD, 0xE75F, 0xE77F, 0xE79F, 0xEFDF, 0xDF7F, 0xDF5E, 0xE79F,
  0xEF9F, 0xEF9F, 0xEF9F, 0xEF7F, 0xE79F, 0xE79F, 0xC6DE, 0xAE1C, 0xA61D, 0x9DFD, 0x8DBC, 0x8DDD,
  0x85BE, 0x85BE, 0x85BE, 0x85BE, 0x85BE, 0x85BE, 0x85BE, 0x85BE, 0x85BE, 0x85BE, 0x85BE, 0x85BE,
  0x85BE, 0x85BE, 0x85BE, 0x85BE, 0x85BE, 0x85BE, 0x85BE, 0x85BE, 0x85BE, 0x85BE, 0x85BE, 0x85BE,
  0x85BE, 0x85BE, 0x85BE, 0x85BE, 0x85BE, 0x85BE, 0x85BE, 0x85BE, 0x85BE, 0x85BE, 0x85BE, 0x85BE,
  0x85BE, 0x85BE, 0x85BE, 0x85BE, 0x85BE, 0x85BE, 0x85BE, 0x85BE, 0x85BE, 0x85BE, 0x85BE, 0x85BE,
  0x85BE, 0x85BE, 0x85DF, 0x85DF, 0x85DF, 0x85DF, 0x85DF, 0x85DF, 0x85DE, 0x8DFF, 0x8DFF, 0x8DDF,
  0x85BE, 0x85DE, 0x85DE, 0x85BE, 0x8DDE, 0x85BE, 0x859D, 0x85BD, 0x85BE, 0x85DE, 0x85BE, 0x859D,
  0x8DBE, 0x8DBE, 0x8DDE, 0x8DDE, 0x961F, 0x9E3F, 0x9E5F, 0x9E7F, 0xA69F, 0xAEBF, 0xAEBF, 0xAEBF,
  0xBEFF, 0xBEFF, 0xC6FF, 0xCF1F, 0xD75F, 0xD75F, 0xD75F, 0xDF5F, 0xDF5F, 0xDF5F, 0xDF5F, 0xDF5F,
  0xD75F, 0xCF3F, 0xC6FE, 0xC6BE, 0xBE9D, 0xBE9D, 0xBE9D, 0xC69D, 0xCEDE, 0xD73F, 0xE79F, 0xE77F,
  0xE77F, 0xE79F, 0xE77F, 0xEFBF, 0xE79F, 0xC6DD, 0xC69C, 0xDF3E, 0xE77F, 0xEF9F, 0xEF9F, 0xEF7F,
  0xEF9F, 0xDF5F, 0xEFDF, 0xDF7F, 0xD77F, 0xD77F, 0xA61D, 0x95BC, 0x8DBD, 0x85BE, 0x85BE, 0x85BE,
  0x85BE, 0x85BE, 0x85BE, 0x85BE, 0x85BE, 0x85BE, 0x85BE, 0x85BE, 0x85BE, 0x85BE, 0x85BE, 0x85BE,
  0x85BE, 0x85BE, 0x85BE, 0x85BE, 0x85BE, 0x85BE, 0x85BE, 0x85BE, 0x85BE, 0x85BE, 0x85BE, 0x85BE,
  0x85BE, 0x85BE, 0x85BE, 0x85BE, 0x85BE, 0x85BE, 0x85BE, 0x85BE, 0x85BE, 0x85BE, 0x85BE, 0x85BE,
  0x85BE, 0x85BE, 0x85BE, 0x85BE, 0x85BE, 0x85BE, 0x85BE, 0x85BE, 0x85BE, 0x85DE, 0x85BE, 0x7DBE,
  0x7DBE, 0x85BE, 0x85BE, 0x7DBE, 0x85BE, 0x85DE, 0x85BE, 0x85BE, 0x85DF, 0x85BE, 0x85BE, 0x8DFF,
  0x85BE, 0x85DF, 0x85DE, 0x85DE, 0x8DFF, 0x85DE, 0x85BE, 0x8DFE, 0x85BE, 0x85BE, 0x85BE, 0x859D,
  0x8DFE, 0x9E5F, 0xA69F, 0xA69F, 0xA69F, 0xAEDF, 0xAEBF, 0xAEBF, 0xBEDF, 0xBEFF, 0xBEDF, 0xC71F,
  0xD75F, 0xD75F, 0xD75F, 0xDF5F, 0xDF5F, 0xDF5F, 0xDF5F, 0xDF5F, 0xD75F, 0xC6FF, 0xBEBD, 0xBE9D,
  0xBEBE, 0xC6BE, 0xBEBD, 0xBE9D, 0xD71F, 0xE7DF, 0xE79F, 0xE79F, 0xE79F, 0xE79F, 0xEFDF, 0xDF5E,
  0xC6BD, 0xC6BD, 0xC6BD, 0xCEBD, 0xD71E, 0xE77F, 0xEF9F, 0xEF7F, 0xEF9F, 0xE77F, 0xE77F, 0xE79F,
  0xE7BF, 0xDF9F, 0xDF7F, 0xD79F, 0xA69F, 0x7D7D, 0x85BE, 0x85BE, 0x85BD, 0x8DFF, 0x85BE, 0x85DE,
  0x85BE, 0x85BE, 0x85BE, 0x85BE, 0x85BE, 0x85BE, 0x85BE, 0x85BE, 0x85BE, 0x85BE, 0x85BE, 0x85BE,
  0x85BE, 0x85BE, 0x85BE, 0x85BE, 0x85BE, 0x85BE, 0x85BE, 0x85BE, 0x85BE, 0x85BE, 0x85BE, 0x85BE,
  0x85BE, 0x85BE, 0x85BE, 0x85BE, 0x85BE, 0x85BE, 0x85BE, 0x85BE, 0x85BE, 0x85BE, 0x85BE, 0x85BE,
  0x85BE, 0x85BE, 0x85BE, 0x85BE, 0x85DE, 0x85DE, 0x85DE, 0x85DE, 0x85DE, 0x85DE, 0x85DE, 0x85DE,
  0x85DE, 0x85DE, 0x85DE, 0x85DE, 0x85DE, 0x85DE, 0x85DE, 0x85DE, 0x85DE, 0x85DE, 0x85DE, 0x85DE,
  0x85DE, 0x85DE, 0x85DE, 0x85DE, 0x85DE, 0x85DE, 0x85BE, 0x85DE, 0x8DFE, 0x963F, 0x9E7F, 0x9E7F,
  0xA69F, 0xA67F, 0xAEBF, 0xB6BF, 0xAE9F, 0xB6DF, 0xC71F, 0xC6FF, 0xCF3F, 0xD75F, 0xDF7F, 0xD75F,
  0xD75F, 0xDF7F, 0xDF7F, 0xD75F, 0xCF1F, 0xC6DE, 0xBE9D, 0xBE9D, 0xBEBE, 0xC6BE, 0xBEBE, 0xBEBD,
  0xC6DE, 0xDF9F, 0xDF9F, 0xE7BF, 0xE79F, 0xDF7E, 0xE79F, 0xD73E, 0xBE9C, 0xBE9D, 0xBE9C, 0xBE9C,
  0xC6DC, 0xCEFD, 0xCEDC, 0xCE9B, 0xDF3E, 0xE77F, 0xEF9F, 0xE79F, 0xDF7F, 0xDF9F, 0xE7BF, 0xE7FF,
  0xA69F, 0x859D, 0x85DE, 0x85DE, 0x85BE, 0x8DDE, 0x85BD, 0x85BE, 0x85BE, 0x85BE, 0x85BE, 0x85BE,
  0x85BE, 0x85BE, 0x85BE, 0x85BE, 0x85BE, 0x85BE, 0x85BE, 0x85BE, 0x85BE, 0x85BE, 0x85BE, 0x85BE,
  0x85BE, 0x85BE, 0x85BE, 0x85BE, 0x85BE, 0x85BE, 0x85BE, 0x85BE, 0x85BE, 0x85BE, 0x85BE, 0x85BE,
  0x85BE, 0x85BE, 0x85BE, 0x85BE, 0x85BE, 0x85BE, 0x85BE, 0x85BE, 0x85BE, 0x85BE, 0x85BE, 0x85BE,
  0x85DE, 0x85DE, 0x85DE, 0x85DE, 0x85DE, 0x85DE, 0x85DE, 0x85DE, 0x85DE, 0x85DE, 0x85DE, 0x85DE,
  0x85DE, 0x85DE, 0x85DE, 0x85DE, 0x85DE, 0x85DE, 0x85DE, 0x85DE, 0x85DE, 0x85DE, 0x85DE, 0x85DE,
  0x85DE, 0x85DE, 0x85DE, 0x85DE, 0x85DE, 0x8E1F, 0x965F, 0x9E9F, 0xA69F, 0xA67F, 0xAEBF, 0xAEBF,
  0xAE9F, 0xB6DF, 0xBEFF, 0xBEDF, 0xCF1F, 0xD75F, 0xD77F, 0xD75F, 0xD75F, 0xDF5F, 0xDF5F, 0xDF5F,
  0xC6FF, 0xC6BE, 0xBE9D, 0xBE9D, 0xBEBE, 0xBEBE, 0xBEBD, 0xBEBD, 0xB69C, 0xC6DE, 0xC6DD, 0xD75F,
  0xDFBF, 0xE7BF, 0xE7DF, 0xD75E, 0xB6BC, 0xBEDD, 0xC73E, 0xD79F, 0xDF9F, 0xD75E, 0xC6DB, 0xBE7A,
  0xC6BB, 0xDF5D, 0xE7BF, 0xE7BF, 0xE79F, 0xE7DF, 0xE7DF, 0xD79F, 0xA67F, 0x85BD, 0x8DDE, 0x8DDE,
  0x85BE, 0x85DE, 0x859D, 0x85BE, 0x85BE, 0x85BE, 0x85BE, 0x85BE, 0x85BE, 0x85BE, 0x85BE, 0x85BE,
  0x85BE, 0x85BE, 0x85BE, 0x85BE, 0x85BE, 0x85BE, 0x85BE, 0x85BE, 0x85BE, 0x85BE, 0x85BE, 0x85BE,
  0x85BE, 0x85BE, 0x85BE, 0x85BE, 0x85BE, 0x85BE, 0x85BE, 0x85BE, 0x85BE, 0x85BE, 0x85BE, 0x85BE,
  0x85BE, 0x85BE, 0x85BE, 0x85BE, 0x85BE, 0x85BE, 0x85BE, 0x85BE, 0x85BE, 0x85BE, 0x85BE, 0x85BE,
  0x85BE, 0x85BE, 0x85BE, 0x85DE, 0x85DE, 0x85DE, 0x85DE, 0x85DE, 0x85DE, 0x85DE, 0x85DE, 0x85DE,
  0x85DD, 0x85DD, 0x85DD, 0x85DD, 0x85DD, 0x85DE, 0x85DE, 0x85DE, 0x85DE, 0x85DE, 0x85DE, 0x85BD,
  0x85BD, 0x8DFE, 0x963F, 0x9E7F, 0xA69F, 0xAE9F, 0xAEBF, 0xAEBF, 0xAE9F, 0xB6DF, 0xBEFF, 0xBEDF,
  0xC6FF, 0xCF3F, 0xD77F, 0xD75F, 0xD75F, 0xDF5F, 0xDF5F, 0xDF5F, 0xD73F, 0xCF1F, 0xC6DE, 0xC6BE,
  0xBEBE, 0xBEBE, 0xBEBE, 0xBEDE, 0xBEBE, 0xBEBE, 0xB69D, 0xC71F, 0xDFBF, 0xDFDF, 0xE7DF, 0xD77F,
  0xCF9F, 0xCF9F, 0xCF9F, 0xD7DF, 0xDFFF, 0xDFDF, 0xD79F, 0xDF9F, 0xD75F, 0xDFBF, 0xE7DF, 0xDFBF,
  0xE7DF, 0xDFBF, 0xCF3E, 0xAE7D, 0x961E, 0x7D9D, 0x85BE, 0x85DE, 0x85BE, 0x85BE, 0x85BD, 0x85DE,
  0x85BE, 0x85BE, 0x85BE, 0x85BE, 0x85BE, 0x85BE, 0x85BE, 0x85BE, 0x85BE, 0x85BE, 0x85BE, 0x85BE,
  0x85BE, 0x85BE, 0x85BE, 0x85BE, 0x85BE, 0x85BE, 0x85BE, 0x85BE, 0x85BE, 0x85BE, 0x85BE, 0x85BE,
  0x85BE, 0x85BE, 0x85BE, 0x85BE, 0x85BE, 0x85BE, 0x85BE, 0x85BE, 0x85BE, 0x85BE, 0x85BE, 0x85BE,
  0x85BE, 0x85BE, 0x85BE, 0x85BE, 0x85BE, 0x85BD, 0x85BD, 0x85BD, 0x85BD, 0x85BD, 0x85BD, 0x85BD,
  0x85DD, 0x85DD, 0x85DD, 0x85DD, 0x85DD, 0x85DD, 0x85DD, 0x85DD, 0x85DD, 0x85DD, 0x85DD, 0x85DD,
  0x85DD, 0x85DE, 0x85DE, 0x85DE, 0x85DE, 0x85DE, 0x85DE, 0x85BD, 0x85BD, 0x85DD, 0x961E, 0x9E5F,
  0xA67F, 0xA67F, 0xAE9F, 0xAEBF, 0xAE9F, 0xB6BF, 0xBEDF, 0xBEDF, 0xC6DF, 0xCF1F, 0xD75F, 0xD77F,
  0xD75F, 0xDF5F, 0xDF5F, 0xDF5F, 0xDF7F, 0xD75F, 0xD73F, 0xCF3F, 0xCF1F, 0xC6DF, 0xBEDF, 0xBEDF,
  0xBEDF, 0xBEDF, 0xB6BE, 0xBEDF, 0xBEDF, 0xB6DE, 0xB6DE, 0xB6BF, 0xAE7F, 0xA63F, 0x9E3F, 0x9E3F,
  0xA63F, 0xA63F, 0xA63F, 0xAE5F, 0xAE5F, 0xAE5F, 0xA61E, 0xA61E, 0xAE3F, 0xAE3E, 0x9DDD, 0x8D7B,
  0x8DBD, 0x859D, 0x85BE, 0x85BE, 0x85BE, 0x85BE, 0x85BE, 0x85DE, 0x85BE, 0x85BE, 0x85BE, 0x85BE,
  0x85BE, 0x85BE, 0x85BE, 0x85BE, 0x85BE, 0x85BE, 0x85BE, 0x85BE, 0x85BE, 0x85BE, 0x85BE, 0x85BE,
  0x85BE, 0x85BE, 0x85BE, 0x85BE, 0x85BE, 0x85BE, 0x85BE, 0x85BE, 0x85BE, 0x85BE, 0x85BE, 0x85BE,
  0x85BE, 0x85BE, 0x85BE, 0x85BE, 0x85BE, 0x85BE, 0x85BE, 0x85BE, 0x85BE, 0x85BE, 0x85BE, 0x85BE,
  0x85BE, 0x85BE, 0x85BE, 0x85BE, 0x85BE, 0x85BE, 0x85BE, 0x85BE, 0x85BE, 0x85BE, 0x85BE, 0x85BE,
  0x85BD, 0x85BD, 0x85BD, 0x85BD, 0x85BD, 0x85BD, 0x85BD, 0x85DD, 0x85DE, 0x85DE, 0x85DE, 0x85DE,
  0x85DE, 0x85BD, 0x85BD, 0x85BD, 0x85BD, 0x8DDD, 0x8DFE, 0x963F, 0xA65E, 0xAE7F, 0xAEBF, 0xAEBF,
  0xB6BF, 0xB69F, 0xB6BF, 0xBEFF, 0xBEDF, 0xCF1F, 0xD75F, 0xD77F, 0xDF5F, 0xDF5F, 0xDF5F, 0xDF5F,
  0xDF5F, 0xDF7F, 0xDF7F, 0xD77F, 0xCF3F, 0xC6FF, 0xBEDF, 0xBEDF, 0xB69F, 0xB69F, 0xAE9F, 0xAE9F,
  0xA67E, 0xA63E, 0x9E1D, 0x95DD, 0x8D9D, 0x859E, 0x8D9E, 0x8DBE, 0x8D9E, 0x857E, 0x857E, 0x857E,
  0x859E, 0x857E, 0x857D, 0x857D, 0x8D9E, 0x8DBE, 0x8DBE, 0x8DBE, 0x85BE, 0x85DE, 0x85DE, 0x85DE,
  0x85BE, 0x85BE, 0x85BE, 0x85DE, 0x85BE, 0x85BE, 0x85BE, 0x85BE, 0x85BE, 0x85BE, 0x85BE, 0x85BE,
  0x85BE, 0x85BE, 0x85BE, 0x85BE, 0x85BE, 0x85BE, 0x85BE, 0x85BE, 0x85BE, 0x85BE, 0x85BE, 0x85BE,
  0x85BE, 0x85BE, 0x85BE, 0x85BE, 0x85BE, 0x85BE, 0x85BE, 0x85BE, 0x85BE, 0x85BE, 0x85BE, 0x85BE,
  0x85BE, 0x85BE, 0x85BE, 0x85BE, 0x85BE, 0x85BE, 0x85BE, 0x85BE, 0x85BE, 0x85BE, 0x85BE, 0x85BE,
  0x85BE, 0x85BE, 0x85BE, 0x85BE, 0x85BE, 0x85BE, 0x85BE, 0x85BE, 0x85BE, 0x85BE, 0x85BE, 0x85BD,
  0x85BD, 0x85BD, 0x85BD, 0x85BE, 0x85BE, 0x85DE, 0x85DE, 0x85DE, 0x85DE, 0x85BE, 0x85BE, 0x85DE,
  0x85DE, 0x85DE, 0x8DFE, 0x961E, 0xA67F, 0xAEBF, 0xB6BF, 0xB6DF, 0xB6DF, 0xB6BF, 0xB6BF, 0xBEFF,
  0xBEDF, 0xC6FF, 0xD73F, 0xD75F, 0xDF5F, 0xDF5F, 0xDF5F, 0xDF5F, 0xD75E, 0xD75F, 0xDF7F, 0xD75F,
  0xCF3F, 0xC6FF, 0xBEDF, 0xBEDF, 0xB6BF, 0xAE9F, 0xAE9F, 0xAE9F, 0xAE9F, 0xAE9F, 0x9E3F, 0x95FE,
  0x8DDD, 0x8DDD, 0x8DBD, 0x859D, 0x859D, 0x85BE, 0x85DE, 0x8DFF, 0x85BE, 0x85DE, 0x85FE, 0x85DE,
  0x85BD, 0x85BD, 0x85BD, 0x85BD, 0x85BE, 0x8DDE, 0x85DE, 0x85BE, 0x85DE, 0x85BE, 0x85BE, 0x85BE,
  0x85BE, 0x85BE, 0x85BE, 0x85BE, 0x85BE, 0x85BE, 0x85BE, 0x85BE, 0x85BE, 0x85BE, 0x85BE, 0x85BE,
  0x85BE, 0x85BE, 0x85BE, 0x85BE, 0x85BE, 0x85BE, 0x85BE, 0x85BE, 0x85BE, 0x85BE, 0x85BE, 0x85BE,
  0x85BE, 0x85BE, 0x85BE, 0x85BE, 0x85BE, 0x85BE, 0x85BE, 0x85BE, 0x85BE, 0x85BE, 0x85BE, 0x85BE,
  0x85BE, 0x85BE, 0x85BE, 0x85BE, 0x85BE, 0x85BE, 0x85BE, 0x85BE, 0x85BE, 0x85BE, 0x85BE, 0x85BE,
  0x85BE, 0x85BE, 0x85BE, 0x85BE, 0x85BE, 0x85BE, 0x85BE, 0x85BE, 0x85BE, 0x85BE, 0x85BE, 0x85BE,
  0x85BE, 0x85DE, 0x85DE, 0x85DE, 0x85DE, 0x85BE, 0x85BE, 0x85DE, 0x85BE, 0x85BE, 0x8DFE, 0x9E3F,
  0xAE9F, 0xB6BF, 0xB6DF, 0xBEDF, 0xBF1F, 0xBEDF, 0xB6BF, 0xBEDF, 0xBEDF, 0xC6FF, 0xCF3F, 0xD75F,
  0xDF5F, 0xDF5F, 0xDF5F, 0xDF5F, 0xDF7F, 0xDF7F, 0xDF7F, 0xD75F, 0xCF1F, 0xBEDF, 0xBEDF, 0xBEFF,
  0xAE9F, 0xAEBF, 0xB6BF, 0xA67F, 0xA65F, 0xA65F, 0x961F, 0x95FE, 0x859C, 0x8DBD, 0x8DDD, 0x85DD,
  0x85DD, 0x85DE, 0x85DE, 0x7DBD, 0x7DBD, 0x85DE, 0x85DE, 0x7DBD, 0x85BD, 0x85DE, 0x85FE, 0x85DD,
  0x85BD, 0x8DDE, 0x85BE, 0x85BE, 0x85DE, 0x85BE, 0x85BE, 0x85BE, 0x85BE, 0x85BE, 0x85BE, 0x85BE,
  0x85BE, 0x85BE, 0x85BE, 0x85BE, 0x85BE, 0x85BE, 0x85BE, 0x85BE, 0x85BE, 0x85BE, 0x85BE, 0x85BE,
  0x85BE, 0x85BE, 0x85BE, 0x85BE, 0x85BE, 0x85BE, 0x85BE, 0x85BE, 0x85BE, 0x85BE, 0x85BE, 0x85BE,
  0x85BE, 0x85BE, 0x85BE, 0x85BE, 0x85BE, 0x85BE, 0x85BE, 0x85BE, 0x85BE, 0x85BE, 0x85BE, 0x85BE,
  0x85BE, 0x85BE, 0x85BE, 0x85BE, 0x85BE, 0x85BE, 0x85BE, 0x85BE, 0x85BE, 0x85BE, 0x85BE, 0x85BE,
  0x85BE, 0x85BE, 0x85BE, 0x85BE, 0x85BE, 0x85BE, 0x85BE, 0x85BE, 0x85BE, 0x85DE, 0x85DE, 0x85DE,
  0x85BE, 0x85BE, 0x85DE, 0x8DDE, 0x85BD, 0x859D, 0x8DFE, 0x9E5F, 0xA67E, 0xAE9F, 0xAE9F, 0xB6BF,
  0xC71F, 0xBEFF, 0xB6BE, 0xBEDF, 0xBEDF, 0xC6FF, 0xCF1F, 0xD75F, 0xDF5F, 0xDF5F, 0xDF5F, 0xDF5F,
  0xDF7F, 0xD73F, 0xDF7F, 0xCF3F, 0xBEDF, 0xC6FF, 0xBEDF, 0xB6BF, 0xB69F, 0xAE9F, 0xB6BF, 0xA67F,
  0xA69F, 0x9E3F, 0x963F, 0x8DDE, 0x85BE, 0x85BD, 0x85BE, 0x85DE, 0x85DE, 0x85DE, 0x85DE, 0x85DE,
  0x85DE, 0x85DE, 0x85DE, 0x85DE, 0x85DE, 0x85DE, 0x85DE, 0x85DE, 0x85BE, 0x85BE, 0x85BE, 0x85BE,
  0x85BE, 0x85BE, 0x85BE, 0x85BE, 0x85BE, 0x85BE, 0x85BE, 0x85BE, 0x85BE, 0x85BE, 0x85BE, 0x85BE,
  0x85BE, 0x85BE, 0x85BE, 0x85BE, 0x85BE, 0x85BE, 0x85BE, 0x85BE, 0x85BE, 0x85BE, 0x85BE, 0x85BE,
  0x85BE, 0x85BE, 0x85BE, 0x85BE, 0x85BE, 0x85BE, 0x85BE, 0x85BE, 0x85BE, 0x85BE, 0x85BE, 0x85BE,
  0x85BE, 0x85BE, 0x85BE, 0x85BE, 0x85BE, 0x85BE, 0x85BE, 0x85BE, 0x85BE, 0x85BE, 0x85BE, 0x85BE,
  0x85BE, 0x85BE, 0x85BE, 0x85BE, 0x85BE, 0x85BE, 0x85BE, 0x85BE, 0x85BE, 0x85BE, 0x85BE, 0x85BE,
  0x85BD, 0x85BD, 0x85DE, 0x85DE, 0x85DE, 0x85DE, 0x85BE, 0x85BE, 0x85BE, 0x85BE, 0x85BD, 0x859D,
  0x95FE, 0x9E1E, 0x9E1E, 0xAE9F, 0xA69E, 0xA67D, 0xB69F, 0xB67F, 0xC71F, 0xC73F, 0xB6DE, 0xB6DE,
  0xBEDF, 0xBEDF, 0xC6DE, 0xD73F, 0xDF5F, 0xDF3F, 0xD75F, 0xD75F, 0xDF5F, 0xD73F, 0xD77F, 0xCF3F,
  0xBEDF, 0xBEFF, 0xBEDF, 0xB69F, 0xB69F, 0xAE9F, 0xB6BF, 0xA67F, 0xA69F, 0x9E3F, 0x961F, 0x85DE,
  0x85BE, 0x85BE, 0x85BE, 0x85BE, 0x85BE, 0x85BE, 0x85BE, 0x85BE, 0x85BE, 0x85BE, 0x85BE, 0x85BE,
  0x85BE, 0x85BE, 0x85BE, 0x85BE, 0x85BE, 0x85BE, 0x85BE, 0x85BE, 0x85BE, 0x85BE, 0x85BE, 0x85BE,
  0x85BE, 0x85BE, 0x85BE, 0x85BE, 0x85BE, 0x85BE, 0x85BE, 0x85BE, 0x85BE, 0x85BE, 0x85BE, 0x85BE,
  0x85BE, 0x85BE, 0x85BE, 0x85BE, 0x85BE, 0x85BE, 0x85BE, 0x85BE, 0x85BE, 0x85BE, 0x85BE, 0x85BE,
  0x85BE, 0x85BE, 0x85BE, 0x85BE, 0x85BE, 0x85BE, 0x85BE, 0x85BE, 0x85BE, 0x85BE, 0x85BE, 0x85BE,
  0x85BE, 0x85BE, 0x85BE, 0x85BE, 0x85BE, 0x85BE, 0x85BE, 0x85BE, 0x85BE, 0x85BE, 0x85BE, 0x85BE,
  0x85BE, 0x85BE, 0x85BE, 0x85BE, 0x85BE, 0x85BE, 0x85BE, 0x85DE, 0x85DE, 0x85DE, 0x85DE, 0x85DE,
  0x85DE, 0x85DE, 0x85BE, 0x85DE, 0x85BE, 0x8DBD, 0x8DDE, 0x95FE, 0xA63F, 0xA67F, 0xA61E, 0xA63D,
  0xA65C, 0xAE9E, 0xAE5F, 0xBE9F, 0xC6FF, 0xC73F, 0xBF1F, 0xB6FF, 0xBF1F, 0xC6FF, 0xCF1F, 0xDF5F,
  0xDF5F, 0xDF5F, 0xD75F, 0xD75F, 0xDF5F, 0xD75F, 0xD77F, 0xCF3F, 0xBEDF, 0xBEFF, 0xB6BF, 0xB69F,
  0xB69F, 0xAE9F, 0xAEBF, 0xA67F, 0xA67F, 0x963F, 0x8E1F, 0x85DE, 0x85BE, 0x85BE, 0x85BE, 0x85BE,
  0x85BE, 0x85BE, 0x85BE, 0x85BE, 0x85BE, 0x85BE, 0x85BE, 0x85BE, 0x85BE, 0x85BE, 0x85BE, 0x85BE,
  0x85BE, 0x85BE, 0x85BE, 0x85BE, 0x85BE, 0x85BE, 0x85BE, 0x85BE, 0x85BE, 0x85BE, 0x85BE, 0x85BE,
  0x85BE, 0x85BE, 0x85BE, 0x85BE, 0x85BE, 0x85BE, 0x85BE, 0x85BE, 0x85BE, 0x85BE, 0x85BE, 0x85BE,
  0x85BE, 0x85BE, 0x85BE, 0x85BE, 0x85BE, 0x85BE, 0x85BE, 0x85BE, 0x85BE, 0x85BE, 0x85BE, 0x85BE,
  0x85BE, 0x85BE, 0x85BE, 0x85BE, 0x85BE, 0x85BE, 0x85BE, 0x85BE, 0x85BE, 0x85BE, 0x85BE, 0x85BE,
  0x85BE, 0x85BE, 0x85BE, 0x85BE, 0x85BE, 0x85BE, 0x85BE, 0x85BE, 0x85BE, 0x85BE, 0x85BE, 0x85BE,
  0x85BE, 0x85BE, 0x85BE, 0x85DE, 0x85DE, 0x85DE, 0x85DE, 0x85BE, 0x85BE, 0x85DE, 0x85BE, 0x85BE,
  0x85BE, 0x8DBD, 0x9E1F, 0x9E5F, 0xA65F, 0xA65F, 0x9E1E, 0x9E1D, 0xA69D, 0xAE9E, 0xB69F, 0xBE9F,
  0xC6DF, 0xBEDF, 0xBF1F, 0xC75F, 0xC73F, 0xC73F, 0xCF3F, 0xDF5F, 0xDF7F, 0xDF5F, 0xD75F, 0xD75F,
  0xDF7F, 0xD75F, 0xD77F, 0xCF1F, 0xBEDF, 0xBEFF, 0xB6BF, 0xB6BF, 0xB69F, 0xAE9F, 0xAE9F, 0xA67F,
  0xA65F, 0x963F, 0x8DFE, 0x85BE, 0x85BE, 0x85BE, 0x85BE, 0x85BE, 0x85BE, 0x85BE, 0x85BE, 0x85BE,
  0x85BE, 0x85BE, 0x85BE, 0x85BE, 0x85BE, 0x85BE, 0x85BE, 0x85BE, 0x85BE, 0x85BE, 0x85BE, 0x85BE,
  0x85BE, 0x85BE, 0x85BE, 0x85BE, 0x85BE, 0x85BE, 0x85BE, 0x85BE, 0x85BE, 0x85BE, 0x85BE, 0x85BE,
  0x85BE, 0x85BE, 0x85BE, 0x85BE, 0x85BE, 0x85BE, 0x85BE, 0x85BE, 0x85BE, 0x85BE, 0x85BE, 0x85BE,
  0x85BE, 0x85BE, 0x85BE, 0x85BE, 0x85BE, 0x85BE, 0x85BE, 0x85BE, 0x85BE, 0x85BE, 0x85BE, 0x85BE,
  0x85BE, 0x85BE, 0x85BE, 0x85BE, 0x85BE, 0x85BE, 0x85BE, 0x85BE, 0x85BE, 0x85BE, 0x85BE, 0x85BE,
  0x85BE, 0x85BE, 0x85BE, 0x85BE, 0x85BE, 0x85BE, 0x85BE, 0x85BE, 0x85BE, 0x85BE, 0x85BE, 0x85DE,
  0x85BD, 0x85BE, 0x85BE, 0x85DE, 0x85DE, 0x85DE, 0x85BE, 0x85BE, 0x85BD, 0x8DBD, 0xA65F, 0xA65F,
  0x9DFE, 0x9E1E, 0x9E1E, 0x9E3D, 0xA67D, 0xAE7D, 0xC71F, 0xBEBF, 0xCF1F, 0xC6FF, 0xBEDE, 0xBF1F,
  0xC73F, 0xC71F, 0xCF1F, 0xD73F, 0xDF5F, 0xDF5F, 0xDF7F, 0xD77F, 0xDF7F, 0xD77F, 0xD75F, 0xC71F,
  0xBEDF, 0xBEFF, 0xB6BF, 0xB6BF, 0xB69F, 0xAE9F, 0xAE7F, 0xA67F, 0x9E5F, 0x961F, 0x8DDE, 0x85BE,
  0x85BE, 0x85BE, 0x85BE, 0x85BE, 0x85BE, 0x85BE, 0x85BE, 0x85BE, 0x85BE, 0x85BE, 0x85BE, 0x85BE,
  0x85BE, 0x85BE, 0x85BE, 0x85BE, 0x85BE, 0x85BE, 0x85BE, 0x85BE, 0x85BE, 0x85BE, 0x85BE, 0x85BE,
  0x85BE, 0x85BE, 0x85BE, 0x85BE, 0x85BE, 0x85BE, 0x85BE, 0x85BE, 0x85BE, 0x85BE, 0x85BE, 0x85BE,
  0x85BE, 0x85BE, 0x85BE, 0x85BE, 0x85BE, 0x85BE, 0x85BE, 0x85BE, 0x85BE, 0x85BE, 0x85BE, 0x85BE,
  0x85BE, 0x85BE, 0x85BE, 0x85BE, 0x85BE, 0x85BE, 0x85BE, 0x85BE, 0x85BE, 0x85BE, 0x85BE, 0x85BE,
  0x85BE, 0x85BE, 0x85BE, 0x85BE, 0x85BE, 0x85BE, 0x85BE, 0x85BE, 0x85BE, 0x85BE, 0x85BE, 0x85BE,
  0x85BE, 0x85BE, 0x85BE, 0x85BE, 0x85BE, 0x85BE, 0x85BE, 0x85BE, 0x85DE, 0x85DE, 0x85DE, 0x85DE,
  0x85DE, 0x85BE, 0x85BE, 0x85BD, 0x85BD, 0x8DBD, 0x9E5F, 0x9E3F, 0x95FD, 0x9E1E, 0xA65E, 0xA67E,
  0xAEBF, 0xB6DE, 0xAE3C, 0xBEBE, 0xCEFF, 0xCF1F, 0xC73F, 0xBF1F, 0xC73F, 0xC73F, 0xCF1F, 0xD73F,
  0xDF5F, 0xDF7F, 0xDF7F, 0xDF7F, 0xD75F, 0xD77F, 0xD75F, 0xC6FF, 0xBEDF, 0xBEFF, 0xAE9F, 0xB6BF,
  0xB6BF, 0xAE9F, 0xA67F, 0xA67F, 0x9E3F, 0x961F, 0x85DE, 0x85BE, 0x85DE, 0x85BE, 0x85BE, 0x85BE,
  0x85BE, 0x85BE, 0x85BE, 0x85BE, 0x85BE, 0x85BE, 0x85BE, 0x85BE, 0x85BE, 0x85BE, 0x85BE, 0x85BE,
  0x85BE, 0x85BE, 0x85BE, 0x85BE, 0x85BE, 0x85BE, 0x85BE, 0x85BE, 0x85BE, 0x85BE, 0x85BE, 0x85BE,
  0x85BE, 0x85BE, 0x85BE, 0x85BE, 0x85BE, 0x85BE, 0x85BE, 0x85BE, 0x85BE, 0x85BE, 0x85BE, 0x85BE,
  0x85BE, 0x85BE, 0x85BE, 0x85BE, 0x85BE, 0x85BE, 0x85BE, 0x85BE, 0x85BE, 0x85BE, 0x85BE, 0x85BE,
  0x85BE, 0x85BE, 0x85BE, 0x85BE, 0x85BE, 0x85BE, 0x85BE, 0x85BE, 0x85BE, 0x85BE, 0x85BE, 0x85BE,
  0x85BE, 0x85BE, 0x85BE, 0x85BE, 0x85BE, 0x85BE, 0x85BE, 0x85BE, 0x85BE, 0x85BE, 0x85BE, 0x85BE,
  0x85BE, 0x85BE, 0x85BE, 0x85BE, 0x85DE, 0x85DE, 0x85BE, 0x85BE, 0x85BE, 0x85BE, 0x85BD, 0x85BD,
  0x8DDE, 0x8DDE, 0x9E3F, 0x9E3E, 0x9E3E, 0xAE7F, 0xA67F, 0xA67E, 0xAE9E, 0xA65C, 0x63F1, 0xCF1D,
  0xCEFE, 0xC6DE, 0xBEDE, 0xBEFE, 0xC73F, 0xC73F, 0xCF3F, 0xD73F, 0xDF5F, 0xDF7F, 0xDF7F, 0xD77E,
  0xD75F, 0xD77F, 0xCF3F, 0xBEDE, 0xBEDF, 0xBEFF, 0xAE9F, 0xB6BF, 0xB6BF, 0xAE9F, 0xA65F, 0xA69F,
  0x9E3F, 0x961F, 0x85DE, 0x85BE, 0x85DE, 0x85BE, 0x85BE, 0x85BE, 0x85BE, 0x85BE, 0x85BE, 0x85BE,
  0x85BE, 0x85BE, 0x85BE, 0x85BE, 0x85BE, 0x85BE, 0x85BE, 0x85BE, 0x85BE, 0x85BE, 0x85BE, 0x85BE,
  0x85BE, 0x85BE, 0x85BE, 0x85BE, 0x85BE, 0x85BE, 0x85BE, 0x85BE, 0x85BE, 0x85BE, 0x85BE, 0x85BE,
  0x85BE, 0x85BE, 0x85BE, 0x85BE, 0x85BE, 0x85BE, 0x85BE, 0x85BE, 0x85BE, 0x85BE, 0x85BE, 0x85BE,
  0x85BE, 0x85BE, 0x85BE, 0x85BE, 0x85BE, 0x85BE, 0x85BE, 0x85BE, 0x85BE, 0x85BE, 0x85BE, 0x85BE,
  0x85BE, 0x85BE, 0x85BE, 0x85BE, 0x85BE, 0x85BE, 0x85BE, 0x85BE, 0x85BE, 0x85BE, 0x85BE, 0x85BE,
  0x85BE, 0x85BE, 0x85BE, 0x85BE, 0x85BE, 0x85BE, 0x85BE, 0x85BE, 0x85BE, 0x85BE, 0x85BE, 0x85BE,
  0x85DE, 0x85BE, 0x85BD, 0x85BD, 0x85BD, 0x85BE, 0x8DDE, 0x8DDE, 0x8DFE, 0x95FE, 0x9E3F, 0x961E,
  0x9E3E, 0xA67F, 0xA65E, 0xA65E, 0xAE7E, 0xA65C, 0x5BCF, 0xBE9A, 0xBE7B, 0xCEFE, 0xC6FE, 0xC73F,
  0xC73F, 0xC73F, 0xCF3F, 0xD73F, 0xDF5F, 0xDF7F, 0xDF7F, 0xD77E, 0xD77F, 0xD77F, 0xCF3F, 0xBEDE,
  0xBEFF, 0xBEFF, 0xAE9F, 0xB6BF, 0xB6BF, 0xAE9F, 0xA65F, 0xA69F, 0x9E3F, 0x961F, 0x85DE, 0x85DE,
  0x85DE, 0x85BE, 0x85BE, 0x85BE, 0x85BE, 0x85BE, 0x85BE, 0x85BE, 0x85BE, 0x85BE, 0x85BE, 0x85BE,
  0x85BE, 0x85BE, 0x85BE, 0x85BE, 0x85BE, 0x85BE, 0x85BE, 0x85BE, 0x85BE, 0x85BE, 0x85BE, 0x85BE,
  0x85BE, 0x85BE, 0x85BE, 0x85BE, 0x85BE, 0x85BE, 0x85BE, 0x85BE, 0x85BE, 0x85BE, 0x85BE, 0x85BE,
  0x85BE, 0x85BE, 0x85BE, 0x85BE, 0x85BE, 0x85BE, 0x85BE, 0x85BE, 0x85BE, 0x85BE, 0x85BE, 0x85BE,
  0x85BE, 0x85BE, 0x85BE, 0x85BE, 0x85BE, 0x85BE, 0x85BE, 0x85BE, 0x85BE, 0x85BE, 0x85BE, 0x85BE,
  0x85BE, 0x85BE, 0x85BE, 0x85BE, 0x85BE, 0x85BE, 0x85BE, 0x85BE, 0x85BE, 0x85BE, 0x85BE, 0x85BE,
  0x85BE, 0x85BE, 0x85BE, 0x85BE, 0x85BE, 0x85BE, 0x85BE, 0x85BE, 0x8DDE, 0x85DE, 0x85BE, 0x85BE,
  0x85DE, 0x8DFF, 0x963F, 0x9E5F, 0x95FE, 0x9E3F, 0x9E3F, 0x95FE, 0x961E, 0x9E3E, 0x95FD, 0x9E3E,
  0x9E1D, 0x9E1A, 0x538D, 0x42E9, 0x4AEB, 0xA5D8, 0xBEDD, 0xBEFE, 0xBF1E, 0xC71F, 0xCF1F, 0xD73F,
  0xD75F, 0xDF7F, 0xDF7F, 0xD77E, 0xD75F, 0xD77F, 0xCF3F, 0xC6FF, 0xBEDF, 0xBEDF, 0xB6BF, 0xB6BF,
  0xAEBF, 0xAE9F, 0xA67F, 0xA67F, 0x963F, 0x8DDE, 0x85BE, 0x85DE, 0x85DE, 0x85BE, 0x85BE, 0x85BE,
  0x85BE, 0x85BE, 0x85BE, 0x85BE, 0x85BE, 0x85BE, 0x85BE, 0x85BE, 0x85BE, 0x85BE, 0x85BE, 0x85BE,
  0x85BE, 0x85BE, 0x85BE, 0x85BE, 0x85BE, 0x85BE, 0x85BE, 0x85BE, 0x85BE, 0x85BE, 0x85BE, 0x85BE,
  0x85BE, 0x85BE, 0x85BE, 0x85BE, 0x85BE, 0x85BE, 0x85BE, 0x85BE, 0x85BE, 0x85BE, 0x85BE, 0x85BE,
  0x85BE, 0x85BE, 0x85BE, 0x85BE, 0x85BE, 0x85BE, 0x85BE, 0x85BE, 0x85BE, 0x85BE, 0x85BE, 0x85BE,
  0x85BE, 0x85BE, 0x85BE, 0x85BE, 0x85BE, 0x85BE, 0x85BE, 0x85BE, 0x85BE, 0x85BE, 0x85BE, 0x85BE,
  0x85BE, 0x85BE, 0x85BE, 0x85BE, 0x85BE, 0x85BE, 0x85BE, 0x85BE, 0x85BE, 0x85BE, 0x85BE, 0x85BE,
  0x85BE, 0x85BE, 0x85BE, 0x85BE, 0x85BE, 0x85DE, 0x85BE, 0x85BE, 0x85BE, 0x8DFE, 0x9E3F, 0xA69F,
  0x961F, 0x961E, 0x961E, 0x961E, 0x961E, 0x961E, 0x9E3E, 0x9E3E, 0x961C, 0xA65B, 0x95B4, 0x42E8,
  0x42A9, 0xADF7, 0xBEDB, 0xBEFD, 0xC73F, 0xC71F, 0xC6FF, 0xC6BF, 0xCF1F, 0xDF7F, 0xD75F, 0xD77F,
  0xD75F, 0xD77F, 0xCF3F, 0xC6FF, 0xBEDF, 0xB6DF, 0xB6BF, 0xB6BF, 0xAEBF, 0xAE9F, 0xA67F, 0xA67F,
  0x963F, 0x8DDE, 0x85BE, 0x85DE, 0x85DE, 0x85BE, 0x85BE, 0x85BE, 0x85BE, 0x85BE, 0x85BE, 0x85BE,
  0x85BE, 0x85BE, 0x85BE, 0x85BE, 0x85BE, 0x85BE, 0x85BE, 0x85BE, 0x85BE, 0x85BE, 0x85BE, 0x85BE,
  0x85BE, 0x85BE, 0x85BE, 0x85BE, 0x85BE, 0x85BE, 0x85BE, 0x85BE, 0x85BE, 0x85BE, 0x85BE, 0x85BE,
  0x85BE, 0x85BE, 0x85BE, 0x85BE, 0x85BE, 0x85BE, 0x85BE, 0x85BE, 0x85BE, 0x85BE, 0x85BE, 0x85BE,
  0x85BE, 0x85BE, 0x85BE, 0x85BE, 0x85BE, 0x85BE, 0x85BE, 0x85BE, 0x85BE, 0x85BE, 0x85BE, 0x85BE,
  0x85BE, 0x85BE, 0x85BE, 0x85BE, 0x85BE, 0x85BE, 0x85BE, 0x85BE, 0x85BE, 0x85BE, 0x85BE, 0x85BE,
  0x85BE, 0x85BE, 0x85BE, 0x85BE, 0x85BE, 0x85BE, 0x85BE, 0x85BE, 0x85BE, 0x85BE, 0x85BE, 0x85BE,
  0x85BE, 0x85DE, 0x85DE, 0x85BE, 0x85BE, 0x85BE, 0x8DDE, 0x8DDE, 0x8DDE, 0x8DDE, 0x8DDD, 0x8DDD,
  0x8DDD, 0x8DDD, 0x8DFD, 0x95FD, 0x9E5D, 0x5C32, 0x4309, 0x4B28, 0x5329, 0xB616, 0xCF3C, 0xC6FD,
  0xBF1E, 0xBEFF, 0xC6FF, 0xC6BF, 0xCF1F, 0xDF7F, 0xD75F, 0xD75F, 0xD75F, 0xD75F, 0xCF3F, 0xBEDF,
  0xBEDF, 0xB6DF, 0xB6BF, 0xAEBF, 0xAEBF, 0xAE9F, 0xA67F, 0xA67F, 0x963F, 0x8DDE, 0x85BE, 0x85DE,
  0x85DE, 0x85BE, 0x85BE, 0x85BE, 0x85BE, 0x85BE, 0x85BE, 0x85BE, 0x85BE, 0x85BE, 0x85BE, 0x85BE,
  0x85BE, 0x85BE, 0x85BE, 0x85BE, 0x85BE, 0x85BE, 0x85BE, 0x85BE, 0x85BE, 0x85BE, 0x85BE, 0x85BE,
  0x85BE, 0x85BE, 0x85BE, 0x85BE, 0x85BE, 0x85BE, 0x85BE, 0x85BE, 0x85BE, 0x85BE, 0x85BE, 0x85BE,
  0x85BE, 0x85BE, 0x85BE, 0x85BE, 0x85BE, 0x85BE, 0x85BE, 0x85BE, 0x85BE, 0x85BE, 0x85BE, 0x85BE,
  0x85BE, 0x85BE, 0x85BE, 0x85BE, 0x85BE, 0x85BE, 0x85BE, 0x85BE, 0x85BE, 0x85BE, 0x85BE, 0x85BE,
  0x85BE, 0x85BE, 0x85BE, 0x85BE, 0x85BE, 0x85BE, 0x85BE, 0x85BE, 0x85BE, 0x85BE, 0x85BE, 0x85BE,
  0x85BE, 0x85BE, 0x85BE, 0x85BE, 0x85BE, 0x85BE, 0x85BE, 0x85BE, 0x85BD, 0x85BE, 0x85DE, 0x85DE,
  0x85BE, 0x85BE, 0x85BD, 0x85BD, 0x8DBD, 0x85BD, 0x85BD, 0x85BD, 0x85BD, 0x8DBD, 0x8DDD, 0x8DDD,
  0x8DDC, 0x436F, 0x32A8, 0x4B28, 0x42C6, 0xAE35, 0xC6FA, 0xBEBB, 0xBEDE, 0xBEDF, 0xBEDF, 0xC6BF,
  0xCF1F, 0xDF7F, 0xD75F, 0xD75F, 0xD75F, 0xD75F, 0xCF1F, 0xBEDF, 0xBEDF, 0xB6BF, 0xAE9F, 0xAEBF,
  0xAEBF, 0xAE9F, 0xA67F, 0xA67F, 0x961F, 0x8DDE, 0x85BE, 0x85DE, 0x85DE, 0x85BE, 0x85BE, 0x85BE,
  0x85BE, 0x85BE, 0x85BE, 0x85BE, 0x85BE, 0x85BE, 0x85BE, 0x85BE, 0x85BE, 0x85BE, 0x85BE, 0x85BE,
  0x85BE, 0x85BE, 0x85BE, 0x85BE, 0x85BE, 0x85BE, 0x85BE, 0x85BE, 0x85BE, 0x85BE, 0x85BE, 0x85BE,
  0x85BE, 0x85BE, 0x85BE, 0x85BE, 0x85BE, 0x85BE, 0x85BE, 0x85BE, 0x85BE, 0x85BE, 0x85BE, 0x85BE,
  0x85BE, 0x85BE, 0x85BE, 0x85BE, 0x85BE, 0x85BE, 0x85BE, 0x85BE, 0x85BE, 0x85BE, 0x85BE, 0x85BE,
  0x85BE, 0x85BE, 0x85BE, 0x85BE, 0x85BE, 0x85BE, 0x85BE, 0x85BE, 0x85BE, 0x85BE, 0x85BE, 0x85BE,
  0x85BE, 0x85BE, 0x85BE, 0x85BE, 0x85BE, 0x85BE, 0x85BE, 0x85BE, 0x85BE, 0x85BE, 0x85BE, 0x85BE,
  0x85BE, 0x85BE, 0x85BE, 0x85DE, 0x85BE, 0x85BE, 0x85BE, 0x85BE, 0x85BE, 0x8DDE, 0x8DDE, 0x8DDE,
  0x8DDE, 0x8DDE, 0x85BE, 0x85BD, 0x8DDE, 0x8DDD, 0x8DDE, 0x8DDD, 0x8DFD, 0x8DD9, 0x7CF2, 0x4308,
  0x4B07, 0x9D91, 0x640D, 0x84F4, 0xB6DE, 0xB6DF, 0xBEDF, 0xBEBF, 0xCF1F, 0xDF7F, 0xD75F, 0xD75F,
  0xD77F, 0xD75F, 0xC71F, 0xBEDF, 0xBEDF, 0xB6BF, 0xAE9F, 0xAEBF, 0xAEBF, 0xAE9F, 0xA67F, 0xA67F,
  0x961F, 0x8DDE, 0x85BE, 0x85DE, 0x85DE, 0x85BE, 0x85BE, 0x85BE, 0x85BE, 0x85BE, 0x85BE, 0x85BE,
  0x85BE, 0x85BE, 0x85BE, 0x85BE, 0x85BE, 0x85BE, 0x85BE, 0x85BE, 0x85BE, 0x85BE, 0x85BE, 0x85BE,
  0x85BE, 0x85BE, 0x85BE, 0x85BE, 0x85BE, 0x85BE, 0x85BE, 0x85BE, 0x85BE, 0x85BE, 0x85BE, 0x85BE,
  0x85BE, 0x85BE, 0x85BE, 0x85BE, 0x85BE, 0x85BE, 0x85BE, 0x85BE, 0x85BE, 0x85BE, 0x85BE, 0x85BE,
  0x85BE, 0x85BE, 0x85BE, 0x85BE, 0x85BE, 0x85BE, 0x85BE, 0x85BE, 0x85BE, 0x85BE, 0x85BE, 0x85BE,
  0x85BE, 0x85BE, 0x85BE, 0x85BE, 0x85BE, 0x85BE, 0x85BE, 0x85BE, 0x85BE, 0x85BE, 0x85BE, 0x85BE,
  0x85BE, 0x85BE, 0x85BE, 0x85BE, 0x85BE, 0x85BE, 0x85BE, 0x85BE, 0x85BE, 0x85BE, 0x85BE, 0x85DE,
  0x85DE, 0x85DE, 0x85BE, 0x85BE, 0x85BE, 0x85BE, 0x85BE, 0x85BE, 0x85BE, 0x85BE, 0x85BE, 0x85BE,
  0x85BE, 0x85BE, 0x85DE, 0x85DE, 0x85BC, 0x963C, 0xAE7A, 0x63EC, 0x4B27, 0x6C0A, 0x3AC8, 0x6C51,
  0xB6DE, 0xB6DF, 0xBEDF, 0xBEDF, 0xCF1F, 0xDF7F, 0xD75F, 0xDF7F, 0xD77F, 0xD75F, 0xC6FF, 0xBEDF,
  0xBEDF, 0xB6BF, 0xAE9F, 0xB6BF, 0xAEBF, 0xAE9F, 0xA67F, 0xA67F, 0x963F, 0x8DDE, 0x85BE, 0x85DE,
  0x85DE, 0x85BE, 0x85BE, 0x85BE, 0x85BE, 0x85BE, 0x85BE, 0x85BE, 0x85BE, 0x85BE, 0x85BE, 0x85BE,
  0x85BE, 0x85BE, 0x85BE, 0x85BE, 0x85BE, 0x85BE, 0x85BE, 0x85BE, 0x85BE, 0x85BE, 0x85BE, 0x85BE,
  0x85BE, 0x85BE, 0x85BE, 0x85BE, 0x85BE, 0x85BE, 0x85BE, 0x85BE, 0x85BE, 0x85BE, 0x85BE, 0x85BE,
  0x85BE, 0x85BE, 0x85BE, 0x85BE, 0x85BE, 0x85BE, 0x85BE, 0x85BE, 0x85BE, 0x85BE, 0x85BE, 0x85BE,
  0x85BE, 0x85BE, 0x85BE, 0x85BE, 0x85BE, 0x85BE, 0x85BE, 0x85BE, 0x85BE, 0x85BE, 0x85BE, 0x85BE,
  0x85BE, 0x85BE, 0x85BE, 0x85BE, 0x85BE, 0x85BE, 0x85BE, 0x85BE, 0x85BE, 0x85BE, 0x85BE, 0x85BE,
  0x85BE, 0x85BE, 0x85BE, 0x85BE, 0x85BE, 0x85BE, 0x85BE, 0x85DE, 0x85DE, 0x85DE, 0x85DE, 0x85DE,
  0x85DE, 0x85BE, 0x85BE, 0x85BD, 0x85BE, 0x85BE, 0x85BE, 0x85BE, 0x85BE, 0x85DE, 0x85DE, 0x85DE,
  0x8DFE, 0x961D, 0x9E19, 0x63ED, 0x42C5, 0x3A83, 0x42E7, 0x6C50, 0xBEFE, 0xB6DF, 0xBEFF, 0xBEDF,
  0xCF1F, 0xDF7F, 0xD75F, 0xDF7F, 0xDF7F, 0xD75F, 0xC6FF, 0xBEDF, 0xBEFF, 0xB6BF, 0xAE9F, 0xB6BF,
  0xAEBF, 0xAE9F, 0xA67F, 0xA67F, 0x963F, 0x8DDE, 0x85BE, 0x85DE, 0x85DE, 0x85BE, 0x85BE, 0x85BE,
  0x85BE, 0x85BE, 0x85BE, 0x85BE, 0x85BE, 0x85BE, 0x85BE, 0x85BE, 0x85BE, 0x85BE, 0x85BE, 0x85BE,
  0x85BE, 0x85BE, 0x85BE, 0x85BE, 0x85BE, 0x85BE, 0x85BE, 0x85BE, 0x85BE, 0x85BE, 0x85BE, 0x85BE,
  0x85BE, 0x85BE, 0x85BE, 0x85BE, 0x85BE, 0x85BE, 0x85BE, 0x85BE, 0x85BE, 0x85BE, 0x85BE, 0x85BE,
  0x85BE, 0x85BE, 0x85BE, 0x85BE, 0x85BE, 0x85BE, 0x85BE, 0x85BE, 0x85BE, 0x85BE, 0x85BE, 0x85BE,
  0x85BE, 0x85BE, 0x85BE, 0x85BE, 0x85BE, 0x85BE, 0x85BE, 0x85BE, 0x85BE, 0x85BE, 0x85BE, 0x85BE,
  0x85BE, 0x85BE, 0x85BE, 0x85BE, 0x85BE, 0x85BE, 0x85BE, 0x85BE, 0x85BE, 0x85BE, 0x85BE, 0x85BE,
  0x85BE, 0x85BE, 0x85BE, 0x85DE, 0x85BE, 0x85DE, 0x85DE, 0x85DE, 0x85DE, 0x85DE, 0x85DE, 0x85DE,
  0x85BE, 0x85BE, 0x85BE, 0x85BE, 0x85DE, 0x85DE, 0x85DE, 0x85DE, 0x7D9E, 0x963E, 0x74D6, 0x3268,
  0x5367, 0x4B25, 0x5389, 0x9E17, 0xB6DE, 0xB6DF, 0xBEFF, 0xBEDE, 0xCF3F, 0xDF7F, 0xD75F, 0xDF5F,
  0xDF7F, 0xD75F, 0xC6FF, 0xBEDF, 0xBEFF, 0xB6DF, 0xAE9F, 0xB6BF, 0xAEBF, 0xAE9F, 0xA67F, 0xA67F,
  0x963F, 0x8DDE, 0x85BE, 0x85DE, 0x85BE, 0x85BE, 0x85BE, 0x85BE, 0x85DE, 0x85DE, 0x85DE, 0x85DE,
  0x85BE, 0x85BE, 0x85BE, 0x85BE, 0x85BE, 0x85BE, 0x85BE, 0x85BE, 0x85BE, 0x85BE, 0x85BE, 0x85BE,
  0x85BE, 0x85BE, 0x85BE, 0x85BE, 0x85BE, 0x85BE, 0x85BE, 0x85BE, 0x85BE, 0x85BE, 0x85BE, 0x85BE,
  0x85BE, 0x85BE, 0x85BE, 0x85BE, 0x85BE, 0x85BE, 0x85BE, 0x85BE, 0x85BE, 0x85BE, 0x85BE, 0x85BE,
  0x85BE, 0x85BE, 0x85BE, 0x85BE, 0x85BE, 0x85BE, 0x85BE, 0x85BE, 0x85BE, 0x85BE, 0x85BE, 0x85BE,
  0x85BE, 0x85BE, 0x85BE, 0x85BE, 0x85BE, 0x85BE, 0x85BE, 0x85BE, 0x85BE, 0x85BE, 0x85BE, 0x85BE,
  0x85BE, 0x85BE, 0x85BE, 0x85BE, 0x85BE, 0x85BE, 0x85BE, 0x85BE, 0x85BE, 0x85BE, 0x85BE, 0x85DE,
  0x85DE, 0x85DE, 0x85DE, 0x85BE, 0x85BD, 0x85BD, 0x85BE, 0x85BE, 0x85BE, 0x85BE, 0x85BE, 0x85BE,
  0x85DE, 0x85DE, 0x85DE, 0x85BE, 0x7D9E, 0x8DFE, 0x9E3C, 0x53AE, 0x3AC6, 0x3AC4, 0x640A, 0xCF5B,
  0xB6BD, 0xB6DF, 0xBEFF, 0xBEFE, 0xCF3F, 0xDF7F, 0xD75F, 0xDF5F, 0xD75F, 0xD75F, 0xC6FF, 0xBEFF,
  0xBEFF, 0xB6BF, 0xB69F, 0xAEBF, 0xAE9F, 0xAE9F, 0xA67F, 0xA65F, 0x963F, 0x8DDE, 0x85BE, 0x85BE,
  0x8DBE, 0x859E, 0x8DDF, 0x85BF, 0x7DBF, 0x85FF, 0x7D9E, 0x85DF, 0x85BE, 0x859E, 0x8DDE, 0x857C,
  0x8DDE, 0x85BD, 0x8DFF, 0x7D9E, 0x85BE, 0x85BE, 0x85BE, 0x85BE, 0x85BE, 0x85BE, 0x85BE, 0x85BE,
  0x85BE, 0x85BE, 0x85BE, 0x85BE, 0x85BE, 0x85BE, 0x85BE, 0x85BE, 0x85BE, 0x85BE, 0x85BE, 0x85BE,
  0x85BE, 0x85BE, 0x85BE, 0x85BE, 0x85BE, 0x85BE, 0x85BE, 0x85BE, 0x85BE, 0x85BE, 0x85BE, 0x85BE,
  0x85BE, 0x85BE, 0x85BE, 0x85BE, 0x85BE, 0x85BE, 0x85BE, 0x85BE, 0x85BE, 0x85BE, 0x85BE, 0x85BE,
  0x85BE, 0x85BE, 0x85BE, 0x85BE, 0x85BE, 0x85BE, 0x85BE, 0x85BE, 0x85BE, 0x85BE, 0x85BE, 0x85BE,
  0x85BE, 0x85BE, 0x85BE, 0x85BE, 0x85BE, 0x85BE, 0x85BE, 0x85BE, 0x85DE, 0x85DE, 0x85DE, 0x85DE,
  0x85DE, 0x85BE, 0x85BE, 0x85BE, 0x85BE, 0x85BE, 0x85BE, 0x85BE, 0x85BE, 0x85DE, 0x85DE, 0x85DE,
  0x85BE, 0x85DE, 0x9E3D, 0x8D77, 0x7D11, 0x4B47, 0x5387, 0x7CEF, 0x9DF9, 0xC6FF, 0xBEDE, 0xBEDD,
  0xCF3E, 0xE7BF, 0xDF5F, 0xDF3F, 0xD75F, 0xD75F, 0xC6FF, 0xBEDF, 0xBEFF, 0xB6BF, 0xB6BF, 0xAEBF,
  0xAE9F, 0xAE9F, 0xA67F, 0xA65F, 0x963F, 0x8DDE, 0x85BE, 0x85DE, 0x8DDE, 0x859D, 0x8DFF, 0x85BE,
  0x85FF, 0x7DBE, 0x85FF, 0x85DE, 0x8DFF, 0x859D, 0x8D9D, 0x8D9D, 0x8DDD, 0x859D, 0x85BE, 0x85DF,
  0x85BE, 0x85BE, 0x85BE, 0x85BE, 0x85BE, 0x85BE, 0x85BE, 0x85BE, 0x85BE, 0x85BE, 0x85BE, 0x85BE,
  0x85BE, 0x85BE, 0x85BE, 0x85BE, 0x85BE, 0x85BE, 0x85BE, 0x85BE, 0x85BE, 0x85BE, 0x85BE, 0x85BE,
  0x85BE, 0x85BE, 0x85BE, 0x85BE, 0x85BE, 0x85BE, 0x85BE, 0x85BE, 0x85BE, 0x85BE, 0x85BE, 0x85BE,
  0x85BE, 0x85BE, 0x85BE, 0x85BE, 0x85BE, 0x85BE, 0x85BE, 0x85BE, 0x85BE, 0x85BE, 0x85BE, 0x85BE,
  0x85BE, 0x85BE, 0x85BE, 0x85BE, 0x85BE, 0x85BE, 0x85BE, 0x85BE, 0x85BE, 0x85BE, 0x85BE, 0x85BE,
  0x85BE, 0x85BE, 0x85BE, 0x85BE, 0x85BE, 0x85BE, 0x85BE, 0x85BE, 0x85BE, 0x85BE, 0x85BE, 0x85BE,
  0x85BE, 0x85BE, 0x85BE, 0x85BE, 0x85BE, 0x85BE, 0x85BE, 0x85DE, 0x85DE, 0x85BE, 0x9E5F, 0xAE9D,
  0x9DF7, 0x5BCB, 0x3AE4, 0x32A5, 0x8D35, 0xC6FE, 0xC6FE, 0xBEDD, 0xCF1E, 0xDF7F, 0xDF3F, 0xDF3F,
  0xD75F, 0xD75F, 0xC6DE, 0xBEDF, 0xBEFF, 0xB6BF, 0xB6BF, 0xAE9F, 0xAE9F, 0xAE9F, 0xA67F, 0xA65F,
  0x963F, 0x8DDE, 0x85DD, 0x85DE, 0x85BE, 0x859D, 0x85DD, 0x7DBC, 0x85FD, 0x85DD, 0x8DFE, 0x85BD,
  0x859D, 0x8DDD, 0x95FD, 0x95FE, 0x8DBD, 0x85BD, 0x85BE, 0x85FE, 0x85DE, 0x85BE, 0x85BE, 0x85BE,
  0x85BE, 0x85BE, 0x85BE, 0x85BE, 0x85BE, 0x85BE, 0x85BE, 0x85BE, 0x85BE, 0x85BE, 0x85BE, 0x85BE,
  0x85BE, 0x85BE, 0x85BE, 0x85BE, 0x85BE, 0x85BE, 0x85BE, 0x85BE, 0x85BE, 0x85BE, 0x85BE, 0x85BE,
  0x85BE, 0x85BE, 0x85BE, 0x85BE, 0x85BE, 0x85BE, 0x85BE, 0x85BE, 0x85BE, 0x85BE, 0x85BE, 0x85BE,
  0x85BE, 0x85BE, 0x85BE, 0x85BE, 0x85BE, 0x85BE, 0x85BE, 0x85BE, 0x85BE, 0x85BE, 0x85BE, 0x85BE,
  0x85BE, 0x85BE, 0x85BE, 0x85BE, 0x85BE, 0x85BE, 0x85BE, 0x85BE, 0x85BE, 0x85BE, 0x85BE, 0x85BE,
  0x85BE, 0x85BE, 0x85BE, 0x85BE, 0x85BE, 0x85BE, 0x85BE, 0x85BE, 0x85BE, 0x85BE, 0x85BE, 0x85BE,
  0x85BE, 0x85BE, 0x85BE, 0x85DE, 0x7DBE, 0x8DFE, 0x95FD, 0xA65D, 0x6431, 0x2225, 0x4B47, 0x3AE7,
  0x8514, 0xC71E, 0xBEFE, 0xBEDD, 0xCF5F, 0xD75F, 0xDF5F, 0xDF5F, 0xD75F, 0xD75F, 0xC6DE, 0xBEDE,
  0xBEFF, 0xB6DF, 0xB6BF, 0xAE9F, 0xAE9F, 0xAE9F, 0xA67F, 0xA65F, 0x963F, 0x8DDE, 0x85DD, 0x85DE,
  0x85DF, 0x8DFF, 0x85BC, 0x8DDC, 0x8DDC, 0x8DDC, 0x7D3A, 0x8DBB, 0x8DDB, 0x7D38, 0x6CD7, 0x7D39,
  0x8DBD, 0x8DDE, 0x85DE, 0x85BE, 0x85DE, 0x85BE, 0x85BE, 0x85BE, 0x85BE, 0x85BE, 0x85BE, 0x85BE,
  0x85BE, 0x85BE, 0x85BE, 0x85BE, 0x85BE, 0x85BE, 0x85BE, 0x85BE, 0x85BE, 0x85BE, 0x85BE, 0x85BE,
  0x85BE, 0x85BE, 0x85BE, 0x85BE, 0x85BE, 0x85BE, 0x85BE, 0x85BE, 0x85BE, 0x85BE, 0x85BE, 0x85BE,
  0x85BE, 0x85BE, 0x85BE, 0x85BE, 0x85BE, 0x85BE, 0x85BE, 0x85BE, 0x85BE, 0x85BE, 0x85BE, 0x85BE,
  0x85BE, 0x85BE, 0x85BE, 0x85BE, 0x85BE, 0x85BE, 0x85BE, 0x85BE, 0x85BE, 0x85BE, 0x85BE, 0x85BE,
  0x85BE, 0x85BE, 0x85BE, 0x85BE, 0x85BE, 0x85BE, 0x85BE, 0x85BE, 0x85BE, 0x85BE, 0x85BE, 0x85BE,
  0x85BE, 0x85BE, 0x85BE, 0x85BE, 0x85BE, 0x85BE, 0x85BE, 0x85BE, 0x85BE, 0x85BE, 0x85BE, 0x85DE,
  0x85DE, 0x963F, 0x9E5F, 0xAE9E, 0x8536, 0x5BCE, 0x4348, 0x32C7, 0x8D75, 0xCF3E, 0xB6BC, 0xBEBD,
  0xD79F, 0xD75F, 0xDF5F, 0xDF5F, 0xD75F, 0xD75F, 0xC6FF, 0xBEDE, 0xBEFF, 0xB6DF, 0xB6BF, 0xAE9F,
  0xAE9F, 0xAE9F, 0xA67F, 0xA65F, 0x963F, 0x8DDE, 0x85DD, 0x85DE, 0x85BF, 0x85DF, 0x85BE, 0x8DDD,
  0x8DBD, 0x74B8, 0x53D2, 0x95F9, 0x8DB6, 0x438C, 0x2ACA, 0x5411, 0x8DFC, 0x85DD, 0x85BE, 0x85BE,
  0x85BE, 0x85BE, 0x85BE, 0x85BE, 0x85BE, 0x85BE, 0x85BE, 0x85BE, 0x85BE, 0x85BE, 0x85BE, 0x85BE,
  0x85BE, 0x85BE, 0x85BE, 0x85BE, 0x85BE, 0x85BE, 0x85BE, 0x85BE, 0x85BE, 0x85BE, 0x85BE, 0x85BE,
  0x85BE, 0x85BE, 0x85BE, 0x85BE, 0x85BE, 0x85BE, 0x85BE, 0x85BE, 0x85BE, 0x85BE, 0x85BE, 0x85BE,
  0x85BE, 0x85BE, 0x85BE, 0x85BE, 0x85BE, 0x85BE, 0x85BE, 0x85BE, 0x85BE, 0x85BE, 0x85BE, 0x85BE,
  0x85BE, 0x85BE, 0x85BE, 0x85BE, 0x85BE, 0x85BE, 0x85BE, 0x85BE, 0x85BE, 0x85BE, 0x85BE, 0x85BE,
  0x85BE, 0x85BE, 0x85BE, 0x85BE, 0x85BE, 0x85BE, 0x85BE, 0x85BE, 0x85BE, 0x85BE, 0x85BE, 0x85BE,
  0x85BE, 0x85BE, 0x85BE, 0x85BE, 0x85BE, 0x85BE, 0x85BE, 0x85DE, 0x85DE, 0x8E1E, 0x9E3F, 0x9DFD,
  0xB6BE, 0xB69A, 0x432A, 0x3AE8, 0x7491, 0xBEFC, 0xBEDD, 0xBEBD, 0xD77F, 0xD73F, 0xDF5F, 0xD75F,
  0xD75F, 0xD77F, 0xC6FF, 0xBEDF, 0xBEFF, 0xB6DF, 0xB6DF, 0xAEBF, 0xAE9F, 0xAE9F, 0xA67F, 0xA65F,
  0x963F, 0x8DDE, 0x85DD, 0x85DE, 0x7DBE, 0x7D9D, 0x8DDE, 0x8D9C, 0x9DFD, 0x5391, 0x4B2D, 0x9DF6,
  0x53CC, 0x2AC8, 0x3B6C, 0x6493, 0x963C, 0x85BD, 0x85BE, 0x85DF, 0x85BE, 0x85BE, 0x85BE, 0x85BE,
  0x85BE, 0x85BE, 0x85BE, 0x85BE, 0x85BE, 0x85BE, 0x85BE, 0x85BE, 0x85BE, 0x85BE, 0x85BE, 0x85BE,
  0x85BE, 0x85BE, 0x85BE, 0x85BE, 0x85BE, 0x85BE, 0x85BE, 0x85BE, 0x85BE, 0x85BE, 0x85BE, 0x85BE,
  0x85BE, 0x85BE, 0x85BE, 0x85BE, 0x85BE, 0x85BE, 0x85BE, 0x85BE, 0x85BE, 0x85BE, 0x85BE, 0x85BE,
  0x85BE, 0x85BE, 0x85BE, 0x85BE, 0x85BE, 0x85BE, 0x85BE, 0x85BE, 0x85BE, 0x85BE, 0x85BE, 0x85BE,
  0x85BE, 0x85BE, 0x85BE, 0x85BE, 0x85BE, 0x85BE, 0x85BE, 0x85BE, 0x85BE, 0x85BE, 0x85BE, 0x85BE,
  0x85BE, 0x85BE, 0x85BE, 0x85BE, 0x85BE, 0x85BE, 0x85BE, 0x85BE, 0x85BE, 0x85BE, 0x85BE, 0x85BE,
  0x85BE, 0x85BE, 0x85BE, 0x85DE, 0x85DD, 0x963F, 0xA67F, 0xAE9F, 0xAE9E, 0xA63B, 0x6430, 0x3AE9,
  0x3ACA, 0xA639, 0xCF3E, 0xBEBD, 0xCF1F, 0xD73F, 0xDF9F, 0xDF5E, 0xD75F, 0xD77F, 0xC71F, 0xBEFF,
  0xBEDF, 0xB6BF, 0xB6BF, 0xAEBF, 0xAEBF, 0xAE9F, 0xA67F, 0xA67F, 0x963F, 0x8DDE, 0x85BE, 0x85DD,
  0x861C, 0x85FC, 0x8DBB, 0x8539, 0x95B8, 0x4B2D, 0x536B, 0x7CD0, 0x3AE9, 0x5410, 0x8578, 0x85DB,
  0x8DFD, 0x85BD, 0x8DDE, 0x85BE, 0x85BE, 0x85BE, 0x85BE, 0x85BE, 0x85BE, 0x85BE, 0x85BE, 0x85BE,
  0x85BE, 0x85BE, 0x85BE, 0x85BE, 0x85BE, 0x85BE, 0x85BE, 0x85BE, 0x85BE, 0x85BE, 0x85BE, 0x85BE,
  0x85BE, 0x85BE, 0x85BE, 0x85BE, 0x85BE, 0x85BE, 0x85BE, 0x85BE, 0x85BE, 0x85BE, 0x85BE, 0x85BE,
  0x85BE, 0x85BE, 0x85BE, 0x85BE, 0x85BE, 0x85BE, 0x85BE, 0x85BE, 0x85BE, 0x85BE, 0x85BE, 0x85BE,
  0x85BE, 0x85BE, 0x85BE, 0x85BE, 0x85BE, 0x85BE, 0x85BE, 0x85BE, 0x85BE, 0x85BE, 0x85BE, 0x85BE,
  0x85BE, 0x85BE, 0x85BE, 0x85BE, 0x85BE, 0x85BE, 0x85BE, 0x85BE, 0x85BE, 0x85BE, 0x85BE, 0x85BE,
  0x85BE, 0x85BE, 0x85BE, 0x85BE, 0x85BE, 0x85BE, 0x85BE, 0x85BE, 0x85BE, 0x85BE, 0x85BE, 0x85DE,
  0x85BD, 0x8DFE, 0x95FE, 0xAEBF, 0xA65F, 0xAE7E, 0xBEFD, 0x95B6, 0x3AEA, 0x9DF7, 0xCF3E, 0xBEBD,
  0xCF1F, 0xD75F, 0xDF9F, 0xD75D, 0xD75F, 0xD77F, 0xCF3F, 0xBEFF, 0xBEDF, 0xB6BF, 0xB6BF, 0xB6BF,
  0xAEBF, 0xAE9F, 0xA67F, 0xA67F, 0x963F, 0x8DDE, 0x85BE, 0x85DE, 0x7DDC, 0x8E1C, 0x6CF7, 0x6454,
  0x7471, 0x42C9, 0x4B28, 0x3AA6, 0x74B1, 0x8576, 0x95FB, 0x8DDD, 0x85BD, 0x85DE, 0x8DDE, 0x85BE,
  0x85BE, 0x85BE, 0x85BE, 0x85BE, 0x85BE, 0x85BE, 0x85BE, 0x85BE, 0x85BE, 0x85BE, 0x85BE, 0x85BE,
  0x85BE, 0x85BE, 0x85BE, 0x85BE, 0x85BE, 0x85BE, 0x85BE, 0x85BE, 0x85BE, 0x85BE, 0x85BE, 0x85BE,
  0x85BE, 0x85BE, 0x85BE, 0x85BE, 0x85BE, 0x85BE, 0x85BE, 0x85BE, 0x85BE, 0x85BE, 0x85BE, 0x85BE,
  0x85BE, 0x85BE, 0x85BE, 0x85BE, 0x85BE, 0x85BE, 0x85BE, 0x85BE, 0x85BE, 0x85BE, 0x85BE, 0x85BE,
  0x85BE, 0x85BE, 0x85BE, 0x85BE, 0x85BE, 0x85BE, 0x85BE, 0x85BE, 0x85BE, 0x85BE, 0x85BE, 0x85BE,
  0x85BE, 0x85BE, 0x85BE, 0x85BE, 0x85BE, 0x85BE, 0x85BE, 0x85BE, 0x85BE, 0x85BE, 0x85BE, 0x85BE,
  0x85BE, 0x85BE, 0x85BE, 0x85BE, 0x85BE, 0x85BE, 0x85BE, 0x85DE, 0x85FE, 0x8E1E, 0xA69F, 0x9E3F,
  0xAE7F, 0xBEDF, 0xAE5C, 0xBEFC, 0x6C70, 0xA637, 0xC71D, 0xBEBD, 0xD75F, 0xDF7F, 0xD75D, 0xCF1A,
  0xD75F, 0xDFBF, 0xCF3F, 0xBEDF, 0xBEDF, 0xBEDF, 0xB6BF, 0xAE9F, 0xAE9F, 0xAE9F, 0xAE9F, 0x9E5E,
  0x9E3F, 0x8DFF, 0x859F, 0x85BF, 0x85DE, 0x8DDD, 0x74F8, 0x5C12, 0x6C70, 0x3AC7, 0x4B47, 0x42E7,
  0x432A, 0x4B8F, 0x7D59, 0x8DFD, 0x85BD, 0x8DFE, 0x85BE, 0x85BE, 0x85BE, 0x85BE, 0x85BE, 0x85BE,
  0x85BE, 0x85BE, 0x85BE, 0x85BE, 0x85BE, 0x85BE, 0x85BE, 0x85BE, 0x85BE, 0x85BE, 0x85BE, 0x85BE,
  0x85BE, 0x85BE, 0x85BE, 0x85BE, 0x85BE, 0x85BE, 0x85BE, 0x85BE, 0x85BE, 0x85BE, 0x85BE, 0x85BE,
  0x85BE, 0x85BE, 0x85BE, 0x85BE, 0x85BE, 0x85BE, 0x85BE, 0x85BE, 0x85BE, 0x85BE, 0x85BE, 0x85BE,
  0x85BE, 0x85BE, 0x85BE, 0x85BE, 0x85BE, 0x85BE, 0x85BE, 0x85BE, 0x85BE, 0x85BE, 0x85BE, 0x85BE,
  0x85BE, 0x85BE, 0x85BE, 0x85BE, 0x85BE, 0x85BE, 0x85BE, 0x85BE, 0x85BE, 0x85BE, 0x85BE, 0x85BE,
  0x85BE, 0x85BE, 0x85BE, 0x85BE, 0x85BE, 0x85BE, 0x85BE, 0x85BE, 0x85BE, 0x85BE, 0x85BE, 0x85BE,
  0x85BE, 0x85BE, 0x85BE, 0x85DE, 0x85FE, 0x8E1E, 0x9E5F, 0xA67F, 0xAE9F, 0xAE9F, 0xB6BE, 0xBEFD,
  0x6C91, 0x9DD6, 0xCF3D, 0xBEBD, 0xD73F, 0xDF7F, 0xBE99, 0x4B09, 0xD73E, 0xDF9F, 0xC6FF, 0xB69E,
  0xBEFF, 0xBEDF, 0xB69F, 0xB6DF, 0xB6BF, 0xAEBF, 0xAE9E, 0xA67F, 0x9E3F, 0x95FF, 0x859F, 0x85BF,
  0x85BE, 0x8DBC, 0x74F6, 0x6C71, 0x642D, 0x42E7, 0x3AC7, 0x642D, 0x95B6, 0x8557, 0x95FC, 0x8DFD,
  0x859D, 0x8DDE, 0x85BE, 0x85BE, 0x85BE, 0x85BE, 0x85BE, 0x85BE, 0x85BE, 0x85BE, 0x85BE, 0x85BE,
  0x85BE, 0x85BE, 0x85BE, 0x85BE, 0x85BE, 0x85BE, 0x85BE, 0x85BE, 0x85BE, 0x85BE, 0x85BE, 0x85BE,
  0x85BE, 0x85BE, 0x85BE, 0x85BE, 0x85BE, 0x85BE, 0x85BE, 0x85BE, 0x85BE, 0x85BE, 0x85BE, 0x85BE,
  0x85BE, 0x85BE, 0x85BE, 0x85BE, 0x85BE, 0x85BE, 0x85BE, 0x85BE, 0x85BE, 0x85BE, 0x85BE, 0x85BE,
  0x85BE, 0x85BE, 0x85BE, 0x85BE, 0x85BE, 0x85BE, 0x85BE, 0x85BE, 0x85BE, 0x85BE, 0x85BE, 0x85BE,
  0x85BE, 0x85BE, 0x85BE, 0x85BE, 0x85BE, 0x85BE, 0x85BE, 0x85BE, 0x85BE, 0x85BE, 0x85BE, 0x85BE,
  0x85BE, 0x85BE, 0x85BE, 0x85BE, 0x85BE, 0x85BE, 0x85BE, 0x85BE, 0x85BE, 0x85BE, 0x85BE, 0x85DE,
  0x85DD, 0x8DFE, 0x9E5F, 0xA67F, 0xAE7F, 0xAE9F, 0xB6BF, 0xBEDD, 0x6C71, 0x432B, 0xC6FC, 0xCF1E,
  0xD73F, 0xE7DF, 0xB677, 0x42C7, 0xDF7F, 0xDF7F, 0xD75F, 0xC6FF, 0xBEFF, 0xB6BF, 0xB69F, 0xB6BF,
  0xB6BF, 0xAEBF, 0xA67E, 0xAE9F, 0x9E3F, 0x961F, 0x85BF, 0x85DE, 0x8DDB, 0x5411, 0x436B, 0x3B29,
  0x4349, 0x8511, 0x9576, 0x8D78, 0x9E1C, 0x857B, 0x8DDD, 0x85BD, 0x859D, 0x8DDF, 0x85BF, 0x85BF,
  0x85BE, 0x85BE, 0x85BE, 0x85BE, 0x85BE, 0x85BE, 0x85BE, 0x85BE, 0x85BE, 0x85BE, 0x85BE, 0x85BE,
  0x85BE, 0x85BE, 0x85BE, 0x85BE, 0x85BE, 0x85BE, 0x85BE, 0x85BE, 0x85BE, 0x85BE, 0x85BE, 0x85BE,
  0x85BE, 0x85BE, 0x85BE, 0x85BE, 0x85BE, 0x85BE, 0x85BE, 0x85BE, 0x85BE, 0x85BE, 0x85BE, 0x85BE,
  0x85BE, 0x85BE, 0x85BE, 0x85BE, 0x85BE, 0x85BE, 0x85BE, 0x85BE, 0x85BE, 0x85BE, 0x85BE, 0x85BE,
  0x85BE, 0x85BE, 0x85BE, 0x85BE, 0x85BE, 0x85BE, 0x85BE, 0x85BE, 0x85BE, 0x85BE, 0x85BE, 0x85BE,
  0x85BE, 0x85BE, 0x85BE, 0x85BE, 0x85BE, 0x85BE, 0x85BE, 0x85BE, 0x85BE, 0x85BE, 0x85BE, 0x85BE,
  0x85DE, 0x85DE, 0x85BE, 0x85BE, 0x85BE, 0x85BE, 0x85BE, 0x85BE, 0x85BD, 0x961E, 0x9E5F, 0xA67F,
  0xAE7F, 0xAE9F, 0xB6BF, 0xB6BD, 0xA639, 0x6410, 0xB65A, 0xCF3E, 0xDFBF, 0xD75D, 0x5BAB, 0x42E7,
  0xDF5F, 0xD75F, 0xD77F, 0xC6FE, 0xB6BE, 0xBEFF, 0xBEFF, 0xAE7E, 0xB69F, 0xAEBF, 0xA65E, 0xAE9F,
  0x9E3F, 0x961F, 0x8DDF, 0x85BD, 0x95FA, 0x434C, 0x32E8, 0x3B48, 0x3B49, 0x432B, 0x5BF2, 0x95DC,
  0x8D9C, 0x857C, 0x8DDE, 0x8DDE, 0x85BE, 0x8DDF, 0x85BF, 0x85BF, 0x85BE, 0x85BE, 0x85BE, 0x85BE,
  0x85BE, 0x85BE, 0x85BE, 0x85BE, 0x85BE, 0x85BE, 0x85BE, 0x85BE, 0x85BE, 0x85BE, 0x85BE, 0x85BE,
  0x85BE, 0x85BE, 0x85BE, 0x85BE, 0x85BE, 0x85BE, 0x85BE, 0x85BE, 0x85BE, 0x85BE, 0x85BE, 0x85BE,
  0x85BE, 0x85BE, 0x85BE, 0x85BE, 0x85BE, 0x85BE, 0x85BE, 0x85BE, 0x85BE, 0x85BE, 0x85BE, 0x85BE,
  0x85BE, 0x85BE, 0x85BE, 0x85BE, 0x85BE, 0x85BE, 0x85BE, 0x85BE, 0x85BE, 0x85BE, 0x85BE, 0x85BE,
  0x85BE, 0x85BE, 0x85BE, 0x85BE, 0x85BE, 0x85BE, 0x85BE, 0x85BE, 0x85BE, 0x85BE, 0x85BE, 0x85BE,
  0x85BE, 0x85BE, 0x85BE, 0x85BE, 0x85BE, 0x85BE, 0x85BE, 0x85BE, 0x85DE, 0x85DE, 0x85BE, 0x85BE,
  0x85BE, 0x85BE, 0x85BE, 0x85BE, 0x8DDE, 0x963F, 0xA67F, 0xA67F, 0xA69F, 0xAEBF, 0xB6BF, 0xB69D,
  0xC73D, 0x6C30, 0xBE7B, 0xCF1E, 0xDF9E, 0x7C90, 0x3AA6, 0x4B47, 0xDF5F, 0xD75F, 0xD77F, 0xC6DD,
  0xC71E, 0xBEFD, 0xB6DD, 0xB6BE, 0xB69E, 0xB6BF, 0xA65F, 0xAE9F, 0x9E3F, 0x961F, 0x8DFE, 0x857B,
  0x95B9, 0x5BF0, 0x32E9, 0x32C7, 0x332A, 0x5C50, 0x7D58, 0x8DBC, 0x8DBE, 0x85BE, 0x8DDF, 0x8DDF,
  0x85BE, 0x85BE, 0x85BD, 0x85DD, 0x85DE, 0x85BE, 0x85BE, 0x85BE, 0x85BE, 0x85BE, 0x85BE, 0x85BE,
  0x85BE, 0x85BE, 0x85BE, 0x85BE, 0x85BE, 0x85BE, 0x85BE, 0x85BE, 0x85BE, 0x85BE, 0x85BE, 0x85BE,
  0x85BE, 0x85BE, 0x85BE, 0x85BE, 0x85BE, 0x85BE, 0x85BE, 0x85BE, 0x85BE, 0x85BE, 0x85BE, 0x85BE,
  0x85BE, 0x85BE, 0x85BE, 0x85BE, 0x85BE, 0x85BE, 0x85BE, 0x85BE, 0x85BE, 0x85BE, 0x85BE, 0x85BE,
  0x85BE, 0x85BE, 0x85BE, 0x85BE, 0x85BE, 0x85BE, 0x85BE, 0x85BE, 0x85BE, 0x85BE, 0x85BE, 0x85BE,
  0x85BE, 0x85BE, 0x85BE, 0x85BE, 0x85BE, 0x85BE, 0x85BE, 0x85BE, 0x85BE, 0x85BE, 0x85BE, 0x85BE,
  0x85BE, 0x85BE, 0x85BE, 0x85BE, 0x85DE, 0x85BE, 0x85BE, 0x85BE, 0x85BE, 0x85BE, 0x85BE, 0x85BE,
  0x8DFE, 0x9E3F, 0xA67F, 0xA69F, 0xAE9F, 0xAEBF, 0xB6BF, 0xB67E, 0xC6FD, 0x538E, 0xB65B, 0xD73D,
  0xE7BD, 0x63AB, 0x4306, 0x4305, 0xDF7F, 0xD75F, 0xDF9F, 0xCF5D, 0xC73C, 0x7CF3, 0x6C93, 0xBEDD,
  0xB6BE, 0xB6BF, 0xAE7F, 0xAE7F, 0x9E5F, 0x961E, 0x8E1D, 0x7517, 0x84F4, 0x5B8D, 0x4B4B, 0x7D33,
  0x7514, 0x85D8, 0x963C, 0x85BC, 0x85BE, 0x859E, 0x857E, 0x859F, 0x85BF, 0x85DE, 0x85DD, 0x85DD,
  0x85DD, 0x85BE, 0x85BE, 0x85BE, 0x85BE, 0x85BE, 0x85BE, 0x85BE, 0x85BE, 0x85BE, 0x85BE, 0x85BE,
  0x85BE, 0x85BE, 0x85BE, 0x85BE, 0x85BE, 0x85BE, 0x85BE, 0x85BE, 0x85BE, 0x85BE, 0x85BE, 0x85BE,
  0x85BE, 0x85BE, 0x85BE, 0x85BE, 0x85BE, 0x85BE, 0x85BE, 0x85BE, 0x85BE, 0x85BE, 0x85BE, 0x85BE,
  0x85BE, 0x85BE, 0x85BE, 0x85BE, 0x85BE, 0x85BE, 0x85BE, 0x85BE, 0x85BE, 0x85BE, 0x85BE, 0x85BE,
  0x85BE, 0x85BE, 0x85BE, 0x85BE, 0x85BE, 0x85BE, 0x85BE, 0x85BE, 0x85BE, 0x85BE, 0x85BE, 0x85BE,
  0x85BE, 0x85BE, 0x85BE, 0x85BE, 0x85BE, 0x85BE, 0x85BE, 0x85BE, 0x85BE, 0x85BE, 0x85BE, 0x85BE,
  0x85BE, 0x85BE, 0x85BE, 0x85BE, 0x85BE, 0x85BE, 0x85BE, 0x85BE, 0x8DFF, 0x9E3F, 0xA67F, 0xA69F,
  0xAEBE, 0xAEBE, 0xB6BF, 0xB69E, 0xBEDD, 0x7473, 0xBE9C, 0xDF5E, 0xDFBC, 0x744C, 0x3AC4, 0x4304,
  0xDF5F, 0xD73E, 0xDF9E, 0xAE58, 0x7D12, 0x3AC9, 0x4B8D, 0xB6BB, 0xB69E, 0xB69F, 0xB69F, 0xAE5F,
  0xA67F, 0x961E, 0x963D, 0x6CD4, 0x5BCA, 0x5368, 0x430A, 0x74F4, 0x8E1B, 0x85FC, 0x757B, 0x861E,
  0x85DF, 0x85DF, 0x85BF, 0x8DBF, 0x8DDF, 0x85DE, 0x85DC, 0x85DC, 0x85DD, 0x85BE, 0x85BE, 0x85BE,
  0x85BE, 0x85BE, 0x85BE, 0x85BE, 0x85BE, 0x85BE, 0x85BE, 0x85BE, 0x85BE, 0x85BE, 0x85BE, 0x85BE,
  0x85BE, 0x85BE, 0x85BE, 0x85BE, 0x85BE, 0x85BE, 0x85BE, 0x85BE, 0x85BE, 0x85BE, 0x85BE, 0x85BE,
  0x85BE, 0x85BE, 0x85BE, 0x85BE, 0x85BE, 0x85BE, 0x85BE, 0x85BE, 0x85BE, 0x85BE, 0x85BE, 0x85BE,
  0x85BE, 0x85BE, 0x85BE, 0x85BE, 0x85BE, 0x85BE, 0x85BE, 0x85BE, 0x85BE, 0x85BE, 0x85BE, 0x85BE,
  0x85BE, 0x85BE, 0x85BE, 0x85BE, 0x85BE, 0x85BE, 0x85BE, 0x85BE, 0x85BE, 0x85BE, 0x85BE, 0x85BE,
  0x85BE, 0x85BE, 0x85BE, 0x85BE, 0x85BE, 0x85BE, 0x85BE, 0x85BE, 0x85BE, 0x85BE, 0x85BE, 0x85BE,
  0x85BE, 0x85DE, 0x85DE, 0x85DE, 0x961F, 0x9E3F, 0xA67F, 0xA69F, 0xAEBE, 0xAEBE, 0xB6BF, 0xB6BF,
  0xBEDD, 0x63D1, 0xC6BD, 0xDF9E, 0xAE15, 0x42E6, 0x4B46, 0x4B45, 0xDF5F, 0xDF5E, 0xD77C, 0x6C4E,
  0x2A46, 0x3AEA, 0x8D75, 0xBEDD, 0xB69E, 0xB69F, 0xB69F, 0xA63F, 0xAE9F, 0x9E3E, 0x9E5D, 0x6CB2,
  0x32A6, 0x3AE7, 0x5C10, 0x74F7, 0x8DDD, 0x85DD, 0x85FE, 0x7DBD, 0x7DBE, 0x85DF, 0x85BF, 0x859F,
  0x85BE, 0x7DBD, 0x85DC, 0x85FC, 0x85DD, 0x85DE, 0x85DE, 0x85BE, 0x85BE, 0x85BE, 0x85DE, 0x85BE,
  0x85BE, 0x85BE, 0x85BE, 0x85BE, 0x85BE, 0x85BE, 0x85BE, 0x85BE, 0x85BE, 0x85BE, 0x85DD, 0x85DD,
  0x85DE, 0x85BE, 0x85BE, 0x85BE, 0x85BE, 0x85BE, 0x85BE, 0x85BE, 0x85BE, 0x85BE, 0x85BE, 0x85BE,
  0x85BE, 0x85BE, 0x85BE, 0x85BE, 0x85BE, 0x85BE, 0x85BE, 0x85BE, 0x85DE, 0x85DE, 0x85BE, 0x85BE,
  0x85DE, 0x85DE, 0x85DE, 0x85DE, 0x85BE, 0x85BE, 0x85BE, 0x85BE, 0x85BE, 0x85BE, 0x85BE, 0x85BE,
  0x85BE, 0x85BE, 0x85BE, 0x85BE, 0x85BE, 0x85BE, 0x85BE, 0x85BE, 0x85BE, 0x85BE, 0x85BE, 0x85BE,
  0x85BE, 0x85BE, 0x85BE, 0x85BE, 0x85BE, 0x85BE, 0x85BE, 0x85BE, 0x85BE, 0x85DE, 0x85DE, 0x8DBE,
  0x9E3F, 0x9E5F, 0xA67F, 0xAEBF, 0xAEDE, 0xAEBE, 0xB6BF, 0xB6BF, 0xC6FE, 0x5B6F, 0x8CF5, 0xE7DF,
  0x7C8E, 0x3AA4, 0x4B45, 0x4303, 0xDF9F, 0xE7DE, 0x84EF, 0x32A6, 0x4B2A, 0x7CD3, 0xBEBD, 0xC71F,
  0xB6BE, 0xB69F, 0xAE7F, 0xAE7F, 0xA65F, 0x9E1E, 0xA65C, 0x74F4, 0x438D, 0x7514, 0x8DDA, 0x8DDD,
  0x8DBE, 0x85BE, 0x85BD, 0x85FE, 0x85BD, 0x85DE, 0x85BF, 0x85BF, 0x85DF, 0x85DD, 0x85FC, 0x85FC,
  0x85DD, 0x85DE, 0x85DE, 0x85DE, 0x85BE, 0x85DE, 0x85BD, 0x85BD, 0x85BE, 0x85BF, 0x85BF, 0x85BF,
  0x85BE, 0x85BE, 0x85BE, 0x85BE, 0x85BE, 0x85BE, 0x85DC, 0x85DC, 0x85DD, 0x85BE, 0x85BF, 0x85BF,
  0x8DBF, 0x859F, 0x8DBE, 0x85BE, 0x85BD, 0x85DE, 0x85BE, 0x85BE, 0x85DE, 0x85DE, 0x85DE, 0x85BE,
  0x85BE, 0x85DE, 0x85DF, 0x85BE, 0x85DD, 0x85DD, 0x8DDF, 0x85BE, 0x85BD, 0x85FE, 0x85DD, 0x85DD,
  0x8DDE, 0x8DBE, 0x85BE, 0x8DDE, 0x85BE, 0x85BD, 0x85BE, 0x8DDE, 0x85BE, 0x85BE, 0x85BE, 0x85BE,
  0x85BE, 0x85BE, 0x85BE, 0x85BE, 0x85BE, 0x85BE, 0x8DFF, 0x7D9D, 0x859D, 0x85BD, 0x961F, 0x859D,
  0x8DDD, 0x85BD, 0x85BD, 0x8DDE, 0x8DDE, 0x859E, 0x85BE, 0x8DFF, 0x963F, 0xA69F, 0xA69F, 0xA67E,
  0xAEBE, 0xB6BE, 0xAE7D, 0xBEDE, 0xCF3F, 0x84B4, 0x63AF, 0xE7BD, 0x84AF, 0x4AE6, 0x4B25, 0x4B24,
  0xB658, 0x8D31, 0x4B26, 0x4326, 0x42E8, 0xAE59, 0xCF5F, 0xB69D, 0xB69D, 0xB69E, 0xAE7F, 0xB69F,
  0xAE7F, 0xA63D, 0xA65A, 0x5C10, 0x6CD3, 0x8598, 0x8DFC, 0x8DBD, 0x8DBE, 0x8DDE, 0x85BD, 0x85BC,
  0x85DD, 0x8DDE, 0x85BE, 0x85DF, 0x8DFF, 0x7DBE, 0x7DDC, 0x85DC, 0x85DD, 0x85BE, 0x85DE, 0x8DFE,
  0x8DFE, 0x85DD, 0x85DD, 0x8DFE, 0x85BE, 0x85BF, 0x85BF, 0x85BF, 0x85DE, 0x85DE, 0x85DE, 0x85DF,
  0x85BF, 0x85BE, 0x85DC, 0x85DC, 0x85DD, 0x85BE, 0x85BF, 0x85BF, 0x8DBF, 0x8D9F, 0x8DBF, 0x8DBE,
  0x85DD, 0x85DD, 0x85DE, 0x85DE, 0x85BD, 0x85DE, 0x85BE, 0x85BE, 0x85BD, 0x85BE, 0x85BF, 0x85BE,
  0x85BD, 0x85BD, 0x85DF, 0x85BE, 0x85BE, 0x85DD, 0x85DD, 0x85BD, 0x85BD, 0x859D, 0x859D, 0x85BD,
  0x8DDE, 0x8DDE, 0x85BD, 0x85BD, 0x85BE, 0x85BE, 0x85BE, 0x85BE, 0x85BE, 0x85BE, 0x85BE, 0x85BE,
  0x8DFF, 0x7D9D, 0x85BE, 0x8DFF, 0x961F, 0x85BD, 0x859C, 0x8DDE, 0x8DDD, 0x8DDE, 0x8DDE, 0x859D,
  0x7D9D, 0x85BE, 0x8DDF, 0x8DFF, 0x961F, 0x9E5F, 0xA69F, 0xAEBF, 0xAEBF, 0xBEFF, 0xBEFE, 0xBEBD,
  0xCF1E, 0xBE7B, 0x7431, 0xE7DD, 0x84CF, 0x3A63, 0x5325, 0x4B04, 0x6BEB, 0x3AA5, 0x4B24, 0x4304,
  0x32A5, 0xA5F5, 0xCF5C, 0xC73C, 0xBEFB, 0xC75D, 0xBEDD, 0xBEDD, 0xB6BC, 0xC73C, 0x74D0, 0x32C9,
  0x8DF7, 0x9E5A, 0x9E5C, 0x95FC, 0x8DBC, 0x859C, 0x8DBC, 0x8DDD, 0x8DBC, 0x8DBD, 0x857D, 0x859F,
  0x8DDF, 0x859E, 0x85BE, 0x85DF, 0x859E, 0x85DF, 0x85BE, 0x7D9D, 0x859D, 0x85DD, 0x85DC, 0x85DD,
  0x85DD, 0x85DE, 0x85BE, 0x85DE, 0x85DE, 0x85DE, 0x85DE, 0x85DF, 0x85BF, 0x85BF, 0x85DD, 0x85DD,
  0x85DD, 0x85DE, 0x85BE, 0x85BE, 0x8DBF, 0x8DBF, 0x8DBF, 0x8DBE, 0x85DC, 0x85DC, 0x85DD, 0x85DE,
  0x85DE, 0x85DE, 0x85BE, 0x85BE, 0x85DE, 0x85DE, 0x85BF, 0x85BF, 0x85DF, 0x85DF, 0x85DF, 0x85DF,
  0x85DE, 0x85DE, 0x85DF, 0x85BF, 0x85DE, 0x85FE, 0x85FE, 0x85DD, 0x7DBD, 0x7DBD, 0x85DD, 0x85DE,
  0x85DE, 0x85DE, 0x85DE, 0x85DE, 0x85DE, 0x85DE, 0x85DE, 0x85DE, 0x85DE, 0x7DBD, 0x85FE, 0x85DE,
  0x7D9D, 0x8DFE, 0x85FD, 0x85BD, 0x7D9C, 0x85BD, 0x8DFE, 0x8E1E, 0x85DE, 0x7D9D, 0x85FE, 0x965F,
  0x9E5F, 0x9E5F, 0xAE9F, 0xB6DF, 0xB6BE, 0x8D78, 0x95B8, 0xCF3D, 0xC6DD, 0xBE7B, 0x6C10, 0xEFFD,
  0x952F, 0x3A83, 0x5325, 0x4AE4, 0x4B06, 0x42C3, 0x4B44, 0x4323, 0x5BC9, 0xC6F7, 0xCF39, 0xD7BC,
  0xD7BB, 0xCF7B, 0xCF7D, 0xD79D, 0xD79C, 0xA656, 0x4369, 0x95F3, 0xC79B, 0xC79D, 0xC75D, 0xB6DC,
  0xA65B, 0x961A, 0x961B, 0x9E3C, 0x9E3C, 0x961C, 0x8DBC, 0x8D9C, 0x8DBD, 0x8DBD, 0x8DBE, 0x859D,
  0x85BE, 0x8DDE, 0x85DD, 0x8DFD, 0x963D, 0x8E1D, 0x85BC, 0x85DD, 0x85DE, 0x85BE, 0x85DD, 0x85DD,
  0x85DD, 0x85DE, 0x85DE, 0x85DF, 0x85BF, 0x85BF, 0x85BE, 0x85DE, 0x85DD, 0x85DD, 0x85DD, 0x85DD,
  0x85BD, 0x8DBE, 0x8DBF, 0x8DBE, 0x85DC, 0x85DC, 0x85DD, 0x85DE, 0x85DE, 0x85DE, 0x85BE, 0x85DF,
  0x85DE, 0x85DE, 0x85BE, 0x85BF, 0x85BF, 0x85BF, 0x859F, 0x859E, 0x85BE, 0x85BE, 0x85DF, 0x85BF,
  0x7DBE, 0x85BE, 0x85BE, 0x7DBD, 0x85BD, 0x85DE, 0x85FE, 0x85FE, 0x85DE, 0x85DE, 0x85DD, 0x85DE,
  0x85DE, 0x85DE, 0x85DE, 0x85DE, 0x85BD, 0x8E1E, 0x7DBD, 0x7D9C, 0x8DFE, 0x85DD, 0x85BC, 0x963E,
  0x8E3E, 0x85DD, 0x7D9C, 0x85BD, 0x85DE, 0x85BE, 0x85FF, 0x963F, 0x9E5F, 0xAE9F, 0xA65F, 0xAE9F,
  0xB6BE, 0x538F, 0x4B4D, 0xAE59, 0xD75F, 0xB63A, 0x7430, 0xCF39, 0x6C09, 0x42E3, 0x4B25, 0x4B05,
  0x5325, 0x4B04, 0x5365, 0x3262, 0xAE33, 0xE7DB, 0xDFDB, 0xD77A, 0xD79A, 0xCF7A, 0xD79B, 0xCF7A,
  0xDFFB, 0x642B, 0x644B, 0xCF78, 0xC779, 0xC759, 0xBF59, 0xC75A, 0xC77B, 0xC77B, 0xC77C, 0xBF5C,
  0xC75D, 0xBF5D, 0xA67A, 0x95F9, 0x95FA, 0x95FB, 0x9E1C, 0x95DC, 0x8DDB, 0x859B, 0x859B, 0x963D,
  0xA6BD, 0x963C, 0x859C, 0x8DDE, 0x85BF, 0x85BE, 0x85DD, 0x85DC, 0x85DE, 0x85DE, 0x85DE, 0x85DE,
  0x85BF, 0x85BF, 0x85BF, 0x85DE, 0x85DE, 0x85DD, 0x85DD, 0x85DD, 0x85BB, 0x85BC, 0x8DBE, 0x8DBF,
  0x85DD, 0x85DD, 0x85DE, 0x85DE, 0x85DD, 0x85BD, 0x85BF, 0x85BF, 0x85BF, 0x85BE, 0x85BD, 0x85DE,
  0x85BF, 0x85BF, 0x859E, 0x85BE, 0x8DDE, 0x85BD, 0x8DDF, 0x859E, 0x8DDF, 0x85BF, 0x85BE, 0x85DF,
  0x8DFF, 0x8DFF, 0x85BE, 0x7D9D, 0x85BD, 0x85BD, 0x85BD, 0x85BD, 0x85BD, 0x85BD, 0x85BD, 0x85BD,
  0x85BD, 0x859D, 0x85BD, 0x85DD, 0x85BD, 0x8DBD, 0x8DBD, 0x6CD9, 0x7D5B, 0x8DDE, 0x8DFE, 0x859D,
  0x859E, 0x8E1F, 0x965F, 0x963F, 0x9E5D, 0xB6DF, 0xAE7F, 0xAE7F, 0xBEFE, 0x53AE, 0x3288, 0x640E,
  0xBEBB, 0xBE9B, 0x7C91, 0xA5F3, 0x3AC3, 0x4B03, 0x4B25, 0x4AE5, 0x42E4, 0x5345, 0x42E4, 0x42C4,
  0x9DB1, 0xEFFC, 0xD799, 0xDF9A, 0xD799, 0xE7FB, 0xD77A, 0xDFDA, 0xBF16, 0x5BE9, 0xCF57, 0xD7B9,
  0xC757, 0xC757, 0xC778, 0xCF98, 0xC778, 0xC779, 0xC759, 0xB718, 0xB6F8, 0xC77A, 0xC75B, 0xC77B,
  0xC77C, 0xBF1C, 0xAE9B, 0x9619, 0x963A, 0x9E5B, 0x8DFA, 0x8DD9, 0x9659, 0x9659, 0x8DBB, 0x859D,
  0x859F, 0x85BF, 0x85DC, 0x85FC, 0x85DD, 0x85DE, 0x85DE, 0x85DE, 0x85BF, 0x85BF, 0x85BE, 0x85DE,
  0x85DE, 0x85DD, 0x85DE, 0x85DC, 0x8E1A, 0x8DFA, 0x8DBE, 0x8DBF, 0x85BE, 0x85DE, 0x85DE, 0x85DD,
  0x8E1D, 0x85DD, 0x85BE, 0x85BF, 0x85BF, 0x85BD, 0x8DDB, 0x8DFC, 0x85BD, 0x8DDF, 0x859E, 0x8DDE,
  0x8DDD, 0x859C, 0x8DBD, 0x857C, 0x8DBD, 0x859D, 0x8DBD, 0x8DBC, 0x859B, 0x857B, 0x8DDC, 0x9E3D,
  0x961C, 0x961B, 0x961B, 0x961B, 0x961B, 0x961A, 0x961A, 0x961A, 0x9E3B, 0x95FA, 0x9E5B, 0x961A,
  0x95DA, 0x9E3B, 0x6CB6, 0x3B0F, 0x8559, 0x8DBB, 0x95DC, 0x8DBC, 0x859C, 0x8DDD, 0x961F, 0x9E3E,
  0xA67C, 0xAE9C, 0xB69F, 0xB69E, 0xBEFC, 0x5C0E, 0x3AE7, 0x3AC7, 0x9D96, 0xCEFC, 0x7C70, 0x9D91,
  0x4B03, 0x4B23, 0x4B05, 0x4AE6, 0x5345, 0x4AE4, 0x4B26, 0x3AA5, 0xA5D3, 0xE7FC, 0xDFBA, 0xDFDA,
  0xD79A, 0xBEB7, 0xD77A, 0xEFFC, 0x7CCD, 0x53A8, 0xCF38, 0xCF79, 0xBEF6, 0xC737, 0xCF99, 0xCF99,
  0xC758, 0xC758, 0xCF79, 0xC738, 0xBF38, 0xC779, 0xC759, 0xC759, 0xC759, 0xBF39, 0xC75A, 0xC77B,
  0xB719, 0xC79C, 0xB6FC, 0x9618, 0x9E96, 0xA6D7, 0x961A, 0x8DBC, 0x8D9F, 0x8DBE, 0x8E1B, 0x8E1B,
  0x85DD, 0x85BE, 0x85BE, 0x85DF, 0x85BE, 0x85BE, 0x85DD, 0x85DD, 0x85DE, 0x85DE, 0x85BE, 0x85DC,
  0x9679, 0x9659, 0x8DDD, 0x8D9F, 0x85BF, 0x85BF, 0x85BF, 0x85DD, 0x965C, 0x8E1B, 0x8DDD, 0x8DBF,
  0x8DBE, 0x8DDC, 0x9619, 0x9E5A, 0x859A, 0x8DDD, 0x859C, 0x95DD, 0x8DBC, 0x859A, 0x9E1C, 0x9E3B,
  0x95FA, 0x95D9, 0x9DF9, 0x9E1A, 0x9E19, 0x9E18, 0xB6DA, 0xCFBD, 0xD7FD, 0xDFFC, 0xDFFC, 0xDFFB,
  0xDFFB, 0xDFFB, 0xDFFA, 0xDFFA, 0xDFFA, 0xE7FB, 0xD7DA, 0xCFB9, 0xEFFD, 0xD7BA, 0x434A, 0x7CD0,
  0xD7BD, 0xB6B9, 0x95D7, 0x9DD8, 0xA63A, 0xA63A, 0xA63B, 0xA65B, 0xBEFB, 0xB6BB, 0xBEBD, 0xB69C,
  0xBEB9, 0x53AA, 0x4306, 0x3AC6, 0x8D32, 0xCF1B, 0x7C6E, 0x9DB1, 0x4B24, 0x4B23, 0x4B06, 0x5327,
  0x4B24, 0x42C3, 0x5347, 0x42E6, 0xAE14, 0xEFFC, 0xD779, 0xE7FB, 0x84EF, 0x4308, 0xCF59, 0xD799,
  0x7CCC, 0xA632, 0xD7BA, 0xD79A, 0xBF17, 0xBF17, 0xC758, 0xCF59, 0xC739, 0xCF7A, 0xCF79, 0xBEF7,
  0xBF17, 0xC758, 0xC758, 0xCF99, 0xC758, 0xB6D6, 0xB6F6, 0xC778, 0xC778, 0xCF9B, 0xC73C, 0xBF1A,
  0xBF77, 0xAED4, 0x95F6, 0x95DA, 0x8D9C, 0x95DD, 0x961A, 0x9639, 0x8DDC, 0x85BD, 0x85BE, 0x85BF,
  0x85BE, 0x85DD, 0x85DD, 0x85DD, 0x85DE, 0x85BE, 0x85BE, 0x85DB, 0xA6D8, 0x9E97, 0x8DFC, 0x8D9E,
  0x859F, 0x85BF, 0x85BE, 0x85DC, 0x9E7B, 0x961A, 0x8DBC, 0x8D9E, 0x8D9D, 0x8DBA, 0x9637, 0xA697,
  0x8DB7, 0x9E1A, 0x95DA, 0x9E3B, 0x9E3A, 0xA659, 0xC77D, 0xD7DE, 0xDFFE, 0xCF7B, 0xC73A, 0xD79B,
  0xDFDB, 0xD7BA, 0xD7BA, 0xE7FA, 0xDFF9, 0xDFF9, 0xDFF8, 0xE7F8, 0xE7F8, 0xE7F7, 0xE7F7, 0xE7F7,
  0xE7F8, 0xDFD6, 0xEFF8, 0xE7F8, 0xD7B7, 0xDFB7, 0x42E5, 0x850E, 0xE7FA, 0xDFDA, 0xDFBA, 0xDFDB,
  0xDFDC, 0xDFDC, 0xDFDC, 0xDFFD, 0xD7BC, 0xDFDD, 0xD79E, 0xC6DB, 0xCF39, 0x640A, 0x4B26, 0x4305,
  0x4B08, 0xA5B4, 0x84AE, 0xA5F1, 0x3AA2, 0x4B03, 0x4B06, 0x42C6, 0x4B23, 0x4B24, 0x3AA4, 0x84EE,
  0xE7DB, 0xDFBA, 0xDFD9, 0xE7FA, 0x7CCD, 0x3AC6, 0xD799, 0x9DF2, 0x4325, 0xA631, 0xDFDB, 0xCF7A,
  0xC717, 0xB6B5, 0xC739, 0xCF5A, 0xCF3B, 0xC73A, 0xCF7A, 0xBEF7, 0xBEF7, 0xCF99, 0xC738, 0xCF59,
  0xCF79, 0xC737, 0xB6F5, 0xCF77, 0xCF78, 0xC759, 0xCF5B, 0xC759, 0xBF33, 0xAEF1, 0xAED5, 0xC77B,
  0xA65B, 0x95B9, 0x9637, 0x9E78, 0x8DD9, 0x8DBB, 0x95DF, 0x8DBF, 0x85BC, 0x8DFC, 0x8DDC, 0x85BC,
  0x85DE, 0x8DDF, 0x85BE, 0x85DA, 0x9E95, 0xAEF6, 0x9619, 0x8D9C, 0x8DBD, 0x8DBE, 0x85BD, 0x8DDC,
  0xA67B, 0x95F9, 0x8D9C, 0x8D9D, 0x8D9C, 0x8DB8, 0x9E35, 0xA694, 0x95F5, 0xC75B, 0xD7FD, 0xC75A,
  0xC779, 0xD7FA, 0xD7F8, 0xDFF8, 0xDFF8, 0xD7B7, 0xC755, 0xE7F8, 0xDFF8, 0xE7F8, 0xDFF8, 0xE7F8,
  0xE7F8, 0xE7F8, 0xE7F9, 0xE7D8, 0xEFF9, 0xE7B8, 0xEFF9, 0xE7D9, 0xEFF9, 0xDF98, 0xE7D9, 0xEFF9,
  0xE7D8, 0x84AC, 0x3262, 0x8D0D, 0xE7F8, 0xE7F8, 0xDFD8, 0xE7F8, 0xE7F9, 0xE7F8, 0xDFF8, 0xE7FA,
  0xDFFA, 0xDFFB, 0xDFDC, 0xDFBB, 0xE7FA, 0xD777, 0x4B25, 0x4B25, 0x4B27, 0x42E6, 0x746C, 0x9D90,
  0x4B04, 0x4B25, 0x42E5, 0x4B27, 0x4B43, 0x4323, 0x4305, 0x84ED, 0xEFFB, 0xDFB9, 0xC715, 0xA611,
  0x3AC5, 0x5368, 0xDFFA, 0x95B0, 0x852C, 0xC756, 0xCF59, 0xDFDB, 0xBF35, 0xB6D4, 0xCF79, 0xCF5A,
  0xC73A, 0xCF5A, 0xCF79, 0xBF17, 0xC737, 0xCF78, 0xC738, 0xC759, 0xCF78, 0xC777, 0xB6F3, 0xBF34,
  0xCF77, 0xC738, 0xCF7A, 0xCF78, 0xBF33, 0xB710, 0xB712, 0xC777, 0xC73A, 0xC75C, 0xBF19, 0xAED7,
  0xAEB9, 0x9619, 0x8D7B, 0x95BD, 0x8DDB, 0x9E3C, 0x961C, 0x859C, 0x859D, 0x8DBD, 0x8DBC, 0x8DF8,
  0x9E94, 0xAEF4, 0x9E58, 0x95D9, 0x95FB, 0x8DDB, 0x8DBA, 0x85B8, 0x9E58, 0x9E17, 0x95B9, 0x95DA,
  0xBEDD, 0xD7FE, 0xCFD8, 0xAED3, 0xAE94, 0xCF99, 0xDFFA, 0xC756, 0xCF96, 0xE7F7, 0xDFF6, 0xDFF6,
  0xE7F6, 0xDFF6, 0xC732, 0xE7F6, 0xDFD6, 0xDFF6, 0xE7F7, 0xE7F7, 0xE7F7, 0xE7F7, 0xE7D8, 0xE7F8,
  0xEFF9, 0xE7B8, 0xEFF9, 0xEFFA, 0xEFF9, 0xEFF9, 0xEFF9, 0xDF98, 0xEFF9, 0x6BE8, 0x3A62, 0x8D0D,
  0xE7F7, 0xE7F7, 0xEFF8, 0xE7F7, 0xE7F7, 0xDFF6, 0xE7F6, 0xE7F7, 0xDFF8, 0xDFD9, 0xE7FA, 0xE7FA,
  0xDFD8, 0xDFB7, 0x5386, 0x42E4, 0x4B05, 0x42C4, 0x7C8C, 0xB673, 0x3A83, 0x5326, 0x4B05, 0x42E5,
  0x4302, 0x4B44, 0x3AC3, 0x850D, 0xE7FA, 0xDFB8, 0xB693, 0x5386, 0x4305, 0x5388, 0xAE73, 0x4B67,
  0x9DEF, 0xCF97, 0xCF79, 0xCF78, 0xBF53, 0xB6F1, 0xCFB7, 0xCF78, 0xC738, 0xCF79, 0xC757, 0xC736,
  0xBF35, 0xBF15, 0xC737, 0xC758, 0xC737, 0xC756, 0xB6F2, 0xBF12, 0xCF56, 0xC6F6, 0xCF58, 0xCF77,
  0xBF12, 0xBEF0, 0xBF11, 0xC733, 0xC737, 0xCF9A, 0xC758, 0xB6F6, 0xB6F5, 0xA655, 0x8D97, 0x95DA,
  0x8DB8, 0x9E5B, 0x9E1C, 0x8DBC, 0x8DBD, 0x8DDC, 0x8DDA, 0x9637, 0xAF14, 0xB734, 0xAEB7, 0x9E17,
  0xA678, 0x9617, 0x9618, 0x8DD5, 0xA694, 0xC778, 0xCF9A, 0xC759, 0xD7BA, 0xE7FA, 0xD7D6, 0xB6F1,
  0xBEF4, 0xD7D8, 0xDFF8, 0xCF75, 0xCF94, 0xE7F7, 0xE7F7, 0xE7F7, 0xDFF6, 0xDFF6, 0xC713, 0xDFF7,
  0xD7B5, 0xC734, 0xDFD6, 0xE7F7, 0xE7F7, 0xDFB6, 0xCF54, 0xDFD7, 0xE7F8, 0xE7F7, 0xE7F7, 0xDFD7,
  0xDFB7, 0xEFF9, 0xE7F8, 0xDFD7, 0xA5CF, 0x4B24, 0x42E4, 0x8D0C, 0xEFF8, 0xE7F7, 0xE7F8, 0xDFD7,
  0xE7F8, 0xE7F8, 0xE7F8, 0xDFF7, 0xDFF8, 0xDFF7, 0xE7F8, 0xE7F8, 0xDFF7, 0xDFD7, 0x5386, 0x4304,
  0x4B25, 0x42E4, 0x746A, 0xAE11, 0x3AA4, 0x5346, 0x5326, 0x4B05, 0x4B44, 0x4B44, 0x3AA3, 0x8D2D,
  0xE7F9, 0xEFFA, 0xA610, 0x3AE3, 0x42E4, 0x5BC8, 0xAE73, 0x6C4B, 0xCF96, 0xC735, 0xCF99, 0xD7D9,
  0xBF52, 0xAEEF, 0xCF95, 0xC756, 0xBF36, 0xCF77, 0xBF15, 0xBF34, 0xB6F3, 0xB6D3, 0xCF77, 0xCF77,
  0xBEF5, 0xC755, 0xB6F1, 0xBF32, 0xC735, 0xB6B4, 0xC715, 0xC734, 0xBEF2, 0xBEF1, 0xBF10, 0xBEF1,
  0xBEF4, 0xBED5, 0xC756, 0xC755, 0xB6F2, 0xB6D3, 0xB6D8, 0xA658, 0x95F6, 0xA699, 0x9E3A, 0x8DB9,
  0x95DA, 0x9E1A, 0x9E38, 0xAEB6, 0xAEF2, 0xB6F2, 0xAEB4, 0xA634, 0xB6F6, 0xAED6, 0xBF39, 0xB717,
  0xBF34, 0xD7F6, 0xD7F7, 0xD7B6, 0xDFF7, 0xD7F5, 0xC752, 0xB6D0, 0xB6D2, 0xD7B6, 0xE7F7, 0xD7B5,
  0xCF53, 0xD794, 0xDFB6, 0xE7F8, 0xCF95, 0xCF95, 0xC754, 0xE7F8, 0xD7D6, 0xBEF2, 0xC753, 0xDFF7,
  0xE7F7, 0xDFD6, 0xC754, 0xDFF7, 0xE7F7, 0xE7F8, 0xDFF7, 0xD7B6, 0xD7B6, 0xDFD6, 0xDFD6, 0xEFF8,
  0x7CAA, 0x42E3, 0x3AC3, 0x8D0C, 0xEFF9, 0xDFD7, 0xDFD7, 0xE7F8, 0xE7F9, 0xDFF8, 0xDFF8, 0xDFF8,
  0xDFF8, 0xE7F8, 0xDFF6, 0xDFF6, 0xEFF8, 0xD796, 0x4B05, 0x4304, 0x4B24, 0x42E3, 0x5B86, 0x63E8,
  0x4AE5, 0x4B05, 0x4B05, 0x4B25, 0x4B25, 0x4B05, 0x42C4, 0x84CC, 0xEFFA, 0xD797, 0x6C49, 0x4B25,
  0x4B25, 0x4B26, 0x5BC9, 0x74AC, 0xE7F9, 0xC736, 0xCF78, 0xD7B9, 0xC752, 0xB6EF, 0xC774, 0xBF34,
  0xBF15, 0xCF76, 0xB6F3, 0xBEF3, 0xB6D2, 0xB6D2, 0xCF76, 0xCF76, 0xBEF4, 0xC755, 0xBF12, 0xC732,
  0xC733, 0xB6B1, 0xBEF2, 0xBF12, 0xBEF1, 0xBF11, 0xBF11, 0xBEF1, 0xBEF3, 0xAE92, 0xC734, 0xCF74,
  0xAED0, 0xBF31, 0xCF96, 0xB6D4, 0xAED5, 0xB6F7, 0xA677, 0x95D6, 0x95F7, 0xA657, 0xAEB5, 0xB714,
  0xB6F1, 0xB6D1, 0xB6B2, 0xA652, 0xBF14, 0xBF13, 0xCFB7, 0xC796, 0xC793, 0xCF93, 0xBF31, 0xBF11,
  0xC772, 0xC751, 0xB6F0, 0xBF11, 0xB6D1, 0xCF73, 0xDFF5, 0xD7B4, 0xC711, 0xBEF1, 0xCF54, 0xE7F7,
  0xC754, 0xBF12, 0xC753, 0xE7F7, 0xDFF6, 0xC753, 0xBEF2, 0xDFF6, 0xDFF6, 0xDFF6, 0xC754, 0xDFF6,
  0xDFF7, 0xDFF7, 0xDFF7, 0xCF95, 0xD795, 0xE7F8, 0xE7F7, 0xB6B2, 0x5BA6, 0x4B45, 0x3AC3, 0x84EC,
  0xE7F8, 0xE7F8, 0xE7F8, 0xE7F9, 0xDFD8, 0xDFD8, 0xDFF8, 0xE7F8, 0xE7F8, 0xE7F8, 0xDFF6, 0xDFF6,
  0xE7F8, 0xD796, 0x5BA7, 0x42C4, 0x4B24, 0x42E3, 0x4B04, 0x3AA3, 0x5346, 0x4AE5, 0x4AE4, 0x4B25,
  0x42C4, 0x5366, 0x3A83, 0x8D0D, 0xEFFA, 0x8D0D, 0x42E4, 0x4B04, 0x4304, 0x3AC4, 0x5368, 0xC6F6,
  0xDFD8, 0xBF15, 0xCF78, 0xD7D8, 0xBF52, 0xB6F0, 0xBF32, 0xBF33, 0xBF13, 0xC775, 0xB6D2, 0xBEF2,
  0xBEF2, 0xB6D1, 0xBF13, 0xC734, 0xBED2, 0xC754, 0xBEF2, 0xBEF1, 0xBF32, 0xB6D0, 0xB6F0, 0xBEF0,
  0xBEF0, 0xBF31, 0xBF11, 0xBEF1, 0xB6F1, 0xB6D1, 0xBF12, 0xBF12, 0xB6D0, 0xB710, 0xBF31, 0xB6F1,
  0xBF13, 0xBF14, 0xB6D4, 0xA674, 0xAE94, 0xB6D4, 0xB6F3, 0xB711, 0xBF31, 0xBF11, 0xBED2, 0xB691,
  0xBEF1, 0xB6F0, 0xBF52, 0xBF11, 0xBF31, 0xC751, 0xBF10, 0xB6F0, 0xB6EF, 0xB6CE, 0xB6CF, 0xBF11,
  0xBEF0, 0xBEF0, 0xC752, 0xC732, 0xBED0, 0xB6B0, 0xBEF2, 0xD794, 0xCF73, 0xB6D0, 0xBEF1, 0xCFB4,
  0xDFF5, 0xCF73, 0xB6D1, 0xD7D5, 0xE7F7, 0xDFF6, 0xBEF2, 0xCF74, 0xDFF7, 0xE7F7, 0xE7F7, 0xCF54,
  0xCF75, 0xE7F8, 0xEFF8, 0xA5EF, 0x2A61, 0x4B65, 0x42E3, 0x850C, 0xE7F8, 0xDFD8, 0xE7F8, 0xE7F8,
  0xDFF8, 0xE7F9, 0xEFF9, 0xDFF8, 0xE7F7, 0xDFF6, 0xE7F7, 0xE7F7, 0xDFD7, 0xE7F9, 0x9D90, 0x42E5,
  0x5325, 0x4B04, 0x4B24, 0x4B04, 0x5346, 0x4B25, 0x4B25, 0x4B04, 0x42C5, 0x5B67, 0x4B25, 0xAE30,
  0xB631, 0x5345, 0x4B04, 0x4B03, 0x5365, 0x4304, 0x6C2A, 0xE7F9, 0xCF55, 0xBF14, 0xD7D8, 0xD7B7,
  0xBF12, 0xB6F1, 0xB6F1, 0xBF12, 0xBEF2, 0xC753, 0xB6F1, 0xBEF1, 0xBEF1, 0xBEF0, 0xB6D0, 0xBEF1,
  0xB6D1, 0xC712, 0xBEF1, 0xB6D0, 0xBF10, 0xB6EF, 0xB710, 0xB6EF, 0xB6EF, 0xBF2F, 0xB6F0, 0xB6F1,
  0xB6F0, 0xBF30, 0xBF10, 0xB6F0, 0xBF12, 0xBF12, 0xB6EF, 0xBF2F, 0xB710, 0xB6F0, 0xB710, 0xBF31,
  0xB712, 0xBF12, 0xBF30, 0xB6EF, 0xB6EF, 0xBECF, 0xBEB1, 0xBED1, 0xBEF1, 0xB6F0, 0xBF30, 0xB70F,
  0xB6EF, 0xB6F0, 0xB6F0, 0xB6F0, 0xBF30, 0xBF30, 0xBF11, 0xB6F0, 0xBF0F, 0xB6CE, 0xBEF0, 0xBEF1,
  0xB6D0, 0xBED0, 0xBEF0, 0xC711, 0xC731, 0xBEF0, 0xBED0, 0xBF11, 0xCF72, 0xC731, 0xB6D0, 0xC752,
  0xEFF6, 0xDFD5, 0xBED1, 0xCF54, 0xE7F7, 0xE7F7, 0xEFF8, 0xCF75, 0xD795, 0xCF55, 0xDFF7, 0xBEB2,
  0x42C3, 0x4B25, 0x3A82, 0x8D2C, 0xEFF8, 0xD755, 0xDFB7, 0xE7D7, 0xEFF8, 0xDFB6, 0xEFF8, 0xE7F7,
  0xE7F7, 0xDFD6, 0xE7F8, 0xE7F8, 0xE7D8, 0xEFFA, 0xC6D5, 0x4B05, 0x4B04, 0x4B04, 0x4B04, 0x5325,
  0x4AE4, 0x4B05, 0x4B25, 0x42E3, 0x5326, 0x3A83, 0x6C29, 0xC6B3, 0x5325, 0x4B04, 0x4B24, 0x4B23,
  0x4B24, 0x42E3, 0x63E8, 0xB6B3, 0xD795, 0xCF74, 0xCF95, 0xBF13, 0xB6F1, 0xB6F1, 0xB6D0, 0xBF11,
  0xB6F0, 0xBF31, 0xBEF1, 0xBF11, 0xB6D0, 0xBF10, 0xB6F0, 0xBF10, 0xB6D0, 0xBEF1, 0xBF11, 0xBF11,
  0xB6EF, 0xB710, 0xBF30, 0xB70F, 0xB70E, 0xBF0F, 0xB6D0, 0xBF10, 0xB6F0, 0xBF0F, 0xB6EF, 0xB6F0,
  0xBF12, 0xBEF2, 0xB6EF, 0xB70F, 0xBF30, 0xB6EE, 0xB70E, 0xBF2F, 0xAECF, 0xB6EF, 0xBF30, 0xBF0F,
  0xBF0F, 0xBF10, 0xBED0, 0xBEF1, 0xBEF0, 0xBEF0, 0xBF2F, 0xB6EF, 0xBF10, 0xB6F0, 0xBEF1, 0xBEF1,
  0xB6CF, 0xB6EF, 0xBF10, 0xBF10, 0xBF0F, 0xB6EE, 0xBF11, 0xBEF1, 0xBEF0, 0xBF10, 0xBEF0, 0xB6CF,
  0xB6AE, 0xC730, 0xBEEF, 0xB6CF, 0xBF10, 0xB6CF, 0xBEF0, 0xC731, 0xCF93, 0xCF73, 0xBEF1, 0xCF53,
  0xD7D5, 0xC733, 0xDFF6, 0xD7B5, 0xCF74, 0xCF74, 0xD775, 0x7449, 0x42E3, 0x4B25, 0x42E3, 0x7CAA,
  0xE7F7, 0xC6F3, 0xE7F7, 0xE7F7, 0xEFF8, 0xB651, 0xD775, 0xE7F8, 0xE7F8, 0xDFF7, 0xE7F7, 0xDFF7,
  0xE7F8, 0xE7D8, 0xC6D4, 0x42E5, 0x4B05, 0x5325, 0x4B04, 0x42E4, 0x4B05, 0x4B04, 0x5345, 0x4B24,
  0x4B05, 0x4AE4, 0x5BA7, 0x63E8, 0x4B05, 0x4B04, 0x5365, 0x4303, 0x4B44, 0x42E3, 0x8D4C, 0xC713,
  0xBF12, 0xC752, 0xBF11, 0xB6F1, 0xB6F0, 0xBEF0, 0xBEF0, 0xB6F0, 0xB6F0, 0xB6F0, 0xB6F0, 0xBEF0,
  0xBEF0, 0xBEF0, 0xBEF0, 0xBEF0, 0xBEF0, 0xBEF0, 0xBEF0, 0xBEF0, 0xBEF0, 0xB710, 0xB710, 0xBF10,
  0xBF0F, 0xBF0F, 0xBEF0, 0xBEF0, 0xBF10, 0xBF10, 0xBF10, 0xBEF0, 0xBEF1, 0xBEF1, 0xBEF0, 0xBF10,
  0xBF10, 0xB6F0, 0xB6EF, 0xB6EF, 0xBF10, 0xBF10, 0xBF10, 0xB6EF, 0xBF10, 0xBEF0, 0xBEF0, 0xBF11,
  0xBF11, 0xBF10, 0xBEF0, 0xBF10, 0xBF10, 0xBF11, 0xBF11, 0xBF11, 0xBF10, 0xBF10, 0xBF11, 0xBF10,
  0xBF30, 0xBF10, 0xBEF0, 0xBEF0, 0xBEF0, 0xBEF0, 0xBEF0, 0xBF10, 0xBEF0, 0xBEEF, 0xBF10, 0xBF10,
  0xBF10, 0xBEF0, 0xBEF0, 0xBEF0, 0xB6CF, 0xBF31, 0xB6AF, 0xCF73, 0xCF93, 0xB6D0, 0xCF73, 0xC732,
  0xCFB3, 0xCF94, 0xA62F, 0x42E3, 0x4B25, 0x4B25, 0x4B03, 0x7468, 0xDFB5, 0xCF33, 0xE7F7, 0xE7F7,
  0xB671, 0x5BA7, 0xDF96, 0xE7F7, 0xD7B5, 0xCF74, 0xE7F7, 0xDFF7, 0xDFF7, 0xEFF9, 0xC6F4, 0x4305,
  0x4B05, 0x4B05, 0x4B05, 0x4B05, 0x4B05, 0x4B05, 0x4B05, 0x4B04, 0x4B05, 0x42E4, 0x5345, 0x5366,
  0x42E4, 0x42E4, 0x4B45, 0x4304, 0x42E3, 0x53A5, 0xAE90, 0xBEF1, 0xB6B0, 0xBF10, 0xBF31, 0xBF10,
  0xBEF0, 0xBEF0, 0xBEF0, 0xBEF0, 0xB6F0, 0xB6F0, 0xB6F0, 0xBEF0, 0xBEF0, 0xBEF0, 0xBEF0, 0xBEF0,
  0xBEF0, 0xBEF0, 0xBEF0, 0xBEF0, 0xBEF0, 0xBEF0, 0xBEF0, 0xBEF0, 0xBEF0, 0xBEF0, 0xBEF0, 0xBEF0,
  0xB6F0, 0xBF10, 0xBF10, 0xBF10, 0xB6F0, 0xB6F0, 0xB6F0, 0xBEF0, 0xB6F0, 0xBEF0, 0xBF10, 0xBF10,
  0xBF10, 0xBF10, 0xBF11, 0xBF31, 0xB6F0, 0xB6AF, 0xAE8E, 0xAE8E, 0xAE8E, 0xAE8E, 0xAE8E, 0xAE8F,
  0xAE8E, 0xAE8E, 0xAE8E, 0xAE8E, 0xAE8E, 0xAE8E, 0xAE8E, 0xAE8E, 0xA66E, 0xAEAF, 0xB6F0, 0xBF31,
  0xBF31, 0xBF10, 0xBF10, 0xBF10, 0xBF10, 0xBF10, 0xB6EF, 0xB6EF, 0xB6F0, 0xB6F0, 0xBF10, 0xBF10,
  0xB6CF, 0xBF10, 0xB6AF, 0xC751, 0xC751, 0xB6CF, 0xBF31, 0xBEF0, 0xC771, 0xC752, 0xA64F, 0x42E3,
  0x4B04, 0x4B25, 0x42E3, 0x7489, 0xE7F6, 0xC733, 0xCF74, 0xEFF9, 0x7CCB, 0x42E4, 0xDFB7, 0xEFF8,
  0xC713, 0xB6B1, 0xE7F7, 0xDFF6, 0xEFF8, 0xDFB6, 0xBEB3, 0x4B05, 0x4B05, 0x4B05, 0x4B05, 0x4B05,
  0x4B05, 0x4B05, 0x4B05, 0x4B05, 0x4B25, 0x4B04, 0x4B05, 0x4B05, 0x42E4, 0x4B04, 0x4B25, 0x4B24,
  0x42E3, 0x5385, 0xB691, 0xBF12, 0xC732, 0xB6F0, 0xB6F0, 0xB6F0, 0xB6F0, 0xB6F0, 0xBEF0, 0xBEF0,
  0xBEF0, 0xBEF0, 0xBEF0, 0xBEF0, 0xBEF0, 0xBEF0, 0xBEF0, 0xBEF0, 0xBEF0, 0xBEF0, 0xBEF0, 0xBEF0,
  0xBEF0, 0xBEF0, 0xBEF0, 0xBEF0, 0xBEF0, 0xBEF0, 0xBEF0, 0xBEF0, 0xB6F0, 0xBEF0, 0xBEF0, 0xBEF0,
  0xBEF0, 0xBEF0, 0xBF10, 0xBF10, 0xBF10, 0xBF10, 0xBF10, 0xB6F0, 0xAEAF, 0xAE8E, 0xAE8E, 0xAEAF,
  0xA66E, 0x9E2D, 0x95EC, 0x95EC, 0x95EC, 0x9DEC, 0x95EC, 0x95EC, 0x95EC, 0x95EC, 0x95EC, 0x95EC,
  0x95EC, 0x95EC, 0x95EC, 0x95EC, 0x9E0C, 0x9E2D, 0xA66E, 0xAE8F, 0xAE8F, 0xAE8F, 0xB6CF, 0xBF10,
  0xBF30, 0xBF10, 0xB6F0, 0xBF10, 0xBF10, 0xBEF0, 0xBEF0, 0xBEF0, 0xBF10, 0xBEF0, 0xB6CF, 0xBF11,
  0xBF11, 0xB6CF, 0xB6F0, 0xB6F0, 0xBF10, 0xBF31, 0xA64F, 0x4B24, 0x4304, 0x4B25, 0x42E3, 0x7CA9,
  0xDFB5, 0xCF53, 0xDFF6, 0xD796, 0x6C49, 0x5366, 0xDFD7, 0xE7F7, 0xD794, 0xBED1, 0xDFF6, 0xDFF6,
  0xE7F7, 0xE7F8, 0xCF55, 0x42E4, 0x4B05, 0x4B05, 0x4B05, 0x4B05, 0x4B05, 0x4B05, 0x4B05, 0x4B05,
  0x4B05, 0x4B05, 0x4B05, 0x4B05, 0x4B25, 0x4B25, 0x4B24, 0x4B24, 0x42E3, 0x5365, 0xB691, 0xBED1,
  0xBEF1, 0xBF11, 0xBF11, 0xB6CF, 0xB6F0, 0xB6F0, 0xBEF0, 0xBEF0, 0xBF10, 0xBF10, 0xBEF0, 0xB6F0,
  0xBEF0, 0xBEF0, 0xBEF0, 0xBEF0, 0xBEF0, 0xBEF0, 0xBEF0, 0xBEF0, 0xBEF0, 0xBEF0, 0xBEF0, 0xBEF0,
  0xBEF0, 0xBEF0, 0xBEF0, 0xBEF0, 0xBF10, 0xB6F0, 0xB6D0, 0xB6F0, 0xBF10, 0xBF31, 0xBF10, 0xB6F0,
  0xAEAF, 0xAEAF, 0xAE8F, 0xA66E, 0x9E0D, 0x95EC, 0x95EC, 0x9DEC, 0x9E0D, 0x9DEC, 0x95EC, 0x9DEC,
  0x9E0C, 0x9DEC, 0x95EC, 0x95EC, 0x9DEC, 0x9DEC, 0x9DEC, 0x9DEC, 0x9DEC, 0x9DEC, 0x9DEC, 0x9DEC,
  0x95EC, 0x9DEC, 0x9E0C, 0x9DEC, 0x95EC, 0x9DEC, 0xA64D, 0xAE8E, 0xAE8E, 0xAEAF, 0xB6CF, 0xBF10,
  0xBF31, 0xBF10, 0xB6F0, 0xB6EF, 0xBF10, 0xB6F0, 0xB6F0, 0xBEF0, 0xBF10, 0xBF10, 0xB6F0, 0xBF10,
  0xB6F0, 0xB6F0, 0x854B, 0x4304, 0x4B25, 0x4B25, 0x42E3, 0x6407, 0xD7B5, 0xC6F2, 0xDFD6, 0xA630,
  0x3262, 0x4B45, 0xC6F4, 0xE7F7, 0xC713, 0xBED1, 0xE7F6, 0xBED2, 0xC734, 0xE7F8, 0xA610, 0x4304,
  0x4B05, 0x4B05, 0x4B05, 0x4B05, 0x4B05, 0x4B05, 0x4B05, 0x4B05, 0x4304, 0x4B25, 0x4B25, 0x4B05,
  0x4B25, 0x4B25, 0x4304, 0x4B24, 0x4B24, 0x4B44, 0xB690, 0xC732, 0xAE8F, 0xB6B0, 0xBF10, 0xC751,
  0xBF10, 0xBEF0, 0xB6F0, 0xBEF0, 0xBF10, 0xBF10, 0xBEF0, 0xB6F0, 0xBEF0, 0xBEF0, 0xBEF0, 0xBEF0,
  0xBEF0, 0xBEF0, 0xBEF0, 0xBEF0, 0xBEF0, 0xBEF0, 0xBEF0, 0xBEF0, 0xBEF0, 0xBEF0, 0xBEF0, 0xBEF0,
  0xBF10, 0xBF10, 0xBF10, 0xBF10, 0xBEF0, 0xB6D0, 0xAEAF, 0xAE8E, 0x9E0C, 0x9E0C, 0x9E0C, 0x95EC,
  0x95EC, 0x95EC, 0x95EC, 0x9DEC, 0x95EC, 0x95EC, 0x9E0C, 0x9E0D, 0x9E0D, 0x9E0C, 0x9E0C, 0x9E0C,
  0x9E0C, 0x9E0C, 0x9E0C, 0x9E0C, 0x9E0C, 0x9E0C, 0x9E0C, 0x9E0C, 0x95EC, 0x95EC, 0x9DEC, 0x9E0C,
  0x95EC, 0x95EC, 0x95EC, 0x9E0C, 0x95EC, 0x9E0C, 0x9E2D, 0xAE8E, 0xB6CF, 0xB6F0, 0xBF10, 0xBF10,
  0xBF10, 0xB6CF, 0xBEF0, 0xB6F0, 0xB6F0, 0xBF10, 0xB6F0, 0xBEF0, 0xBF10, 0xB6AF, 0x53C5, 0x3AA2,
  0x5346, 0x4B25, 0x4B04, 0x42E2, 0x9DEE, 0xCF74, 0xC734, 0xA610, 0x42E4, 0x4304, 0x63E8, 0xE7F7,
  0xCF54, 0xBEF2, 0xAE30, 0x3281, 0x850C, 0xD776, 0x4B45, 0x3AC3, 0x4B05, 0x4B05, 0x4B05, 0x4B05,
  0x4B05, 0x4B05, 0x4B05, 0x4B05, 0x4B05, 0x4B25, 0x4B25, 0x4B05, 0x4B05, 0x4B04, 0x4B04, 0x4B25,
  0x4B24, 0x4B24, 0xAE70, 0xC733, 0xBEF1, 0xC752, 0xB6D0, 0xA66E, 0xBF10, 0xBF10, 0xB6F0, 0xB6F0,
  0xBEF0, 0xBF10, 0xBEF0, 0xB6F0, 0xBEF0, 0xBEF0, 0xBEF0, 0xBEF0, 0xBEF0, 0xBEF0, 0xBEF0, 0xBEF0,
  0xBEF0, 0xBEF0, 0xBEF0, 0xBEF0, 0xBEF0, 0xBEF0, 0xBEF0, 0xBEF0, 0xB6F0, 0xBF10, 0xBF31, 0xBEF0,
  0xAE8F, 0xA62D, 0x9E0C, 0x9E0C, 0x95EC, 0x95EC, 0x95EC, 0x95EC, 0x95EC, 0x9E0C, 0x9E0C, 0x9E0C,
  0x95EC, 0x95EC, 0x95EC, 0x9DEC, 0x95EC, 0x95CC, 0x95EC, 0x9E0C, 0x95EC, 0x95EC, 0x95EC, 0x95EC,
  0x95EC, 0x95EC, 0x95EC, 0x95EC, 0x9E0C, 0x9DEC, 0x9E0C, 0x9E0C, 0x9E0C, 0x9E0C, 0x95EC, 0x95EC,
  0x95EC, 0x95CC, 0x95CC, 0x9E0C, 0xA62D, 0xAE8E, 0xB6D0, 0xBF10, 0xBEF0, 0xB6F0, 0xBF10, 0xB6F0,
  0xB6F0, 0xBF10, 0xB6F0, 0xB6F0, 0xBF10, 0xB6D0, 0x4B44, 0x3AE3, 0x5346, 0x4AE4, 0x4B24, 0x3AC2,
  0xA60E, 0xD7B5, 0xB6B2, 0x850C, 0x4305, 0x3AC4, 0x6C29, 0xEFF9, 0xCF54, 0xAE30, 0x4B44, 0x3AE3,
  0x956D, 0xDFD7, 0x5345, 0x5346, 0x4B05, 0x4B05, 0x4B05, 0x4B05, 0x4B05, 0x4B05, 0x4B05, 0x4B05,
  0x4B25, 0x4B25, 0x4B25, 0x4B05, 0x4B05, 0x4B25, 0x4B25, 0x4B25, 0x42C3, 0x5385, 0xBEB2, 0xB691,
  0xBEF2, 0xBEF1, 0x8DAB, 0x74A7, 0xBF31, 0xBF10, 0xB6F0, 0xB6F0, 0xBEF0, 0xBF10, 0xBEF0, 0xB6F0,
  0xBEF0, 0xBEF0, 0xBEF0, 0xBEF0, 0xBEF0, 0xBEF0, 0xBEF0, 0xBEF0, 0xBEF0, 0xBEF0, 0xBEF0, 0xBEF0,
  0xBEF0, 0xBEF0, 0xBEF0, 0xBEF0, 0xB6F0, 0xB6F0, 0xB6CF, 0xAE8E, 0x9E2D, 0x95EC, 0x95CC, 0x95EC,
  0x9E0C, 0x9E0C, 0x9E0C, 0x9E0C, 0x9DEC, 0x9DEC, 0x95EC, 0x95EC, 0x9E0D, 0x9E0C, 0x9E0C, 0x9E0C,
  0x9E0C, 0x9DEC, 0x9E0C, 0x9E0D, 0x9E0C, 0x9E0C, 0x9E0C, 0x9E0C, 0x9E0C, 0x9E0C, 0x9E0C, 0x9E0C,
  0x9E0C, 0x9DEC, 0x95EC, 0x95EC, 0x9DEC, 0x9DEC, 0x9E0C, 0x9E0C, 0x9E0D, 0x9E0C, 0x95EC, 0x95EC,
  0x95EC, 0x9E0D, 0xA66E, 0xAEAF, 0xB6CF, 0xBF10, 0xBF10, 0xBF10, 0xBF10, 0xBF10, 0xBF10, 0xB6EF,
  0xB6F0, 0xBEF1, 0x5385, 0x4B24, 0x4B25, 0x42C4, 0x5345, 0x4B24, 0x7CEA, 0xCF54, 0xAE71, 0x3AE3,
  0x5366, 0x4304, 0x6C08, 0xC6F3, 0xBED2, 0xAE50, 0x4B65, 0x4B24, 0x4304, 0x9DAE, 0x63C7, 0x3262,
  0x4B05, 0x4B05, 0x4B05, 0x4B05, 0x4B05, 0x4B05, 0x4B05, 0x4B05, 0x4B05, 0x4304, 0x4B05, 0x4B25,
  0x4B25, 0x4B25, 0x4B25, 0x4B04, 0x4B24, 0x4B24, 0xBEB1, 0xC712, 0xBED1, 0x5C06, 0x3AE1, 0x74C8,
  0xBF31, 0xBF10, 0xB6F0, 0xB6F0, 0xB6F0, 0xBEF0, 0xBEF0, 0xB6F0, 0xBEF0, 0xBEF0, 0xBEF0, 0xBEF0,
  0xBEF0, 0xBEF0, 0xBEF0, 0xBEF0, 0xBEF0, 0xBEF0, 0xBEF0, 0xBEF0, 0xBEF0, 0xBEF0, 0xBEF0, 0xBEF0,
  0xBF31, 0xB6AF, 0xA62D, 0x95EC, 0x95EC, 0x9DEC, 0x9E0C, 0x9E0C, 0x95EC, 0x95EC, 0x95EC, 0x9DEC,
  0x95EC, 0x95EC, 0x95EC, 0x9DEC, 0x9DEC, 0x95EC, 0x95EC, 0x95EC, 0x9DEC, 0x95EC, 0x95EC, 0x95EC,
  0x9DEC, 0x9DEC, 0x9DEC, 0x9DEC, 0x9DEC, 0x9DEC, 0x9DEC, 0x9DEC, 0x9DEC, 0x95EC, 0x95EC, 0x9DEC,
  0x9DEC, 0x95EC, 0x95EC, 0x9DEC, 0x95EC, 0x95EC, 0x9E0C, 0x9E0C, 0x95EC, 0x95CC, 0x95EC, 0x9E0D,
  0xAEAF, 0xBEF0, 0xB6F0, 0xBEF0, 0xBF10, 0xB6F0, 0xBF30, 0xB6EF, 0xBF10, 0xB6B0, 0x4B44, 0x42E4,
  0x4B25, 0x4B05, 0x4B25, 0x4B04, 0x4B23, 0x9DEE, 0xB692, 0x3AC3, 0x4B25, 0x4B25, 0x42E4, 0x7CAA,
  0xC6F3, 0x5BC6, 0x4B45, 0x42E3, 0x4B04, 0x4B45, 0x42C4, 0x5346, 0x4B05, 0x4B05, 0x4B05, 0x4B05,
  0x4B05, 0x4B05, 0x4B05, 0x4B05, 0x4B05, 0x4B05, 0x4B05, 0x4B05, 0x4B05, 0x4B05, 0x4B05, 0x4B04,
  0x4B45, 0x4B45, 0xB671, 0xC713, 0x7488, 0x4302, 0x4302, 0x7CE8, 0xBF10, 0xBF10, 0xBF10, 0xBEF0,
  0xBEF0, 0xB6F0, 0xB6F0, 0xB6F0, 0xBEF0, 0xBEF0, 0xBEF0, 0xBEF0, 0xBEF0, 0xBEF0, 0xBEF0, 0xBEF0,
  0xB6F0, 0xB6F0, 0xBF10, 0xBF10, 0xB6EF, 0xBEF0, 0xBF10, 0xBEF0, 0xB6F0, 0xA64D, 0x95EC, 0x9DEC,
  0x9E0C, 0x95EC, 0x95EC, 0x9E0C, 0x9DEC, 0x9DEC, 0x9DEC, 0x9DEC, 0x9DEC, 0x9DEC, 0x9DEC, 0x9DEC,
  0x9DEC, 0x9DEC, 0x9DEC, 0x9DEC, 0x9DEC, 0x9DEC, 0x9DEC, 0x9DEC, 0x9DEC, 0x9DEC, 0x9DEC, 0x9DEC,
  0x9DEC, 0x9DEC, 0x9DEC, 0x9DEC, 0x9DEC, 0x9DEC, 0x9DEC, 0x9DEC, 0x9DEC, 0x9DEC, 0x9DEC, 0x9DEC,
  0x9DEC, 0x9DEC, 0x9DEC, 0x9DEC, 0x9DEC, 0x9DEC, 0x9DEC, 0x9DEC, 0x9E0C, 0x9E0C, 0xB6EF, 0xBF31,
  0xB6F0, 0xBF10, 0xBF10, 0xB6F0, 0xBF10, 0xB6AF, 0x53A5, 0x42E4, 0x5326, 0x4B05, 0x4B25, 0x4B04,
  0x4B23, 0xA5EF, 0x9DCF, 0x5366, 0x42E4, 0x4B46, 0x4B05, 0x4B25, 0x4B24, 0x4B24, 0x4B24, 0x4B24,
  0x4B24, 0x4B04, 0x4B04, 0x4B04, 0x4B05, 0x4B05, 0x4B05, 0x4B05, 0x4B05, 0x4B05, 0x4B05, 0x4B05,
  0x4B05, 0x4B05, 0x4B05, 0x4B05, 0x4B05, 0x4B05, 0x4B05, 0x4B05, 0x42E3, 0x4B45, 0xBEB2, 0x958D,
  0x4B23, 0x4B63, 0x53C5, 0xB6B0, 0xBF10, 0xBF10, 0xBF10, 0xBEF0, 0xBEF0, 0xB6F0, 0xB6F0, 0xB6F0,
  0xBEF0, 0xBEF0, 0xBEF0, 0xBEF0, 0xBEF0, 0xBEF0, 0xBEF0, 0xBEF0, 0xBEF0, 0xB6F0, 0xBF10, 0xBF10,
  0xB6F0, 0xBEF0, 0xBF10, 0xB6F0, 0xAE6E, 0x9E0D, 0x95CC, 0x95EC, 0x9E0C, 0x9DEC, 0x95EC, 0x9E0C,
  0x9DEC, 0x9DEC, 0x9DEC, 0x9DEC, 0x9DEC, 0x9DEC, 0x9DEC, 0x9DEC, 0x9DEC, 0x9DEC, 0x9DEC, 0x9DEC,
  0x9DEC, 0x9DEC, 0x9DEC, 0x9DEC, 0x9DEC, 0x9DEC, 0x9DEC, 0x9DEC, 0x9DEC, 0x9DEC, 0x9DEC, 0x9DEC,
  0x9DEC, 0x9DEC, 0x9DEC, 0x9DEC, 0x9DEC, 0x9DEC, 0x9DEC, 0x9DEC, 0x9DEC, 0x9DEC, 0x9DEC, 0x9DEC,
  0x9DEC, 0x9DEC, 0x9DEC, 0x9DEC, 0x9E0C, 0x95EC, 0xB6CF, 0xBF10, 0xB6F0, 0xBF10, 0xB6CF, 0xB6F0,
  0xBF31, 0xAEAF, 0x4B64, 0x4304, 0x5346, 0x42C5, 0x4B04, 0x5325, 0x4303, 0x5BA6, 0x5366, 0x4304,
  0x4B25, 0x4B05, 0x42E4, 0x4B24, 0x4B24, 0x4B24, 0x4B24, 0x4B24, 0x4B24, 0x4B04, 0x4B04, 0x4B05,
  0x4B05, 0x4B05, 0x4B05, 0x4B05, 0x4B05, 0x4B05, 0x4B05, 0x4B05, 0x4B24, 0x4B05, 0x4B05, 0x4B05,
  0x4B05, 0x4B05, 0x4B05, 0x4B05, 0x4B04, 0x5B86, 0xA5CF, 0x5365, 0x4B43, 0x42E2, 0x5BE6, 0xC732,
  0xBEF0, 0xBEF0, 0xBEF0, 0xBEF0, 0xBEF0, 0xBEF0, 0xBEF0, 0xBEF0, 0xBEF0, 0xBEF0, 0xBEF0, 0xBEF0,
  0xBEF0, 0xBEF0, 0xBEF0, 0xBEF0, 0xBF10, 0xB6F0, 0xBEF0, 0xBF10, 0xB6F0, 0xBEF0, 0xBEF0, 0xB6CF,
  0x9E0C, 0x95EC, 0x95EC, 0x95EC, 0x9E0C, 0x9E0C, 0x9DEC, 0x9DEC, 0x9DEC, 0x9DEC, 0x9DEC, 0x9DEC,
  0x9DEC, 0x9DEC, 0x9DEC, 0x9DEC, 0x9DEC, 0x9DEC, 0x9DEC, 0x9DEC, 0x9DEC, 0x9DEC, 0x9DEC, 0x9DEC,
  0x9DEC, 0x9DEC, 0x9DEC, 0x9DEC, 0x9DEC, 0x9DEC, 0x9DEC, 0x9DEC, 0x9DEC, 0x9DEC, 0x9DEC, 0x9DEC,
  0x9DEC, 0x9DEC, 0x9DEC, 0x9DEC, 0x9DEC, 0x9DEC, 0x9DEC, 0x9DEC, 0x9DEC, 0x9DEC, 0x9DEC, 0x9DEC,
  0x95CB, 0x9E0C, 0xAEAF, 0xBEF0, 0xBF10, 0xBF10, 0xBF10, 0xBEF0, 0xBF10, 0xB6AF, 0x4B44, 0x4304,
  0x4B26, 0x4AE5, 0x4B05, 0x4B25, 0x4B24, 0x42E3, 0x42E4, 0x4B25, 0x4B25, 0x4B25, 0x4B05, 0x4B04,
  0x4B04, 0x4B04, 0x4B04, 0x4B04, 0x4B04, 0x4B04, 0x4B25, 0x4B25, 0x4B05, 0x4B05, 0x4B05, 0x4B05,
  0x4B05, 0x4B05, 0x4B05, 0x4B05, 0x4B24, 0x4B24, 0x4B05, 0x4B05, 0x4B05, 0x4B05, 0x4B05, 0x4B05,
  0x4B04, 0x954D, 0x63E7, 0x4303, 0x4B23, 0x4323, 0x6406, 0xBED1, 0xBEF0, 0xBEF0, 0xBEF0, 0xBEF0,
  0xBEF0, 0xBEF0, 0xBEF0, 0xBF10, 0xBEF0, 0xBEF0, 0xBEF0, 0xBEF0, 0xBEF0, 0xBEF0, 0xBEF0, 0xBEF0,
  0xBF10, 0xB6F0, 0xB6F0, 0xBEF0, 0xB6F0, 0xBF10, 0xB6F0, 0xAEAF, 0x95EC, 0x9E0C, 0x9E0C, 0x9DEC,
  0x9DEC, 0x9E0C, 0x9E0C, 0x95EC, 0x9DEC, 0x9DEC, 0x9DEC, 0x9DEC, 0x9DEC, 0x9DEC, 0x9DEC, 0x9DEC,
  0x9DEC, 0x9DEC, 0x9DEC, 0x9DEC, 0x9DEC, 0x9DEC, 0x9DEC, 0x9DEC, 0x9DEC, 0x9DEC, 0x9DEC, 0x9DEC,
  0x9DEC, 0x9DEC, 0x9DEC, 0x9DEC, 0x9DEC, 0x9DEC, 0x9DEC, 0x9DEC, 0x9DEC, 0x9DEC, 0x9DEC, 0x9DEC,
  0x9DEC, 0x9DEC, 0x9DEC, 0x9DEC, 0x9DEC, 0x9DEC, 0x9DEC, 0x9DEC, 0x9E0C, 0x9E0C, 0x9E0C, 0xB6CF,
  0xB6F0, 0xAE8F, 0xBF10, 0xBF11, 0xBF10, 0xB6D0, 0x5385, 0x4304, 0x4AE5, 0x4B06, 0x5325, 0x4B04,
  0x4B04, 0x4B24, 0x4B45, 0x4B25, 0x42E4, 0x4B05, 0x4B05, 0x4AE4, 0x4B04, 0x4B04, 0x4B04, 0x4B04,
  0x4B04, 0x4B25, 0x4B25, 0x4B25, 0x4B05, 0x4B05, 0x4B05, 0x4B05, 0x4B05, 0x4B05, 0x4B05, 0x4B05,
  0x4B24, 0x4B24, 0x4B05, 0x4B05, 0x4B05, 0x4B05, 0x4B05, 0x4B05, 0x42E4, 0xA5F0, 0x5345, 0x4B24,
  0x4303, 0x5364, 0x9DCD, 0xBEF1, 0xBEF0, 0xB6F0, 0xBEF0, 0xBEF0, 0xBEF0, 0xBEF0, 0xBF10, 0xBF10,
  0xBEF0, 0xBEF0, 0xBEF0, 0xBEF0, 0xBEF0, 0xBEF0, 0xBEF0, 0xBEF0, 0xBF10, 0xB6F0, 0xB6F0, 0xBEF0,
  0xBEF0, 0xBF10, 0xB6F0, 0xAE8E, 0x95EC, 0x9E0C, 0x9E0C, 0x9DEC, 0x95EC, 0x9E0C, 0x9E0C, 0x9DEC,
  0x9DEC, 0x9DEC, 0x9DEC, 0x9DEC, 0x9DEC, 0x9DEC, 0x9DEC, 0x9DEC, 0x9DEC, 0x9DEC, 0x9DEC, 0x9DEC,
  0x9DEC, 0x9DEC, 0x9DEC, 0x9DEC, 0x9DEC, 0x9DEC, 0x9DEC, 0x9DEC, 0x9DEC, 0x9DEC, 0x9DEC, 0x9DEC,
  0x9DEC, 0x9DEC, 0x9DEC, 0x9DEC, 0x9DEC, 0x9DEC, 0x9DEC, 0x9DEC, 0x9DEC, 0x9DEC, 0x9DEC, 0x9DEC,
  0x9DEC, 0x9DEC, 0x9DEC, 0x9DEC, 0x9E2D, 0x95CC, 0xA62D, 0xBEF0, 0xC731, 0xBF11, 0xB6F0, 0xB6D0,
  0xC731, 0xAE6F, 0x5385, 0x4B25, 0x4AE5, 0x4B06, 0x5325, 0x42E4, 0x4B04, 0x4B04, 0x4304, 0x4305,
  0x4B26, 0x4B05, 0x4AE4, 0x4B25, 0x4B05, 0x4B05, 0x4B05, 0x4B05, 0x4B05, 0x4B05, 0x4B05, 0x4B04,
  0x4B04, 0x4B04, 0x4B04, 0x4B05, 0x4B05, 0x4B05, 0x4B05, 0x4B05, 0x4B24, 0x4B24, 0x4B05, 0x4B05,
  0x4B05, 0x4B05, 0x4B05, 0x4B05, 0x4B04, 0x6C08, 0x5345, 0x4B04, 0x4B44, 0x4B44, 0xC713, 0xBEF1,
  0xBEF0, 0xB6F0, 0xBEF0, 0xBEF0, 0xBEF0, 0xBEF0, 0xBF10, 0xBF10, 0xBEF0, 0xBEF0, 0xBEF0, 0xBEF0,
  0xBEF0, 0xBEF0, 0xBEF0, 0xBEF0, 0xBF10, 0xB6F0, 0xB6F0, 0xBEF0, 0xBEF0, 0xBF10, 0xB6F0, 0xAEAF,
  0x95EC, 0x9DEC, 0x9DEC, 0x95EC, 0x95EC, 0x9DEC, 0x9E0C, 0x9E0C, 0x9DEC, 0x9DEC, 0x9DEC, 0x9DEC,
  0x9DEC, 0x9DEC, 0x9DEC, 0x9DEC, 0x9DEC, 0x9DEC, 0x9DEC, 0x9DEC, 0x9DEC, 0x9DEC, 0x9DEC, 0x9DEC,
  0x9DEC, 0x9DEC, 0x9DEC, 0x9DEC, 0x9DEC, 0x9DEC, 0x9DEC, 0x9DEC, 0x9DEC, 0x9DEC, 0x9DEC, 0x9DEC,
  0x9DEC, 0x9DEC, 0x9DEC, 0x9DEC, 0x9DEC, 0x9DEC, 0x9DEC, 0x9DEC, 0x9DEC, 0x9DEC, 0x9DEC, 0x9DEC,
  0x95EC, 0x8DAB, 0xAEAF, 0x9DEC, 0x95EC, 0xC772, 0xBF11, 0xB6D0, 0xBF10, 0x8529, 0x4303, 0x4B25,
  0x4B06, 0x4AE5, 0x4B05, 0x4B25, 0x4B04, 0x4B45, 0x4304, 0x4305, 0x5346, 0x4B25, 0x4AE4, 0x5345,
  0x4B05, 0x4B05, 0x4B05, 0x4B05, 0x4B05, 0x4B05, 0x4B04, 0x4B04, 0x4B04, 0x4B04, 0x4B04, 0x4B04,
  0x4B05, 0x4B05, 0x4B05, 0x4B05, 0x4B24, 0x4B24, 0x4B05, 0x4B05, 0x4B05, 0x4B05, 0x4B05, 0x4B05,
  0x4B25, 0x42C3, 0x42E3, 0x5365, 0x4303, 0x5385, 0xBEB1, 0xBED1, 0xBEF0, 0xBEF0, 0xBEF0, 0xBEF0,
  0xBEF0, 0xBEF0, 0xBEF0, 0xBEF0, 0xBEF0, 0xBEF0, 0xBEF0, 0xBEF0, 0xBEF0, 0xBEF0, 0xBEF0, 0xBEF0,
  0xBEF0, 0xB6F0, 0xBEF0, 0xBF10, 0xB6F0, 0xBF10, 0xBEF0, 0xB6AF, 0x9DEC, 0x95EC, 0x95EC, 0x9DEC,
  0x9DEC, 0x9DEC, 0x9DEC, 0x9E0C, 0x9DEC, 0x9DEC, 0x9DEC, 0x9DEC, 0x9DEC, 0x9DEC, 0x9DEC, 0x9DEC,
  0x9DEC, 0x9DEC, 0x9DEC, 0x9DEC, 0x9DEC, 0x9DEC, 0x9DEC, 0x9DEC, 0x9DEC, 0x9DEC, 0x9DEC, 0x9DEC,
  0x9DEC, 0x9DEC, 0x9DEC, 0x9DEC, 0x9DEC, 0x9DEC, 0x9DEC, 0x9DEC, 0x9DEC, 0x9DEC, 0x9DEC, 0x9DEC,
  0x9DEC, 0x9DEC, 0x9DEC, 0x9DEC, 0x9DEC, 0x9DEC, 0x9DEC, 0x9DEC, 0x95EC, 0x95EC, 0xAE6E, 0x74E8,
  0x53A4, 0x854A, 0xAE8F, 0xC731, 0xB6F0, 0x6425, 0x3AE2, 0x4B05, 0x4B26, 0x4AE5, 0x4B05, 0x5325,
  0x4304, 0x4B45, 0x4B45, 0x42E4, 0x4305, 0x4B05, 0x42E4, 0x4B04, 0x4B05, 0x4B05, 0x4B05, 0x4B05,
  0x4B05, 0x4B05, 0x4B04, 0x4B04, 0x4B04, 0x4B04, 0x4B04, 0x4B04, 0x4B05, 0x4B05, 0x4B05, 0x4B05,
  0x4B04, 0x4B04, 0x4B05, 0x4B05, 0x4B05, 0x4B05, 0x4B05, 0x4B05, 0x4B25, 0x4304, 0x5365, 0x42E3,
  0x4303, 0x4B44, 0xB6B1, 0xBEF1, 0xBEF0, 0xBEF0, 0xBEF0, 0xBEF0, 0xBEF0, 0xBEF0, 0xBEF0, 0xBEF0,
  0xBF10, 0xBF10, 0xBF10, 0xBF10, 0xBEF0, 0xBEF0, 0xBEF0, 0xBEF0, 0xBEF0, 0xB6F0, 0xBEF0, 0xBF10,
  0xB6F0, 0xBF10, 0xBEF0, 0xB6CF, 0x9E0C, 0x9E0C, 0x9DEC, 0x9E0C, 0x9E0C, 0x95EC, 0x95EC, 0x95EC,
  0x9DEC, 0x9DEC, 0x9DEC, 0x9DEC, 0x9DEC, 0x9DEC, 0x9DEC, 0x9DEC, 0x9DEC, 0x9DEC, 0x9DEC, 0x9DEC,
  0x9DEC, 0x9DEC, 0x9DEC, 0x9DEC, 0x9DEC, 0x9DEC, 0x9DEC, 0x9DEC, 0x9DEC, 0x9DEC, 0x9DEC, 0x9DEC,
  0x9DEC, 0x9DEC, 0x9DEC, 0x9DEC, 0x9DEC, 0x9DEC, 0x9DEC, 0x9DEC, 0x9E0C, 0x9E0C, 0x9DEC, 0x9DEC,
  0x9DEC, 0x9DEC, 0x9DEC, 0x9DEC, 0x9DEC, 0x9E0D, 0xAE8F, 0xAE6E, 0x5BE5, 0x3AE1, 0x8D6B, 0xBF11,
  0xBF11, 0x6405, 0x4B24, 0x4B04, 0x4B26, 0x4B05, 0x4B25, 0x4B04, 0x4B25, 0x4304, 0x42E4, 0x4B25,
  0x4B26, 0x4B25, 0x4B25, 0x4B05, 0x4B05, 0x4B05, 0x4B05, 0x4B05, 0x4B05, 0x4B05, 0x4B25, 0x4B25,
  0x4B04, 0x4B04, 0x4B04, 0x4B05, 0x4B05, 0x4B05, 0x4B05, 0x4B05, 0x4B04, 0x4B04, 0x4B05, 0x4B05,
  0x4B05, 0x4B05, 0x4B05, 0x4B05, 0x4B25, 0x42E4, 0x4B24, 0x4303, 0x4B23, 0x74A9, 0xB690, 0xC732,
  0xBF10, 0xBF11, 0xBF10, 0xB6D0, 0xBF10, 0xBF10, 0xBF10, 0xB6EF, 0xB6EF, 0xBF0F, 0xBF0F, 0xBF10,
  0xB6CF, 0xBF31, 0xB6F0, 0xB6D0, 0xBEF0, 0xBEF0, 0xBEF0, 0xBEF0, 0xBEF0, 0xBEF0, 0xBEF0, 0xBEF0,
  0xAEAE, 0x9E2D, 0x95CB, 0x95EC, 0x9E0C, 0x9DEC, 0x95EC, 0x9E0C, 0x95EC, 0x9DEC, 0x9E0C, 0x9E0C,
  0x9DEC, 0x9DEC, 0x9DEC, 0x9DEC, 0x95EC, 0x95EC, 0x95EC, 0x9DEC, 0x9DEC, 0x95EC, 0x95EC, 0x9DEC,
  0x9DEC, 0x9DEC, 0x9DEC, 0x95EC, 0x95EC, 0x95EC, 0x95EC, 0x9DEC, 0x9E0C, 0x9E0C, 0x95EC, 0x95EC,
  0x95EC, 0x95EC, 0x9DEC, 0x9E0C, 0x9E0C, 0x95EB, 0x95EC, 0x8DAB, 0xA62D, 0x9E0D, 0x95CC, 0x95EC,
  0x95CB, 0xAE8E, 0xB6CF, 0xC752, 0x7CE9, 0x3AE2, 0x4303, 0xA60F, 0xCF53, 0x5364, 0x4303, 0x4B24,
  0x42C3, 0x5325, 0x4B05, 0x4B25, 0x4B05, 0x4B05, 0x4B05, 0x4B05, 0x4B05, 0x4B05, 0x4B05, 0x4B05,
  0x4B05, 0x4B05, 0x4B05, 0x4B05, 0x4B05, 0x4B05, 0x4B05, 0x4B05, 0x4B05, 0x4B05, 0x4B05, 0x4B05,
  0x4B05, 0x4B05, 0x4B05, 0x4B05, 0x4B04, 0x4B04, 0x4B05, 0x4B05, 0x4B05, 0x4B05, 0x4B05, 0x4B25,
  0x4304, 0x4B24, 0x4B44, 0x4323, 0x4B23, 0xB670, 0xCF53, 0xB68F, 0xB6F0, 0xB6CF, 0xB6D0, 0xBF11,
  0xBF10, 0xB6D0, 0xBF10, 0xBF10, 0xBF10, 0xB6EF, 0xB6CE, 0xB6CF, 0xB6EF, 0xBF31, 0xBF10, 0xBF10,
  0xBEF0, 0xBEF0, 0xBEF0, 0xBEF0, 0xBEF0, 0xBEF0, 0xBEF0, 0xBEF0, 0xBF10, 0xAE6E, 0x95EC, 0x95CB,
  0x9DEC, 0x9E0C, 0x9E0C, 0x9DEC, 0x9DEC, 0x9E0C, 0x9E0C, 0x9DEC, 0x95EC, 0x95EC, 0x95EC, 0x95EC,
  0x9E0C, 0x9E0C, 0x9DEC, 0x9DEC, 0x9DEC, 0x9DEC, 0x9DEC, 0x9DEC, 0x9DEC, 0x9DEC, 0x9DEC, 0x9DEC,
  0x9DEC, 0x9E0C, 0x9E0C, 0x9E0C, 0x95CB, 0x95CC, 0x95EC, 0x9DEC, 0x9E0C, 0x9E0C, 0x9E0C, 0x9E0C,
  0x95EB, 0x960B, 0x9E4D, 0x95EC, 0x9E0D, 0x95CC, 0x9E0D, 0xA64D, 0xA62D, 0xB6CF, 0xC731, 0xC731,
  0x6C67, 0x4323, 0x4B45, 0x5365, 0xB670, 0x9DAD, 0x42E2, 0x4B04, 0x5365, 0x4B24, 0x4B04, 0x4B05,
  0x4B05, 0x4B05, 0x4B05, 0x4B05, 0x4B05, 0x4B05, 0x4B05, 0x4B05, 0x4B05, 0x4B05, 0x4B05, 0x4B05,
  0x4B05, 0x4B05, 0x4B05, 0x4B05, 0x4B05, 0x4B05, 0x4B05, 0x4B05, 0x4B05, 0x4B05, 0x4B05, 0x4B05,
  0x4B04, 0x4B04, 0x4B05, 0x4B05, 0x4B05, 0x4B05, 0x4B05, 0x4B05, 0x4B04, 0x4B24, 0x3AC3, 0x4B24,
  0x4323, 0x9DCE, 0xBED1, 0xC732, 0xC731, 0xBF10, 0xB6F0, 0xBF31, 0xB6F0, 0xB6D0, 0xBF10, 0xB6F0,
  0xB6CF, 0xBF10, 0xBF30, 0xBF30, 0xBF30, 0xB6F0, 0xB6D0, 0xBEF0, 0xBEF0, 0xBEF0, 0xBEF0, 0xBEF0,
  0xBEF0, 0xBEF0, 0xBEF0, 0xBEF0, 0xBF10, 0xB6CF, 0xAE6E, 0x9E2D, 0x95EC, 0x95EB, 0x95EC, 0x95EC,
  0x95EC, 0x95EC, 0x95EC, 0x95EC, 0x9DEC, 0x9E0C, 0x9E0C, 0x9E0C, 0x95EC, 0x95EC, 0x95EC, 0x95EC,
  0x9DEC, 0x9E0C, 0x9E0C, 0x9E0C, 0x95EC, 0x95EC, 0x95EC, 0x9DEC, 0x9DEC, 0x9DEC, 0x9DEC, 0x9DEC,
  0x9E0C, 0x9E0C, 0x9E0C, 0x95EC, 0x95EC, 0x95EC, 0x95EC, 0x95EB, 0x9E0C, 0x95EB, 0x9E2C, 0x95CC,
  0x95EC, 0x95EC, 0x8DAB, 0x6CA7, 0xAE6E, 0xBF11, 0xB6AF, 0xBEF1, 0x95AD, 0x4B44, 0x3AE3, 0x42E3,
  0x7469, 0xBED2, 0x5365, 0x4303, 0x4B24, 0x4B04, 0x4B25, 0x4B05, 0x4B05, 0x4B05, 0x4B05, 0x4B05,
  0x4B05, 0x4B05, 0x4B05, 0x4B05, 0x4B05, 0x4B05, 0x4B05, 0x4B05, 0x4B05, 0x4B05, 0x4B05, 0x4B05,
  0x4B05, 0x4B05, 0x4B05, 0x4B05, 0x4B05, 0x4B05, 0x4B05, 0x4B05, 0x4B04, 0x4B04, 0x4B05, 0x4B05,
  0x4B05, 0x4B05, 0x4B05, 0x4B05, 0x42E4, 0x4B45, 0x4304, 0x4B24, 0x4B44, 0xA60F, 0xC733, 0x95AC,
  0xAE6E, 0xBF30, 0xB6EF, 0xB6F0, 0xBEF0, 0xBF11, 0xBF11, 0xB6F0, 0xBF10, 0xBF30, 0xB6EF, 0xB6CF,
  0xBF10, 0xB6F0, 0xBF10, 0xBEF0, 0xBEF0, 0xBEF0, 0xBEF0, 0xBEF0, 0xBEF0, 0xBEF0, 0xBEF0, 0xBEF0,
  0xB6CF, 0xBF10, 0xBF10, 0xB6AF, 0xA66D, 0x9E2D, 0x9DEC, 0x95CB, 0x9E0C, 0x9E0C, 0x9DEC, 0x9DEC,
  0x9DEC, 0x95EC, 0x95EC, 0x95EC, 0x95EC, 0x9DEC, 0x9E0C, 0x9DEC, 0x9DEC, 0x9E0C, 0x9E0C, 0x9DEC,
  0x95EC, 0x95EC, 0x9DEC, 0x9DEC, 0x9DEC, 0x9DEC, 0x9DEC, 0x9DEC, 0x95EC, 0x9DEC, 0x9DEC, 0x9DEC,
  0x9DEC, 0x9DEC, 0x9E0C, 0x9E0C, 0x9E2C, 0x95CB, 0x95EC, 0x95CC, 0x9E2D, 0xAE6F, 0x8D8B, 0x3B01,
  0x8549, 0xCF72, 0xB6AF, 0xBED0, 0xC733, 0x6407, 0x4303, 0x5365, 0x4B23, 0x84EB, 0x5B85, 0x4B24,
  0x42C3, 0x4B25, 0x4B05, 0x4B05, 0x4B05, 0x4B05, 0x4B05, 0x4B05, 0x4B05, 0x4B05, 0x4B04, 0x4B04,
  0x4B05, 0x4B05, 0x4B05, 0x4B05, 0x4B05, 0x4B05, 0x4B05, 0x4B05, 0x4B05, 0x4B05, 0x4B05, 0x4B05,
  0x4B05, 0x4B05, 0x4B05, 0x4B05, 0x4B04, 0x4B04, 0x4B04, 0x4B05, 0x4B05, 0x4B05, 0x4B05, 0x4B05,
  0x4B25, 0x4B04, 0x5366, 0x4304, 0x3AC3, 0xA5EF, 0x9DCE, 0x3AC1, 0x8D6A, 0xC751, 0xB6EF, 0xB6CF,
  0xBEF0, 0xBF11, 0xB6D0, 0xBEF0, 0xB6D0, 0xBF10, 0xB6CF, 0xB6EF, 0xB6F0, 0xB6CF, 0xBF10, 0xBF10,
  0xBEF0, 0xBEF0, 0xBEF0, 0xBEF0, 0xBEF0, 0xBEF0, 0xBEF0, 0xBEF0, 0xBF10, 0xBF10, 0xBF10, 0xBEF0,
  0xBF10, 0xB6F0, 0xAE8E, 0x9E0C, 0x9E0C, 0x9DEC, 0x95EC, 0x9DEC, 0x9E0C, 0x9DEC, 0x9DEC, 0x9E0C,
  0x9DEC, 0x9E0C, 0x9E0C, 0x9E0C, 0x9DEC, 0x9E0C, 0x95EC, 0x95CC, 0x9E0C, 0x9E0C, 0x9E0C, 0x9E0C,
  0x9E0C, 0x9E0C, 0x9E0C, 0x9DEC, 0x95CC, 0x95EC, 0x9E0C, 0x9E0C, 0x9E0C, 0x9DEC, 0x95EC, 0x95EC,
  0x95EC, 0x960C, 0xA64D, 0xA64E, 0xAE8F, 0xBF11, 0xA62E, 0x3AE0, 0x8D8B, 0xC752, 0xBEF0, 0xBF11,
  0xBEF2, 0x5BE6, 0x4303, 0x4B24, 0x4B44, 0x42E3, 0x4B03, 0x4B24, 0x4B04, 0x5345, 0x42C4, 0x4B25,
  0x4B05, 0x4B05, 0x4B05, 0x4B05, 0x4B05, 0x4B04, 0x4B04, 0x4B04, 0x4B05, 0x4B05, 0x4B05, 0x4B05,
  0x4B05, 0x4B05, 0x4B05, 0x4B05, 0x4B05, 0x4B05, 0x4B05, 0x4B05, 0x4B05, 0x4B05, 0x4B05, 0x4B05,
  0x4B04, 0x4B04, 0x4B04, 0x4B05, 0x4B05, 0x4B05, 0x4B05, 0x4B05, 0x5346, 0x42E4, 0x4B04, 0x4304,
  0x5BA6, 0xA610, 0x5BA6, 0x3280, 0x8D8A, 0xCF71, 0xBEF0, 0xBEF0, 0xBEF1, 0xBEF1, 0xBED1, 0xC732,
  0xC732, 0xBEF0, 0xAE8E, 0xBF31, 0xBEF0, 0xB6F0, 0xBF10, 0xB6F0, 0xBEF0, 0xBEF0, 0xBEF0, 0xBEF0,
  0xBEF0, 0xBEF0, 0xBEF0, 0xBEF0, 0xBF10, 0xBF10, 0xB6F0, 0xB6F0, 0xBF10, 0xBF10, 0xBF10, 0xB6CF,
  0xA66E, 0xA64D, 0xA62D, 0xA62D, 0x9E2D, 0x95EC, 0x95EC, 0x9E0C, 0x95CB, 0x95EC, 0x95EC, 0x95EC,
  0x95EC, 0x9E0C, 0x9E0C, 0x95EC, 0x9E0C, 0x9DEC, 0x9DEC, 0x95EC, 0x95EC, 0x95EC, 0x9DEC, 0x9DEC,
  0x9DEC, 0x9DEC, 0x95EC, 0x95CC, 0x95CC, 0x95EC, 0x9E2D, 0xA64D, 0x9E2D, 0xA68E, 0xB6F0, 0xB6F0,
  0xBEF0, 0xC731, 0xA64E, 0x32C0, 0x854A, 0xBED0, 0xBED0, 0xC711, 0xB6B1, 0x7489, 0x4303, 0x4303,
  0x5345, 0x42E3, 0x4B24, 0x42E4, 0x4B25, 0x4B25, 0x4AE4, 0x4B05, 0x4B05, 0x4B05, 0x4B05, 0x4B05,
  0x4B04, 0x4B04, 0x4B04, 0x4B04, 0x4B05, 0x4B05, 0x4B05, 0x4B05, 0x4B05, 0x4B05, 0x4B05, 0x4B05,
  0x4B05, 0x4B05, 0x4B05, 0x4B05, 0x4B05, 0x4B05, 0x4B05, 0x4B05, 0x4B04, 0x4B04, 0x4B04, 0x4B05,
  0x4B05, 0x4B05, 0x4B05, 0x4B05, 0x42E4, 0x4B25, 0x42E4, 0x4B05, 0x84CB, 0xB671, 0x5366, 0x4303,
  0x8D6A, 0xC750, 0xB6CF, 0xBEF0, 0xBEF1, 0xC732, 0xBED1, 0xA62F, 0xB6B0, 0x8D8B, 0x74C8, 0xAEAF,
  0xB6F0, 0xC731, 0xBF31, 0xB6CF, 0xBEF0, 0xBEF0, 0xBEF0, 0xBEF0, 0xBEF0, 0xBEF0, 0xBEF0, 0xBEF0,
  0xB6EF, 0xBEF0, 0xBF10, 0xB6F0, 0xB6CF, 0xB6F0, 0xBF10, 0xBF31, 0xBF31, 0xBF10, 0xB6F0, 0xB6CF,
  0xAE6E, 0x9E0D, 0x9DEC, 0x9E0C, 0x9E2D, 0x9E2D, 0x9E0D, 0x95EC, 0x95EC, 0x9E0C, 0x9E0C, 0x9E0C,
  0x9DEC, 0x95EC, 0x95EC, 0x95EC, 0x95EC, 0x9DEC, 0x9E0C, 0x9E0C, 0x9E2D, 0x9E2D, 0x9E0D, 0x9E0C,
  0x9E2D, 0xA66E, 0xB6CF, 0xBF11, 0xB6F0, 0xB6F0, 0xBF10, 0xBF11, 0xBF11, 0xBF11, 0xA64E, 0x4B62,
  0x3AE1, 0xAE4E, 0xC712, 0xBED1, 0xC712, 0xB691, 0x5BA6, 0x42E3, 0x4B04, 0x5365, 0x5366, 0x42E4,
  0x4B04, 0x4B05, 0x4B05, 0x4B05, 0x4B05, 0x4B05, 0x4B05, 0x4B05, 0x4B04, 0x4B04, 0x4B04, 0x4B04,
  0x4B05, 0x4B05, 0x4B05, 0x4B05, 0x4B05, 0x4B05, 0x4B05, 0x4B05, 0x4B05, 0x4B05, 0x4B05, 0x4B05,
  0x4B05, 0x4B05, 0x4B05, 0x4B05, 0x4B04, 0x4B04, 0x4B04, 0x4B05, 0x4B05, 0x4B05, 0x4B05, 0x4B05,
  0x4B25, 0x4B05, 0x4B05, 0x4305, 0x4B45, 0x4B25, 0x4B04, 0x3AC2, 0x8D6A, 0xC730, 0xBED0, 0xBF11,
  0xB6B0, 0xBEF2, 0x9DCD, 0x4B64, 0x4B63, 0x4343, 0x5C05, 0xC731, 0xBEF0, 0xB6CF, 0xB6D0, 0xBF10,
  0xBEF0, 0xBEF0, 0xBEF0, 0xBEF0, 0xBEF0, 0xBEF0, 0xBEF0, 0xBEF0, 0xBF10, 0xBEF0, 0xBEF0, 0xBF10,
  0xBF10, 0xBF10, 0xB6F0, 0xB6EF, 0xB6F0, 0xB6F0, 0xBF10, 0xBF10, 0xBF10, 0xB6CF, 0xB6F0, 0xBF31,
  0xB6F0, 0xB6F0, 0xAE8E, 0x9E2D, 0x9E0C, 0x9E0C, 0x9E0C, 0x9DEC, 0x9E0C, 0x9E0C, 0x9E0C, 0x9E0C,
  0x9E0C, 0x9E2D, 0x9E2D, 0xA64D, 0xB6F0, 0xBEF0, 0xBF10, 0xBF10, 0xB6F0, 0xB6F0, 0xB6F0, 0xBEF0,
  0xBF31, 0xB710, 0xB6F0, 0xB6F0, 0xB6D0, 0xBEF1, 0xC752, 0x8D6A, 0x3B01, 0xA60E, 0xBEF2, 0xBED1,
  0xBED1, 0xB691, 0x5344, 0x4B24, 0x4B24, 0x42E4, 0x4B04, 0x4B05, 0x4B25, 0x4B04, 0x42E4, 0x4B25,
  0x4B05, 0x4B05, 0x4B05, 0x4B05, 0x4B04, 0x4B04, 0x4B04, 0x4B04, 0x4B05, 0x4B05, 0x4B05, 0x4B05,
  0x4B05, 0x4B05, 0x4B05, 0x4B05, 0x4B05, 0x4B05, 0x4B05, 0x4B05, 0x4B05, 0x4B05, 0x4B05, 0x4B05,
  0x4B04, 0x4B04, 0x4B05, 0x4B05, 0x4B05, 0x4B05, 0x4B05, 0x4B05, 0x4B05, 0x4B05, 0x4B05, 0x4B05,
  0x4AE5, 0x4B25, 0x4B25, 0x42E3, 0x8D4A, 0xC730, 0xBF11, 0xBEF1, 0xBED1, 0x6427, 0x4303, 0x4B44,
  0x4323, 0x4B64, 0xB690, 0xC732, 0xB6D0, 0xBF10, 0xBF11, 0xB6D0, 0xBF10, 0xBF10, 0xB6F0, 0xB6F0,
  0xBEF0, 0xBF10, 0xBF10, 0xBEF0, 0xBEF0, 0xBEF0, 0xBEF0, 0xBEF0, 0xBEF0, 0xBEF0, 0xBEF0, 0xBEF0,
  0xBEF0, 0xBEF0, 0xBEF0, 0xBEF0, 0xBEF0, 0xBEF0, 0xBEF0, 0xBEF0, 0xB6F0, 0xB6F0, 0xB6F0, 0xB6F0,
  0xB6F0, 0xB6F0, 0xB6F0, 0xB6F0, 0xB6F0, 0xB6F0, 0xB6F0, 0xB6F0, 0xB6F0, 0xB6F0, 0xB6F0, 0xB6F0,
  0xBEF0, 0xBEF0, 0xBEF0, 0xBEF0, 0xBEF0, 0xBEF0, 0xBEF0, 0xBEF0, 0xBF11, 0xB6D0, 0xB710, 0xB6F0,
  0xBF10, 0xB6F0, 0xC752, 0x8D6B, 0x3AE1, 0x53A4, 0xB670, 0xBEB1, 0xBEB1, 0xBED2, 0x4B44, 0x4B04,
  0x4B04, 0x4B05, 0x4B05, 0x4B05, 0x4B05, 0x4B05, 0x4B05, 0x4B05, 0x4B05, 0x4B05, 0x4B05, 0x4B04,
  0x4B04, 0x4B04, 0x4B04, 0x4B04, 0x4B05, 0x4B05, 0x4B05, 0x4B05, 0x4B05, 0x4B05, 0x4B05, 0x4B05,
  0x4B05, 0x4B05, 0x4B05, 0x4B05, 0x4B05, 0x4B05, 0x4B05, 0x4B05, 0x4B24, 0x4B25, 0x4B05, 0x4B05,
  0x4B05, 0x4B05, 0x4B05, 0x4B05, 0x4B05, 0x4B05, 0x4B05, 0x4B05, 0x4B05, 0x4B25, 0x4B05, 0x42E3,
  0x9DCC, 0xC711, 0xB68F, 0xC6F2, 0x7CCA, 0x4B44, 0x4303, 0x4B64, 0x4323, 0x95CD, 0xBF11, 0xBEF1,
  0xBEF0, 0xC752, 0x95CC, 0x74E8, 0xBF10, 0xBF10, 0xB6F0, 0xB6F0, 0xBEF0, 0xBF10, 0xBF10, 0xB6F0,
  0xBEF0, 0xBEF0, 0xBEF0, 0xBEF0, 0xBEF0, 0xBEF0, 0xBEF0, 0xBEF0, 0xBEF0, 0xBEF0, 0xBEF0, 0xBEF0,
  0xBEF0, 0xBEF0, 0xBEF0, 0xBEF0, 0xBEF0, 0xBEF0, 0xBEF0, 0xBEF0, 0xBEF0, 0xBEF0, 0xBEF0, 0xBEF0,
  0xB6F0, 0xB6F0, 0xB6F0, 0xB6F0, 0xB6F0, 0xB6F0, 0xB6F0, 0xB6F0, 0xBEF0, 0xBEF0, 0xBEF0, 0xBEF0,
  0xBEF0, 0xBEF0, 0xBEF0, 0xBEF0, 0xB6F0, 0xB6F0, 0xBF10, 0xB6F0, 0xBF10, 0xB6F0, 0xBF31, 0x8D6B,
  0x3AE1, 0x4B43, 0x5385, 0x7CCA, 0xC713, 0xAE50, 0x4B24, 0x4B24, 0x4B04, 0x4B05, 0x4B05, 0x4B05,
  0x4B05, 0x4B05, 0x4B05, 0x4B05, 0x4B05, 0x4B05, 0x4B05, 0x4B04, 0x4B04, 0x4B04, 0x4B04, 0x4B04,
  0x4B05, 0x4B05, 0x4B05, 0x4B05, 0x4B05, 0x4B05, 0x4B05, 0x4B05, 0x4B05, 0x4B05, 0x4B05, 0x4B05,
  0x4B05, 0x4B05, 0x4B05, 0x4B05, 0x4B05, 0x4B05, 0x4B05, 0x4B05, 0x4B05, 0x4B05, 0x4B05, 0x4B05,
  0x4B05, 0x4B05, 0x4B05, 0x4B05, 0x4B05, 0x4B25, 0x4B05, 0x42C3, 0x850A, 0xD773, 0xA60E, 0x6407,
  0x4B44, 0x42E3, 0x4B44, 0x42E3, 0x4302, 0xA60E, 0xC712, 0xB6B0, 0xB6D0, 0xBEF1, 0x4B83, 0x74C8,
  0xBF11, 0xBF10, 0xB6F0, 0xB6F0, 0xBEF0, 0xBEF0, 0xBEF0, 0xB6F0, 0xBEF0, 0xBEF0, 0xBEF0, 0xBEF0,
  0xBEF0, 0xBEF0, 0xBEF0, 0xBEF0, 0xBEF0, 0xBEF0, 0xBEF0, 0xBEF0, 0xBEF0, 0xBEF0, 0xBEF0, 0xBEF0,
  0xBEF0, 0xBEF0, 0xBEF0, 0xBEF0, 0xBEF0, 0xBEF0, 0xBEF0, 0xBEF0, 0xBF10, 0xBF10, 0xBF10, 0xBF10,
  0xBF10, 0xBF10, 0xBF10, 0xBF10, 0xBEF0, 0xBEF0, 0xBEF0, 0xBEF0, 0xBEF0, 0xBEF0, 0xBEF0, 0xBEF0,
  0xB6F0, 0xBF10, 0xBF10, 0xB6EF, 0xBF10, 0xBEF0, 0xBF11, 0x95AC, 0x3AE2, 0x4323, 0x42E3, 0x4B44,
  0x6C28, 0x63C7, 0x5344, 0x4B04, 0x4B04, 0x4B05, 0x4B05, 0x4B05, 0x4B05, 0x4B05, 0x4B05, 0x4B05,
  0x4B05, 0x4B05, 0x4B05, 0x4B05, 0x4B05, 0x4B05, 0x4B04, 0x4B04, 0x4B05, 0x4B05, 0x4B05, 0x4B05,
  0x4B05, 0x4B05, 0x4B05, 0x4B05, 0x4B05, 0x4B05, 0x4B05, 0x4B05, 0x4B05, 0x4B05, 0x4B05, 0x4B05,
  0x4B05, 0x4B05, 0x4B05, 0x4B05, 0x4B05, 0x4B05, 0x4B05, 0x4B05, 0x4B25, 0x4B05, 0x4B05, 0x4B05,
  0x4B05, 0x5325, 0x4B05, 0x42C3, 0x956D, 0xC6F2, 0x6407, 0x42E3, 0x4B24, 0x4B45, 0x3AE3, 0x4B44,
  0x850A, 0xBED1, 0xC712, 0xBED1, 0xCF73, 0x6446, 0x53C4, 0xAE8F, 0xBF10, 0xBF10, 0xB6F0, 0xB6F0,
  0xBEF0, 0xBEF0, 0xBEF0, 0xB6F0, 0xBEF0, 0xBEF0, 0xBEF0, 0xBEF0, 0xBEF0, 0xBEF0, 0xBEF0, 0xBEF0,
  0xBEF0, 0xBEF0, 0xBEF0, 0xBEF0, 0xBEF0, 0xBEF0, 0xBEF0, 0xBEF0, 0xBEF0, 0xBEF0, 0xBEF0, 0xBEF0,
  0xBEF0, 0xBEF0, 0xBEF0, 0xBEF0, 0xBF10, 0xBF10, 0xBF10, 0xBF10, 0xBF10, 0xBF10, 0xBF10, 0xBF10,
  0xBEF0, 0xBEF0, 0xBEF0, 0xBEF0, 0xBEF0, 0xBEF0, 0xBEF0, 0xBEF0, 0xB710, 0xBF10, 0xB710, 0xB6CF,
  0xBF10, 0xB6F0, 0xC731, 0xB690, 0x74A9, 0x3AA2, 0x4B45, 0x4B25, 0x42C3, 0x3A82, 0x4B24, 0x4B24,
  0x4B04, 0x4B05, 0x4B05, 0x4B05, 0x4B05, 0x4B05, 0x4B05, 0x4B05, 0x4B05, 0x4B05, 0x4B05, 0x4B05,
  0x4B05, 0x4B05, 0x4B05, 0x4B05, 0x4B05, 0x4B05, 0x4B05, 0x4B05, 0x4B05, 0x4B05, 0x4B05, 0x4B05,
  0x4B05, 0x4B05, 0x4B05, 0x4B05, 0x4B05, 0x4B05, 0x4B05, 0x4B05, 0x4B05, 0x4B05, 0x4B05, 0x4B05,
  0x4B05, 0x4B05, 0x4B05, 0x4B05, 0x4B25, 0x4B05, 0x4B05, 0x4B05, 0x4B05, 0x4B05, 0x4B05, 0x42C4,
  0x9D8E, 0x84EB, 0x4304, 0x4B24, 0x5365, 0x4B24, 0x4B24, 0x42E3, 0x958C, 0xC6F2, 0xB690, 0xBEF1,
  0x95AC, 0x3B01, 0x6406, 0xBF11, 0xBEF0, 0xB6F0, 0xB6F0, 0xB6F0, 0xBEF0, 0xBF10, 0xBF10, 0xBF10,
  0xBEF0, 0xBEF0, 0xBEF0, 0xBEF0, 0xBEF0, 0xBEF0, 0xBEF0, 0xBEF0, 0xBEF0, 0xBEF0, 0xBEF0, 0xBEF0,
  0xBEF0, 0xBEF0, 0xBEF0, 0xBEF0, 0xBEF0, 0xBEF0, 0xBEF0, 0xBEF0, 0xBEF0, 0xBEF0, 0xBEF0, 0xBEF0,
  0xBEF0, 0xBEF0, 0xBEF0, 0xBEF0, 0xBEF0, 0xBEF0, 0xBEF0, 0xBEF0, 0xBEF0, 0xBEF0, 0xBEF0, 0xBEF0,
  0xBEF0, 0xBEF0, 0xBEF0, 0xBEF0, 0xBF10, 0xB710, 0xB6EF, 0xB6EF, 0xBF10, 0xB6CF, 0xBF11, 0xC732,
  0x7CA9, 0x3AC2, 0x4B45, 0x42E4, 0x5345, 0x4B25, 0x4B04, 0x4B04, 0x4B04, 0x4B05, 0x4B05, 0x4B05,
  0x4B05, 0x4B05, 0x4B05, 0x4B05, 0x4B05, 0x4B05, 0x4B05, 0x4B05, 0x4B05, 0x4B05, 0x4B05, 0x4B05,
  0x4B05, 0x4B05, 0x4B05, 0x4B05, 0x4B05, 0x4B05, 0x4B05, 0x4B05, 0x4B05, 0x4B05, 0x4B05, 0x4B05,
  0x4B05, 0x4B05, 0x4B05, 0x4B05, 0x4B05, 0x4B05, 0x4B05, 0x4B05, 0x4B05, 0x4B05, 0x4B05, 0x4B05,
  0x4B25, 0x4B04, 0x4B05, 0x4B05, 0x4B05, 0x4B05, 0x4B05, 0x4AE4, 0x63C7, 0x5345, 0x5345, 0x42C3,
  0x4B05, 0x4304, 0x5385, 0x3AA2, 0x8D4C, 0xC732, 0xC732, 0xAE4F, 0x4B63, 0x53A4, 0x8D6B, 0xC732,
  0xB6F0, 0xB6F0, 0xB6F0, 0xB6F0, 0xBEF0, 0xBF10, 0xBF10, 0xBF10, 0xBEF0, 0xBEF0, 0xBEF0, 0xBEF0,
  0xBEF0, 0xBEF0, 0xBEF0, 0xBEF0, 0xBEF0, 0xBEF0, 0xBEF0, 0xBEF0, 0xBEF0, 0xBEF0, 0xBEF0, 0xBEF0,
  0xBEF0, 0xBEF0, 0xBEF0, 0xBEF0, 0xBEF0, 0xBEF0, 0xBEF0, 0xBEF0, 0xBEF0, 0xBEF0, 0xBEF0, 0xBEF0,
  0xBEF0, 0xBEF0, 0xBEF0, 0xBEF0, 0xBEF0, 0xBEF0, 0xBEF0, 0xBEF0, 0xBEF0, 0xBEF0, 0xBEF0, 0xBF10,
  0xB710, 0xB6EF, 0xB70F, 0xBF30, 0xBF10, 0xB6CF, 0xBEF0, 0xC732, 0x6427, 0x4B24, 0x5345, 0x42C4,
  0x4B25, 0x4B04, 0x4B25, 0x4B04, 0x4B04, 0x4B05, 0x4B05, 0x4B05, 0x4B05, 0x4B05, 0x4B05, 0x4B05,
  0x4B05, 0x4B05, 0x4B05, 0x4B05, 0x4B05, 0x4B05, 0x4B05, 0x4B05, 0x4B05, 0x4B05, 0x4B05, 0x4B05,
  0x4B05, 0x4B05, 0x4B05, 0x4B05, 0x4B05, 0x4B05, 0x4B05, 0x4B05, 0x4B05, 0x4B05, 0x4B05, 0x4B05,
  0x4B05, 0x4B05, 0x4B05, 0x4B05, 0x4B05, 0x4B05, 0x4B05, 0x4B05, 0x4B05, 0x4B04, 0x4B05, 0x4B25,
  0x4B04, 0x4B05, 0x4B05, 0x4B05, 0x42E4, 0x4B25, 0x42E4, 0x5346, 0x4B04, 0x5345, 0x42C3, 0x6407,
  0xAE50, 0xC712, 0xAE6F, 0x5BE5, 0x3AE1, 0x4343, 0xC712, 0xBEF1, 0xB6F0, 0xB6F0, 0xBEF0, 0xBEF0,
  0xBEF0, 0xBEF0, 0xBEF0, 0xBEF0, 0xBEF0, 0xBEF0, 0xBEF0, 0xBEF0, 0xBEF0, 0xBEF0, 0xBEF0, 0xBEF0,
  0xBEF0, 0xBEF0, 0xBEF0, 0xBEF0, 0xBEF0, 0xBEF0, 0xBEF0, 0xBEF0, 0xBEF0, 0xBEF0, 0xBEF0, 0xBEF0,
  0xBEF0, 0xBEF0, 0xBEF0, 0xBEF0, 0xBEF0, 0xBEF0, 0xBEF0, 0xBEF0, 0xBEF0, 0xBEF0, 0xBEF0, 0xBEF0,
  0xBEF0, 0xBEF0, 0xBEF0, 0xBEF0, 0xBEF0, 0xBEF0, 0xBEF0, 0xBF10, 0xBF10, 0xB6EF, 0xBF10, 0xBF30,
  0xB6EF, 0xBEF0, 0xBEF0, 0xBEF1, 0xA60F, 0x5365, 0x42E4, 0x5346, 0x5346, 0x42C3, 0x4B25, 0x4B25,
  0x4B05, 0x4B05, 0x4B05, 0x4B05, 0x4B05, 0x4B05, 0x4B05, 0x4B05, 0x4B05, 0x4B05, 0x4B05, 0x4B05,
  0x4B05, 0x4B05, 0x4B05, 0x4B05, 0x4B05, 0x4B05, 0x4B05, 0x4B05, 0x4B05, 0x4B05, 0x4B05, 0x4B05,
  0x4B05, 0x4B05, 0x4B05, 0x4B05, 0x4B05, 0x4B05, 0x4B05, 0x4B05, 0x4B05, 0x4B05, 0x4B05, 0x4B05,
  0x4B05, 0x4B05, 0x4B05, 0x4B05, 0x4B05, 0x4B04, 0x4B05, 0x4B25, 0x4B04, 0x4B04, 0x5305, 0x4B05,
  0x4B25, 0x4B05, 0x4AE5, 0x4B05, 0x4B25, 0x4B25, 0x3AA2, 0x7CAA, 0xCF33, 0x956C, 0x7488, 0x4322,
  0x4343, 0x7CE9, 0xB6B1, 0xBED1, 0xBEF0, 0xB6F0, 0xBEF0, 0xBEF0, 0xBEF0, 0xB6F0, 0xB6F0, 0xB6F0,
  0xBEF0, 0xBEF0, 0xBEF0, 0xBEF0, 0xBEF0, 0xBEF0, 0xBEF0, 0xBEF0, 0xBEF0, 0xBEF0, 0xBEF0, 0xBEF0,
  0xBEF0, 0xBEF0, 0xBEF0, 0xBEF0, 0xBF10, 0xBF10, 0xBF10, 0xBF10, 0xBF10, 0xBF10, 0xBF10, 0xBF10,
  0xBEF0, 0xBEF0, 0xBEF0, 0xBEF0, 0xBEF0, 0xBEF0, 0xBEF0, 0xBEF0, 0xBEF0, 0xBEF0, 0xBEF0, 0xBEF0,
  0xBEF0, 0xBEF0, 0xBEF0, 0xBF10, 0xBF10, 0xB6EF, 0xBF30, 0xB70F, 0xB6EF, 0xBF30, 0xBF11, 0xB6B0,
  0xC713, 0x63E7, 0x4B05, 0x42E4, 0x4B05, 0x5325, 0x4B04, 0x4AE4, 0x4B05, 0x4B05, 0x4B05, 0x4B05,
  0x4B04, 0x4B04, 0x4B05, 0x4B05, 0x4B05, 0x4B05, 0x4B05, 0x4B05, 0x4B05, 0x4B05, 0x4B05, 0x4B05,
  0x4B05, 0x4B05, 0x4B05, 0x4B05, 0x4B05, 0x4B05, 0x4B05, 0x4B05, 0x4B05, 0x4B05, 0x4B05, 0x4B05,
  0x4B05, 0x4B05, 0x4B05, 0x4B05
};


const uint16_t frame2_bg_g[] = {
  0xE79F, 0xE79F, 0xE79F, 0xE79F, 0xE79F, 0xE79F, 0xE79F, 0xE79F, 0xE79F, 0xE79F, 0xE79F, 0xE79F,
  0xE79F, 0xE79F, 0xE79F, 0xE79F, 0xE79F, 0xE79F, 0xE79F, 0xE79F, 0xE79F, 0xE79F, 0xE79F, 0xE79F,
  0xDF5F, 0xDF5F, 0xDF5F, 0xDF5F, 0xDF5F, 0xD75F, 0xD75F, 0xD75F, 0xD75F, 0xDF5F, 0xDF7F, 0xDF7F,
  0xD75F, 0xD75F, 0xD75F, 0xDF7F, 0xD75F, 0xD75F, 0xD77F, 0xD77F, 0xD77F, 0xCF5F, 0xCF1F, 0xC71F,
  0xC71F, 0xBEFF, 0xBEDF, 0xBEDF, 0xBEFF, 0xBEFF, 0xBEFF, 0xBEFF, 0xBEFF, 0xBEFF, 0xBEFF, 0xBEFF,
  0xBEFF, 0xBEFF, 0xBEFF, 0xBEFF, 0xBEFF, 0xBEFF, 0xBEFF, 0xBEFF, 0xBEFF, 0xBEFF, 0xBEFF, 0xBEFF,
  0xBEDF, 0xBEDF, 0xBEDF, 0xBEDF, 0xBEDF, 0xBEFF, 0xC71F, 0xC73F, 0xCF3F, 0xD75F, 0xD77F, 0xD75F,
  0xD75F, 0xD77F, 0xD77F, 0xD75F, 0xD75F, 0xD75F, 0xDF7F, 0xDF5F, 0xD75F, 0xD75F, 0xDF5F, 0xDF7F,
  0xDF5F, 0xDF5F, 0xDF5F, 0xDF5F, 0xDF5F, 0xDF7F, 0xE79F, 0xE79F, 0xE79F, 0xE79F, 0xE79F, 0xE79F,
  0xE79F, 0xE79F, 0xEF9F, 0xEF9F, 0xE79F, 0xE79F, 0xE79F, 0xE79F, 0xE79F, 0xE79F, 0xE79F, 0xE79F,
  0xE79F, 0xE79F, 0xE79F, 0xE79F, 0xE79F, 0xE79F, 0xE79F, 0xE79F, 0xE79F, 0xE79F, 0xE79F, 0xE79F,
  0xE79F, 0xE79F, 0xE79F, 0xE79F, 0xE79F, 0xE79F, 0xE79F, 0xE79F, 0xE79F, 0xE79F, 0xE79F, 0xE79F,
  0xE79F, 0xE79F, 0xE79F, 0xE79F, 0xE79F, 0xE79F, 0xE79F, 0xE77F, 0xDF5F, 0xDF5F, 0xDF5F, 0xDF5F,
  0xDF5F, 0xD75F, 0xD75F, 0xD75F, 0xD75F, 0xD75F, 0xD75F, 0xD75F, 0xD75F, 0xD75F, 0xDF7F, 0xDF7F,
  0xD77F, 0xD75F, 0xCF5F, 0xCF3F, 0xC71F, 0xC6FF, 0xC6FF, 0xBEFF, 0xBEFF, 0xBEDF, 0xBEDF, 0xBEFF,
  0xBEFF, 0xBEFF, 0xB6DF, 0xB6DF, 0xB6DF, 0xB6DF, 0xB6DF, 0xB6DF, 0xBEDF, 0xBEDF, 0xBEDF, 0xBEDF,
  0xBEDF, 0xBEDF, 0xBEDF, 0xBEDF, 0xBEDF, 0xBEDF, 0xBEDF, 0xBEDF, 0xBEFF, 0xBEFF, 0xBEFF, 0xBEFF,
  0xBEFF, 0xBEFF, 0xBEFF, 0xBEFF, 0xBEDE, 0xC71F, 0xCF3F, 0xD75F, 0xD75F, 0xD75F, 0xD75F, 0xD75F,
  0xDF7F, 0xD75F, 0xD75F, 0xD75F, 0xDF7F, 0xDF7F, 0xDF5F, 0xD75F, 0xDF5F, 0xDF5F, 0xDF5F, 0xDF5F,
  0xDF5F, 0xDF5F, 0xDF7F, 0xE77F, 0xE79F, 0xE79F, 0xE79F, 0xE79F, 0xE79F, 0xE79F, 0xE79F, 0xE79F,
  0xE79F, 0xE79F, 0xE79F, 0xE79F, 0xE79F, 0xE79F, 0xE79F, 0xE79F, 0xE79F, 0xE79F, 0xE79F, 0xE79F,
  0xE79F, 0xE79F, 0xE79F, 0xE79F, 0xE79F, 0xE79F, 0xE79F, 0xE79F, 0xE79F, 0xE79F, 0xE79F, 0xE79F,
  0xE79F, 0xE79F, 0xE79F, 0xE79F, 0xE79F, 0xE79F, 0xE79F, 0xE79F, 0xE79F, 0xE79F, 0xE79F, 0xE79F,
  0xE79F, 0xE77F, 0xDF5F, 0xDF5F, 0xDF5F, 0xDF5F, 0xDF5F, 0xDF5F, 0xDF5F, 0xDF5F, 0xDF5F, 0xD75F,
  0xD75F, 0xD75F, 0xD75F, 0xD75F, 0xD77F, 0xDF7F, 0xD77F, 0xD75F, 0xCF3F, 0xCF3F, 0xC71F, 0xC6FF,
  0xBEDF, 0xBEDF, 0xBEDF, 0xBEFF, 0xBEDF, 0xBEDF, 0xBEDF, 0xBEDF, 0xBEDF, 0xB6DF, 0xB6BF, 0xB6BF,
  0xB6BF, 0xB6BF, 0xB69F, 0xB69F, 0xB69F, 0xB69F, 0xB69F, 0xB69F, 0xB69F, 0xB69F, 0xB69F, 0xB69F,
  0xB69F, 0xB69F, 0xB69F, 0xB6BF, 0xB6BF, 0xB6DF, 0xB6DF, 0xBEDF, 0xBEDF, 0xBEDF, 0xBEDF, 0xBEFF,
  0xBEDF, 0xC6DF, 0xC6FF, 0xC6FF, 0xC6FF, 0xCF1F, 0xD75F, 0xD75F, 0xD77F, 0xD75F, 0xD75F, 0xD75F,
  0xDF7F, 0xDF7F, 0xDF5F, 0xD73F, 0xDF5F, 0xDF5F, 0xDF5F, 0xDF5F, 0xDF5F, 0xDF5F, 0xDF5F, 0xDF5F,
  0xE77F, 0xE77F, 0xE79F, 0xE79F, 0xE79F, 0xE79F, 0xE79F, 0xE79F, 0xE79F, 0xE79F, 0xE79F, 0xE79F,
  0xE79F, 0xE79F, 0xE79F, 0xE79F, 0xE79F, 0xE79F, 0xE79F, 0xE79F, 0xE79F, 0xE79F, 0xE79F, 0xE79F,
  0xE79F, 0xE79F, 0xE79F, 0xE79F, 0xE79F, 0xE79F, 0xE79F, 0xE79F, 0xE79F, 0xE79F, 0xE79F, 0xE79F,
  0xE79F, 0xE79F, 0xE79F, 0xE79F, 0xE79F, 0xE79F, 0xE79F, 0xE79F, 0xE79F, 0xDF7F, 0xDF5F, 0xDF3F,
  0xDF5F, 0xDF5F, 0xDF5F, 0xDF5F, 0xDF5F, 0xDF5F, 0xDF5F, 0xDF7F, 0xD75F, 0xD75F, 0xD75F, 0xD77F,
  0xD77F, 0xD75F, 0xCF3F, 0xCF1F, 0xC6DE, 0xC6FF, 0xC6FF, 0xC6FF, 0xBEFF, 0xBEDF, 0xBEDF, 0xBEDF,
  0xBEDF, 0xB6BF, 0xB69F, 0xB6BF, 0xB6BF, 0xB69F, 0xB69F, 0xB6BF, 0xAE9F, 0xB69F, 0xB69F, 0xB69F,
  0xB69F, 0xB69F, 0xB69F, 0xB69F, 0xB69F, 0xB69F, 0xB69F, 0xB69F, 0xB69F, 0xB69F, 0xB69F, 0xB69F,
  0xB69F, 0xB69F, 0xB69F, 0xB69F, 0xB6BF, 0xB6BF, 0xBEDF, 0xBEFF, 0xC6FF, 0xC6FF, 0xBEDF, 0xBEBE,
  0xBEBE, 0xC6DF, 0xCF1F, 0xCF3F, 0xCF3F, 0xD75F, 0xDF7F, 0xDF7F, 0xD75F, 0xD75F, 0xD75F, 0xD75F,
  0xDF5F, 0xDF5F, 0xDF5F, 0xDF5F, 0xDF5F, 0xDF5F, 0xDF5F, 0xDF5F, 0xDF7F, 0xDF7F, 0xE77F, 0xE79F,
  0xE79F, 0xE79F, 0xE79F, 0xE79F, 0xE79F, 0xE79F, 0xE79F, 0xE79F, 0xE79F, 0xE79F, 0xE79F, 0xE79F,
  0xE79F, 0xE79F, 0xE79F, 0xE79F, 0xE79F, 0xE79F, 0xE79F, 0xE79F, 0xE79F, 0xE79F, 0xE79F, 0xE79F,
  0xE79F, 0xE79F, 0xE79F, 0xE79F, 0xE79F, 0xE79F, 0xE79F, 0xE79F, 0xE79F, 0xE79F, 0xE79F, 0xE79F,
  0xE7BF, 0xE79F, 0xE79F, 0xE77F, 0xDF7F, 0xDF5F, 0xDF5F, 0xDF5F, 0xDF5F, 0xDF5F, 0xDF5F, 0xDF5F,
  0xDF5F, 0xDF5F, 0xDF5F, 0xDF5F, 0xD77F, 0xD77F, 0xD77F, 0xD75F, 0xCF3F, 0xCF1F, 0xC6FF, 0xC6FF,
  0xBEDF, 0xBEFF, 0xBEFF, 0xBEFF, 0xBEDF, 0xB6DF, 0xB6BF, 0xB69F, 0xB6DF, 0xB6BF, 0xB69F, 0xB69F,
  0xB6BF, 0xB69F, 0xB6BF, 0xB6BF, 0xB6BF, 0xB6BF, 0xB6BF, 0xB6BF, 0xB6BF, 0xB6BF, 0xB6BF, 0xB6BF,
  0xB6BF, 0xB6BF, 0xB6BF, 0xB6BF, 0xB6BF, 0xB6BF, 0xB6BF, 0xB6BF, 0xB6BF, 0xB6BF, 0xB6BF, 0xAE9F,
  0xAE9F, 0xB69F, 0xB6BF, 0xB6BF, 0xB6BF, 0xBEBF, 0xBEDF, 0xBEDF, 0xC6FF, 0xBEDF, 0xBEDF, 0xC6DE,
  0xC6FF, 0xCF1F, 0xD75F, 0xD77F, 0xD75F, 0xD75F, 0xD75F, 0xDF7F, 0xD75F, 0xD75F, 0xDF5F, 0xDF5F,
  0xDF5F, 0xDF5F, 0xDF5F, 0xDF5F, 0xDF5F, 0xDF5F, 0xDF7F, 0xE77F, 0xE79F, 0xE79F, 0xE79F, 0xE79F,
  0xE79F, 0xE79F, 0xE79F, 0xE79F, 0xE79F, 0xE79F, 0xE79F, 0xE79F, 0xE79F, 0xE79F, 0xE79F, 0xE79F,
  0xE79F, 0xE79F, 0xE79F, 0xE79F, 0xE79F, 0xE79F, 0xE79F, 0xE79F, 0xE79F, 0xE79F, 0xE79F, 0xE79F,
  0xE79F, 0xE79F, 0xE79F, 0xE79F, 0xE79F, 0xE79F, 0xE79F, 0xE79F, 0xE7BF, 0xE79F, 0xDF7F, 0xDF7F,
  0xDF5F, 0xDF5F, 0xDF5F, 0xDF5F, 0xDF5F, 0xDF5F, 0xDF5F, 0xDF5F, 0xDF5F, 0xDF5F, 0xDF5F, 0xDF5F,
  0xDF7F, 0xD75F, 0xCF3F, 0xCF1F, 0xC6FF, 0xC6DF, 0xBEDF, 0xBEFF, 0xBEDF, 0xBEDF, 0xBEDF, 0xB6BF,
  0xB6BF, 0xB6BF, 0xAE9F, 0xAE9F, 0xB6BF, 0xAE9F, 0xB6BF, 0xB6BF, 0xB6BF, 0xAEBF, 0xAE9F, 0xAE9F,
  0xAE9F, 0xAE9F, 0xAE9F, 0xAE9F, 0xAE9F, 0xB69F, 0xB69F, 0xAE9F, 0xAEBF, 0xAEBF, 0xAEBF, 0xAEBF,
  0xAEBF, 0xAEBF, 0xAEBF, 0xAEBF, 0xAEBF, 0xAEBF, 0xB6BF, 0xB6BF, 0xB6BF, 0xAE9F, 0xAE9F, 0xAE9F,
  0xB69F, 0xB69F, 0xB6BF, 0xBEDF, 0xBEDF, 0xBEDF, 0xBEDF, 0xC6FF, 0xBEDF, 0xC6DF, 0xC6FF, 0xCF1F,
  0xD75F, 0xD77F, 0xD77F, 0xD77F, 0xD75F, 0xD75F, 0xD75F, 0xDF5F, 0xDF5F, 0xDF5F, 0xDF5F, 0xDF5F,
  0xDF5F, 0xDF5F, 0xDF5F, 0xDF7F, 0xE77F, 0xE79F, 0xE79F, 0xE79F, 0xE79F, 0xE79F, 0xE79F, 0xE79F,
  0xE79F, 0xE79F, 0xE79F, 0xE79F, 0xE79F, 0xE79F, 0xE79F, 0xE79F, 0xE79F, 0xE79F, 0xE79F, 0xE79F,
  0xE79F, 0xE79F, 0xE79F, 0xE79F, 0xE79F, 0xE79F, 0xE79F, 0xE79F, 0xE79F, 0xE79F, 0xE79F, 0xE79F,
  0xE79F, 0xE79F, 0xE79F, 0xE79F, 0xE79F, 0xDF7F, 0xDF7F, 0xDF5F, 0xDF5F, 0xDF5F, 0xDF5F, 0xDF5F,
  0xDF5F, 0xDF5F, 0xDF5F, 0xDF5F, 0xDF5F, 0xDF5F, 0xDF5F, 0xD75F, 0xD75F, 0xCF3F, 0xC6FF, 0xC6DF,
  0xBEDF, 0xBEDF, 0xBEDF, 0xBEDF, 0xB6BF, 0xB6BF, 0xB6BF, 0xAE9F, 0xAE9F, 0xAEBF, 0xB6BF, 0xB6BF,
  0xAEBF, 0xAE9F, 0xAE9F, 0xAEBF, 0xAEBF, 0xAE9F, 0xA69F, 0xA69F, 0xA69F, 0xA69F, 0xA69F, 0xAE9F,
  0xAE7F, 0xAE7F, 0xAE7F, 0xAE7F, 0xA69F, 0xA69F, 0xA69F, 0xA69F, 0xA69F, 0xA69F, 0xA69F, 0xA69F,
  0xA67F, 0xAE9F, 0xAE9F, 0xAEBF, 0xAEBF, 0xAEBF, 0xAE9F, 0xAE9F, 0xB6BF, 0xB69F, 0xAE9F, 0xB69F,
  0xB6BF, 0xB6BF, 0xBEDF, 0xBEFF, 0xBEDF, 0xBEDF, 0xBEDF, 0xC6FF, 0xCF1F, 0xCF3F, 0xD75F, 0xD75F,
  0xD75F, 0xD75F, 0xD75F, 0xD75F, 0xD75F, 0xD75F, 0xDF5F, 0xDF5F, 0xDF5F, 0xDF5F, 0xDF5F, 0xDF5F,
  0xDF7F, 0xDF7F, 0xE79F, 0xE79F, 0xE79F, 0xE79F, 0xE79F, 0xE79F, 0xE79F, 0xE79F, 0xE79F, 0xE79F,
  0xE79F, 0xE79F, 0xE79F, 0xE79F, 0xE79F, 0xE79F, 0xE79F, 0xE79F, 0xE79F, 0xE79F, 0xE79F, 0xE79F,
  0xE79F, 0xE79F, 0xE79F, 0xE79F, 0xE79F, 0xE79F, 0xE79F, 0xE79F, 0xE79F, 0xE79F, 0xE79F, 0xE79F,
  0xDF7F, 0xDF7F, 0xDF5F, 0xDF5F, 0xDF5F, 0xDF5F, 0xDF5F, 0xDF5F, 0xDF5F, 0xDF5F, 0xD75F, 0xD75F,
  0xD75F, 0xD75F, 0xD75F, 0xD75F, 0xCF1F, 0xC6FF, 0xBEDF, 0xBEDF, 0xBEFF, 0xBEFF, 0xBEDF, 0xB6BF,
  0xB6BF, 0xAEBF, 0xAEBF, 0xAEBF, 0xAEBF, 0xAEBF, 0xAEBF, 0xAEBF, 0xAEBF, 0xA69F, 0xA67F, 0xA67F,
  0xA67F, 0xA67F, 0xA67F, 0xA67F, 0xA67F, 0xA67F, 0xA67F, 0xA67F, 0xA67F, 0xA67F, 0xA67F, 0xA67F,
  0xA69F, 0xA69F, 0xA69F, 0xA69F, 0xA69F, 0xA69F, 0xA69F, 0xA69F, 0xA67F, 0xA67F, 0xA69F, 0xA67F,
  0xA67F, 0xAE9F, 0xAE9F, 0xAEBF, 0xAEBF, 0xAE9F, 0xAE9F, 0xB6BF, 0xB6BF, 0xB6BF, 0xB69F, 0xB69F,
  0xBEDF, 0xBEDF, 0xC6FF, 0xBEDF, 0xBEBF, 0xBEDF, 0xCF1F, 0xD75F, 0xD75F, 0xD75F, 0xD75F, 0xD75F,
  0xD75F, 0xD75F, 0xD75F, 0xD75F, 0xDF5F, 0xDF5F, 0xD75F, 0xD75F, 0xDF5F, 0xDF7F, 0xE79F, 0xE79F,
  0xE79F, 0xE79F, 0xE79F, 0xE79F, 0xE79F, 0xE79F, 0xE79F, 0xE79F, 0xE79F, 0xE79F, 0xE79F, 0xE79F,
  0xE79F, 0xE79F, 0xE79F, 0xE79F, 0xE79F, 0xE79F, 0xE79F, 0xE79F, 0xE79F, 0xE79F, 0xE79F, 0xE79F,
  0xE79F, 0xE79F, 0xE79F, 0xE79F, 0xE79F, 0xE79F, 0xE79F, 0xE79F, 0xDF5F, 0xDF5F, 0xDF5F, 0xDF5F,
  0xDF5F, 0xDF5F, 0xDF5F, 0xDF5F, 0xDF7F, 0xD75F, 0xD75F, 0xD75F, 0xD77F, 0xD75F, 0xCF1F, 0xC6DF,
  0xC6DF, 0xBEDF, 0xBEDF, 0xBEDF, 0xBEDF, 0xB6BF, 0xB6BF, 0xAE9F, 0xAEBF, 0xAEBF, 0xAEBF, 0xAE9F,
  0xAE9F, 0xAEBF, 0xAE9F, 0xA67F, 0xA67F, 0xA69F, 0xA69F, 0x9E7F, 0x9E7F, 0xA69F, 0x9E7F, 0x963F,
  0x963F, 0x963F, 0x963F, 0x963F, 0x963F, 0x963F, 0x963F, 0x963F, 0x963F, 0x963F, 0x963F, 0x963F,
  0x963F, 0x963F, 0x963F, 0x963F, 0x9E5F, 0xA67F, 0xA69F, 0xA67F, 0xA67F, 0xAE9F, 0xAE9F, 0xA67F,
  0xA69F, 0xAE9F, 0xAE9F, 0xAEBF, 0xAEBF, 0xAEBF, 0xB6BF, 0xB6BF, 0xAE7E, 0xB6BF, 0xBEDF, 0xBEFF,
  0xBEFF, 0xBEDF, 0xBEDF, 0xC6DF, 0xCF3F, 0xD75F, 0xD75F, 0xD73F, 0xD75F, 0xD75F, 0xD75F, 0xD75F,
  0xD75F, 0xD75F, 0xD75F, 0xD75F, 0xDF5F, 0xDF7F, 0xDF7F, 0xE79F, 0xE79F, 0xE79F, 0xE79F, 0xE79F,
  0xE79F, 0xE79F, 0xE79F, 0xE79F, 0xE79F, 0xE79F, 0xE79F, 0xE79F, 0xE79F, 0xE79F, 0xE79F, 0xE79F,
  0xE79F, 0xE79F, 0xE79F, 0xE79F, 0xE79F, 0xE79F, 0xE79F, 0xE79F, 0xE79F, 0xE79F, 0xE79F, 0xE79F,
  0xE79F, 0xE79F, 0xDF7F, 0xDF7F, 0xDF5F, 0xDF5F, 0xDF5F, 0xDF5F, 0xDF5F, 0xD75F, 0xD75F, 0xD75F,
  0xD73F, 0xD75F, 0xD77F, 0xD77F, 0xCF3F, 0xCF1F, 0xC6FF, 0xC6FF, 0xBEDF, 0xBEDF, 0xBEDF, 0xB6BF,
  0xB6BF, 0xB6BF, 0xB6BF, 0xB6BF, 0xAE9F, 0xAEBF, 0xAEBF, 0xAE9F, 0xA67F, 0xAE9F, 0xAEBF, 0xAE9F,
  0xA69F, 0x9E7F, 0x9E5F, 0x9E5F, 0x9E5F, 0x965F, 0x963F, 0x963F, 0x963F, 0x963F, 0x963F, 0x963F,
  0x963F, 0x963F, 0x963F, 0x963F, 0x963F, 0x963F, 0x963F, 0x963F, 0x963F, 0x963F, 0x963F, 0x963F,
  0x963F, 0x9E5F, 0x9E5F, 0x9E5F, 0x9E5F, 0xA67F, 0xA69F, 0xA67F, 0xA67F, 0xA67F, 0xA69F, 0xAE9F,
  0xAE9F, 0xAEBF, 0xAEBF, 0xB6BF, 0xB6BF, 0xB6BF, 0xB6BF, 0xB6BF, 0xBEDF, 0xBEFF, 0xBEFF, 0xBEDF,
  0xC6FF, 0xD73F, 0xD77F, 0xDF7F, 0xDF7F, 0xD77F, 0xD75F, 0xDF7F, 0xDF5F, 0xD75F, 0xD75F, 0xDF5F,
  0xDF5F, 0xDF5F, 0xDF5F, 0xDF5F, 0xE79F, 0xE79F, 0xE79F, 0xE79F, 0xE79F, 0xE79F, 0xE79F, 0xE79F,
  0xE79F, 0xE79F, 0xE79F, 0xE79F, 0xE79F, 0xE79F, 0xE79F, 0xE79F, 0xE79F, 0xE79F, 0xE79F, 0xE79F,
  0xE79F, 0xE79F, 0xE79F, 0xE79F, 0xE77F, 0xE79F, 0xE79F, 0xE79F, 0xE79F, 0xDF7F, 0xDF5F, 0xDF5F,
  0xDF5F, 0xDF5F, 0xDF5F, 0xDF5F, 0xD75F, 0xD75F, 0xD75F, 0xD75F, 0xD75F, 0xD75F, 0xD75F, 0xCF3F,
  0xC6FF, 0xBEDF, 0xBEDF, 0xBEDF, 0xBEDF, 0xB6DF, 0xB6BF, 0xB6BF, 0xAE9F, 0xAEBF, 0xAEBF, 0xAEBF,
  0xAE9F, 0xAE9F, 0xAE9F, 0xA67F, 0xAE9F, 0xB6DF, 0xB6DF, 0xB6BF, 0xA67F, 0x961E, 0x95FE, 0x961F,
  0x963F, 0x8DFE, 0x85BD, 0x85DE, 0x85DE, 0x85DE, 0x85DE, 0x85DE, 0x85DE, 0x85DE, 0x85DE, 0x85DE,
  0x85DE, 0x85DE, 0x85DE, 0x85DE, 0x85DE, 0x85DE, 0x85DE, 0x85DE, 0x8DDE, 0x8DFE, 0x961F, 0x95FE,
  0x961F, 0x9E3F, 0x9E5F, 0x9E5F, 0x9E7F, 0x9E7F, 0xA67F, 0xA67F, 0xA69F, 0xAE9F, 0xAEBF, 0xAEBF,
  0xAEBF, 0xAEBF, 0xAE9F, 0xB6BF, 0xB6BF, 0xBEDF, 0xBEFF, 0xC6FF, 0xC6DE, 0xC6FE, 0xCF1F, 0xD73F,
  0xD77F, 0xD75F, 0xD75F, 0xD75F, 0xD75F, 0xD75F, 0xDF5F, 0xDF5F, 0xDF5F, 0xDF5F, 0xD73F, 0xD75F,
  0xDF7F, 0xDF7F, 0xE79F, 0xE7BF, 0xE79F, 0xE79F, 0xE79F, 0xE79F, 0xE79F, 0xE79F, 0xE79F, 0xE79F,
  0xE79F, 0xE79F, 0xE79F, 0xE79F, 0xE79F, 0xE79F, 0xE79F, 0xE79F, 0xE79F, 0xE79F, 0xE79F, 0xE79F,
  0xE77F, 0xE79F, 0xE79F, 0xE79F, 0xDF7F, 0xDF5F, 0xDF5F, 0xDF5F, 0xDF5F, 0xDF5F, 0xDF5F, 0xD75F,
  0xD75F, 0xD75F, 0xD77F, 0xD77F, 0xDF9F, 0xD75F, 0xC6FF, 0xC6DF, 0xC6FF, 0xC6FF, 0xBEDF, 0xBEDF,
  0xB69F, 0xB6BF, 0xB6BF, 0xB6BF, 0xAEBF, 0xAEBF, 0xAE9F, 0xA69F, 0xAEBF, 0xA67F, 0xA65F, 0xA67F,
  0xB6BF, 0xB6DF, 0xB6DF, 0xAEBF, 0xAEBF, 0x9E3F, 0x95FE, 0x95FE, 0x8DFE, 0x85BD, 0x85BD, 0x85DE,
  0x85BD, 0x85BD, 0x85BE, 0x85BE, 0x85BE, 0x85BE, 0x85BE, 0x85BE, 0x85DE, 0x85DE, 0x85DE, 0x85DE,
  0x85DE, 0x85DE, 0x85DE, 0x85BE, 0x85BE, 0x8DDE, 0x8DDE, 0x8DDE, 0x8DFE, 0x961F, 0x961F, 0x961F,
  0x9E5F, 0x9E5F, 0x9E5F, 0x9E7F, 0xA67F, 0xA69F, 0xA69F, 0xAE9F, 0xAE9F, 0xAEBF, 0xB6BF, 0xB6BF,
  0xB69F, 0xB6BF, 0xB6DF, 0xBEFF, 0xC6DE, 0xC6DE, 0xC6DE, 0xC6DE, 0xD75F, 0xDF7F, 0xDF7F, 0xDF7F,
  0xD75F, 0xD75F, 0xD75F, 0xDF5F, 0xDF5F, 0xDF5F, 0xDF5F, 0xDF5F, 0xDF5F, 0xDF7F, 0xE79F, 0xE7BF,
  0xE79F, 0xE79F, 0xE79F, 0xE79F, 0xE79F, 0xE79F, 0xE79F, 0xE79F, 0xE79F, 0xE79F, 0xE79F, 0xE79F,
  0xE79F, 0xE79F, 0xE79F, 0xE79F, 0xE79F, 0xE79F, 0xE79F, 0xE79F, 0xE79F, 0xE79F, 0xE79F, 0xE79F,
  0xDF7F, 0xDF5F, 0xDF5F, 0xDF5F, 0xDF5F, 0xDF5F, 0xDF5F, 0xD75F, 0xD75F, 0xD77F, 0xD77F, 0xD77F,
  0xD77F, 0xCF3F, 0xBEDF, 0xBEBF, 0xBEDF, 0xBEFF, 0xBEDF, 0xB6BF, 0xAE9F, 0xAE9F, 0xAEBF, 0xAEBF,
  0xAEBF, 0xAEBF, 0xA69F, 0xA67F, 0xA69F, 0x9E3E, 0x9E3E, 0xAE9F, 0xAEBF, 0xAE7F, 0xA65E, 0xA65E,
  0xB6DF, 0xA67F, 0x95FD, 0x8D9C, 0x859C, 0x859C, 0x8DBD, 0x85DE, 0x85DE, 0x85DE, 0x85DE, 0x85DE,
  0x85DE, 0x85DE, 0x85DE, 0x85DE, 0x85DE, 0x85DE, 0x85DE, 0x85DE, 0x85DE, 0x85DE, 0x85DE, 0x85DE,
  0x85BE, 0x85BE, 0x85BE, 0x85BE, 0x85DE, 0x8DDE, 0x8DDE, 0x8DFE, 0x8E1E, 0x963F, 0x963F, 0x9E5F,
  0x9E5F, 0x9E7F, 0xA67F, 0xA69F, 0xAE9F, 0xAE9F, 0xAEBF, 0xB6BF, 0xB6BF, 0xB6BF, 0xB6BF, 0xB6BF,
  0xBEBE, 0xC6DE, 0xC6DE, 0xBEBD, 0xCEFE, 0xD75F, 0xD75F, 0xD75F, 0xDF7F, 0xD75F, 0xD75F, 0xDF5F,
  0xDF5F, 0xDF5F, 0xDF5F, 0xDF5F, 0xD75F, 0xDF5F, 0xDF7F, 0xE79F, 0xE79F, 0xE79F, 0xE79F, 0xE79F,
  0xE79F, 0xE79F, 0xE79F, 0xE79F, 0xE79F, 0xE79F, 0xE79F, 0xE79F, 0xE79F, 0xE79F, 0xE79F, 0xE79F,
  0xE79F, 0xE79F, 0xE79F, 0xE79F, 0xE7BF, 0xE79F, 0xE79F, 0xDF7F, 0xDF5F, 0xDF5F, 0xDF5F, 0xDF5F,
  0xDF5F, 0xDF5F, 0xDF5F, 0xD75F, 0xD75F, 0xD77F, 0xD77F, 0xCF5F, 0xC6FF, 0xC6FF, 0xBEDF, 0xBEDF,
  0xB6DF, 0xB6BF, 0xB6BF, 0xAE9F, 0xB6BF, 0xAEBF, 0xAE9F, 0xAE9F, 0xAE9F, 0xA69F, 0xA69F, 0xA67F,
  0x9E5F, 0x9E5E, 0xA67F, 0xAE9F, 0xA67F, 0x9E1D, 0x9DFD, 0xA65E, 0xAE9F, 0xAE7F, 0x9E3E, 0x95DD,
  0x95DD, 0x95FD, 0x95FE, 0x8DDD, 0x85BD, 0x85BD, 0x85BD, 0x85BE, 0x85BE, 0x85BE, 0x85BE, 0x85BE,
  0x85BE, 0x85BE, 0x85BE, 0x85BE, 0x85BE, 0x85BE, 0x85BE, 0x85BE, 0x85DE, 0x85DE, 0x85BE, 0x85DE,
  0x85DE, 0x85DE, 0x85DE, 0x85DE, 0x85DE, 0x8DFE, 0x8DFE, 0x961F, 0x963F, 0x9E5F, 0x9E7F, 0xA67F,
  0xA69F, 0xA67F, 0xA67F, 0xAE9F, 0xB6BF, 0xB6DF, 0xB6BF, 0xAE7E, 0xC6DE, 0xD73F, 0xD75F, 0xCF1F,
  0xCF1E, 0xCF1E, 0xCF3E, 0xD73F, 0xDF7F, 0xDF7F, 0xDF5F, 0xDF5F, 0xDF5F, 0xDF5F, 0xDF5F, 0xDF5F,
  0xDF5F, 0xDF5F, 0xDF7F, 0xDF7F, 0xE79F, 0xE79F, 0xE79F, 0xE79F, 0xE79F, 0xE79F, 0xE79F, 0xE79F,
  0xE79F, 0xE79F, 0xE79F, 0xE79F, 0xE79F, 0xE79F, 0xE79F, 0xE79F, 0xE79F, 0xE79F, 0xE79F, 0xE79F,
  0xE79F, 0xE79F, 0xDF7F, 0xDF5F, 0xDF5F, 0xDF5F, 0xDF5F, 0xDF5F, 0xDF5F, 0xDF5F, 0xDF5F, 0xD75F,
  0xD75F, 0xD77F, 0xD75F, 0xC71F, 0xBEDE, 0xBEDF, 0xBEFF, 0xBEDF, 0xB6BF, 0xAE9F, 0xAE9F, 0xAE9F,
  0xB6BF, 0xAEBF, 0xA69F, 0xA69F, 0xA67F, 0xA67F, 0x9E5F, 0x9E5F, 0x9E5F, 0xA67F, 0xA67F, 0xA67F,
  0xA63E, 0xA63D, 0xA63D, 0xAE5E, 0xAE7F, 0xB6BF, 0xB6BF, 0xAE9F, 0xAE9F, 0xAE9F, 0xA67F, 0x9E3F,
  0x8DBD, 0x8DDE, 0x85DE, 0x85BE, 0x85BE, 0x85BE, 0x85BE, 0x85DE, 0x85DE, 0x85DE, 0x85DE, 0x85DE,
  0x85DE, 0x85DE, 0x85DE, 0x85DE, 0x85DE, 0x85DE, 0x85DE, 0x85DE, 0x85DE, 0x85BE, 0x85BE, 0x85BE,
  0x85BE, 0x85DE, 0x85DE, 0x8DDE, 0x8DFE, 0x961E, 0x9E3F, 0x9E5F, 0xA67F, 0xA65F, 0xA67F, 0xA67F,
  0xAE9F, 0xB6BF, 0xB6BF, 0xB6BF, 0xD75F, 0xD75F, 0xD75F, 0xDF7F, 0xDFBF, 0xDF9F, 0xD75F, 0xDF7F,
  0xD75F, 0xD75F, 0xDF5F, 0xDF5F, 0xDF5F, 0xDF5F, 0xDF5F, 0xDF5F, 0xDF5F, 0xDF5F, 0xDF5F, 0xDF7F,
  0xDF9F, 0xE79F, 0xE79F, 0xE79F, 0xE79F, 0xE79F, 0xE79F, 0xE79F, 0xE79F, 0xE79F, 0xE79F, 0xE79F,
  0xE79F, 0xE79F, 0xE79F, 0xE79F, 0xE79F, 0xE79F, 0xE79F, 0xE79F, 0xE79F, 0xDF7F, 0xDF5F, 0xDF5F,
  0xDF5F, 0xDF5F, 0xDF5F, 0xD75F, 0xD75F, 0xDF5F, 0xDF5F, 0xD75F, 0xD77F, 0xD77F, 0xCF3F, 0xBEDE,
  0xC6FF, 0xBEFF, 0xBEDF, 0xB6BF, 0xB6BF, 0xB6BF, 0xAEBF, 0xAEBF, 0xAE9F, 0xA69F, 0xA67F, 0xA67F,
  0xA67F, 0x9E5F, 0x963E, 0x961E, 0x9E5F, 0xA65F, 0x9E3E, 0x9E1D, 0xA63E, 0xAE7F, 0xAE9F, 0xAE5E,
  0xAE7E, 0xB69E, 0xB69F, 0xAE7E, 0xAE7F, 0xAE9F, 0xAE9F, 0xAE9F, 0x8DDD, 0x8DBD, 0x85BD, 0x85BE,
  0x85BE, 0x85BE, 0x85BE, 0x85DE, 0x85BE, 0x85BE, 0x85BE, 0x85BE, 0x85BE, 0x85BE, 0x85BE, 0x85BE,
  0x85BE, 0x85BE, 0x85DE, 0x85DE, 0x85DE, 0x85DE, 0x85BE, 0x85DE, 0x85DE, 0x85DE, 0x85BD, 0x85BD,
  0x85BD, 0x8DDE, 0x961E, 0x963F, 0x961E, 0x9E5F, 0xA69F, 0xA67F, 0xA65E, 0xAE7E, 0xB6DF, 0xC73F,
  0xC71F, 0xBE9D, 0xB65C, 0xCF1E, 0xE7DF, 0xE7BF, 0xDF7F, 0xDF7F, 0xD73E, 0xD73F, 0xD75F, 0xDF5F,
  0xDF5F, 0xDF5F, 0xDF5F, 0xDF5F, 0xDF7F, 0xDF5F, 0xD75F, 0xDF5F, 0xDF7F, 0xE79F, 0xE7BF, 0xE79F,
  0xE79F, 0xE79F, 0xE79F, 0xE79F, 0xE79F, 0xE79F, 0xE79F, 0xE79F, 0xE79F, 0xE79F, 0xE79F, 0xE79F,
  0xE79F, 0xE79F, 0xE79F, 0xE79F, 0xDF7F, 0xDF7F, 0xDF5F, 0xD75F, 0xDF5F, 0xDF5F, 0xDF5F, 0xDF7F,
  0xD75F, 0xD77F, 0xD77F, 0xD77F, 0xCF3F, 0xC6FF, 0xC6DF, 0xC6DF, 0xBEDF, 0xBEBF, 0xB69F, 0xB69F,
  0xB6BF, 0xB6BF, 0xAE9F, 0xAE9F, 0xA67F, 0xAEBF, 0xA67F, 0x9E5F, 0x961E, 0x9E3F, 0x95FE, 0x961E,
  0xA69F, 0x9E3E, 0x9E1E, 0x9E3E, 0xA63E, 0xA65E, 0xAE7F, 0xB69F, 0xB69E, 0xB67E, 0xAE7E, 0xAE7E,
  0xAE7F, 0xAE7F, 0xAE9F, 0xAE9F, 0x961E, 0x8DBD, 0x859D, 0x8DDE, 0x85DE, 0x85BE, 0x85DE, 0x85BE,
  0x85BE, 0x85BE, 0x85BE, 0x85BE, 0x85BE, 0x85BE, 0x85BE, 0x85BE, 0x85BE, 0x85BE, 0x85BE, 0x85DE,
  0x85DE, 0x85DE, 0x85DE, 0x85BE, 0x8DDE, 0x85BE, 0x859D, 0x85BE, 0x85BD, 0x85BD, 0x8DFE, 0x8DDE,
  0x961F, 0x8DFE, 0x9E3F, 0x9E5F, 0xAE9F, 0xA65E, 0xB6DF, 0xC75F, 0xBEDE, 0xBE9D, 0xBEBD, 0xD73F,
  0xDF9F, 0xE79F, 0xE79F, 0xE79F, 0xD6FD, 0xD6FE, 0xDF3F, 0xDF5F, 0xD71F, 0xD75F, 0xDF7F, 0xD75F,
  0xD75F, 0xD75F, 0xDF5F, 0xD75F, 0xDF5F, 0xDF7F, 0xE79F, 0xE79F, 0xE79F, 0xE79F, 0xE79F, 0xE79F,
  0xE79F, 0xE79F, 0xE79F, 0xE79F, 0xEF9F, 0xE79F, 0xE79F, 0xE79F, 0xE79F, 0xE79F, 0xE79F, 0xE79F,
  0xDF7F, 0xDF5F, 0xDF5F, 0xD75F, 0xDF5F, 0xDF5F, 0xDF5F, 0xDF5F, 0xD75F, 0xD77F, 0xD77F, 0xCF3F,
  0xC71F, 0xC6FF, 0xC6DF, 0xBEDF, 0xBEBF, 0xB6BF, 0xB69F, 0xB69F, 0xAEBF, 0xAE9F, 0xAE9F, 0xA67F,
  0xA69F, 0xA69F, 0x963F, 0x9E5F, 0x961E, 0x8DDD, 0x8DBD, 0x95FE, 0xA67F, 0x9E3E, 0x9E1E, 0x9E3E,
  0xA63E, 0xA63E, 0xA65E, 0xAE5E, 0xB69E, 0xB69E, 0xB69E, 0xAE9E, 0xAE9F, 0xAE9F, 0xAE9F, 0xAE9F,
  0x95DD, 0x8DBD, 0x8DBD, 0x8DDE, 0x85BE, 0x85DE, 0x85DE, 0x85BE, 0x85BE, 0x85BE, 0x85BE, 0x85BE,
  0x85BE, 0x85BE, 0x85BE, 0x85BE, 0x85BE, 0x85BE, 0x85BE, 0x85BE, 0x85BE, 0x85BE, 0x85BE, 0x85BE,
  0x85BE, 0x85BE, 0x85BE, 0x85DE, 0x85BE, 0x85BE, 0x85DE, 0x85BE, 0x85BD, 0x8DDE, 0x9E3F, 0x95FD,
  0x9E3E, 0xB6DF, 0xC75F, 0xBEDE, 0xBEBD, 0xBE9D, 0xC6FE, 0xDF7F, 0xE7BF, 0xE79F, 0xE79F, 0xEFBF,
  0xD73E, 0xCEBD, 0xD6FE, 0xDF7F, 0xDF7F, 0xD73F, 0xD75F, 0xD77F, 0xD75F, 0xD75F, 0xD75F, 0xDF5F,
  0xDF5F, 0xDF7F, 0xDF7F, 0xE79F, 0xE79F, 0xE79F, 0xE79F, 0xE79F, 0xE79F, 0xE79F, 0xE79F, 0xE79F,
  0xEF9F, 0xE79F, 0xE79F, 0xE79F, 0xE79F, 0xE79F, 0xE79F, 0xDF7F, 0xD75F, 0xD75F, 0xD75F, 0xDF5F,
  0xDF5F, 0xDF5F, 0xDF5F, 0xD75F, 0xD75F, 0xD79F, 0xD75F, 0xC6FE, 0xBEDE, 0xC6FF, 0xBEFF, 0xBEBF,
  0xB6BF, 0xB69F, 0xB69F, 0xAE9F, 0xAE9F, 0xAE9F, 0xA67F, 0xA67F, 0x9E7F, 0x9E5F, 0x8DFE, 0x961E,
  0x8DFE, 0x8DDD, 0x8DBD, 0x9E3E, 0x9E3E, 0x9E1D, 0x9E1D, 0x9E1D, 0x9E1D, 0x9E1D, 0x9E1D, 0xA63D,
  0xAE7E, 0xAE7E, 0xAE7E, 0xAE7E, 0xAE7E, 0xAE7F, 0xA67F, 0xA65F, 0x95DD, 0x8DBD, 0x8DBD, 0x8DDD,
  0x85BD, 0x85DE, 0x85DE, 0x85BE, 0x85BE, 0x85BE, 0x85BE, 0x85BE, 0x85BE, 0x85BE, 0x85BE, 0x85BE,
  0x85BE, 0x85BE, 0x85BE, 0x85BE, 0x85BE, 0x85BE, 0x85BE, 0x85BE, 0x85BE, 0x85DE, 0x85DE, 0x85DE,
  0x85DE, 0x85DE, 0x85DE, 0x85BD, 0x8DBD, 0x8DBD, 0x8DBD, 0x9DFD, 0xA63D, 0xC73F, 0xC73F, 0xB65C,
  0xBEBD, 0xBE9D, 0xCEFE, 0xE79F, 0xEFDF, 0xE7BF, 0xE79F, 0xE79F, 0xE79F, 0xCEDD, 0xC6BD, 0xD73F,
  0xDF7F, 0xDF5F, 0xD75F, 0xD75F, 0xD75F, 0xD75F, 0xD75F, 0xDF5F, 0xDF5F, 0xDF5F, 0xDF7F, 0xE77F,
  0xE79F, 0xE79F, 0xE79F, 0xE79F, 0xE79F, 0xE79F, 0xE79F, 0xE79F, 0xEF9F, 0xE79F, 0xE79F, 0xE79F,
  0xE79F, 0xE79F, 0xDF7F, 0xDF5F, 0xD75F, 0xD75F, 0xD75F, 0xDF5F, 0xDF5F, 0xDF5F, 0xDF5F, 0xD75F,
  0xD77F, 0xD77F, 0xCF3F, 0xC6FE, 0xBEDE, 0xBEDF, 0xBEDF, 0xB6BF, 0xB69F, 0xAE9F, 0xAE9F, 0xAE9F,
  0xAE9F, 0xA67F, 0xA67F, 0x9E5F, 0x963F, 0x963F, 0x8DDD, 0x85BC, 0x8DDD, 0x961E, 0x961E, 0x9E3E,
  0x9E3E, 0x9E3E, 0x9E3E, 0xA63E, 0x9E3E, 0xA63E, 0xA65E, 0xA65E, 0xAE9E, 0xAE9E, 0xAE9E, 0xAE9E,
  0xAE9F, 0xAE9F, 0xAE9F, 0xA67F, 0x9E3E, 0x8DDD, 0x85BD, 0x8DDD, 0x85BD, 0x85BE, 0x85DE, 0x85BE,
  0x85BE, 0x85BE, 0x85BE, 0x85BE, 0x85BE, 0x85BE, 0x85BE, 0x85BE, 0x85BE, 0x85BE, 0x85BE, 0x85BE,
  0x85BE, 0x85BE, 0x85BE, 0x85BE, 0x85BE, 0x85DE, 0x85DE, 0x7DBD, 0x85BE, 0x85DE, 0x85BD, 0x8DDD,
  0x8DBD, 0x95DD, 0x959B, 0x9DDC, 0xAE1C, 0xC6FF, 0xC6FE, 0xC6DD, 0xC69C, 0xCEDD, 0xD73F, 0xE79F,
  0xE7BF, 0xE79F, 0xE79F, 0xE79F, 0xE7BF, 0xDF5F, 0xCEFE, 0xCEFE, 0xD71F, 0xDF5F, 0xDF7F, 0xD75F,
  0xD75F, 0xD75F, 0xD75F, 0xDF5F, 0xDF5F, 0xDF5F, 0xDF5F, 0xDF5F, 0xE79F, 0xE79F, 0xE79F, 0xE79F,
  0xE79F, 0xE79F, 0xE79F, 0xE79F, 0xE79F, 0xE79F, 0xE79F, 0xE79F, 0xE79F, 0xE77F, 0xDF7F, 0xD75F,
  0xDF5F, 0xDF5F, 0xD75F, 0xD75F, 0xDF5F, 0xDF5F, 0xDF5F, 0xD75F, 0xD77F, 0xCF3F, 0xC6FF, 0xC6FF,
  0xBEFF, 0xBEDF, 0xB6BF, 0xB69F, 0xAE9F, 0xAE9F, 0xAEBF, 0xAE9F, 0xA69F, 0xA67F, 0x9E5F, 0x9E3F,
  0x961E, 0x8DFE, 0x85BD, 0x85BC, 0x961E, 0x963E, 0x963E, 0x963E, 0x9E3E, 0x9E1E, 0x9E1E, 0x9E3E,
  0x9E1D, 0x9E3D, 0xA65E, 0xA67E, 0xAE7E, 0xAE7E, 0xAE7E, 0xAE9F, 0xAE9F, 0xAEBF, 0xAE9F, 0xA69F,
  0xAE9F, 0x95FD, 0x859C, 0x8DDD, 0x8DDD, 0x85BD, 0x85BE, 0x8DDE, 0x85BE, 0x85BE, 0x85BE, 0x85BE,
  0x85BE, 0x85BE, 0x85BE, 0x85BE, 0x85BE, 0x85BE, 0x85BE, 0x85BE, 0x85BE, 0x85BE, 0x85BE, 0x85DE,
  0x85DE, 0x85BE, 0x85DE, 0x7DBD, 0x85DD, 0x8DFE, 0x85BC, 0x95FD, 0x95BC, 0xC73F, 0xD79F, 0xD77F,
  0xD75F, 0xDF7F, 0xCEBC, 0xC69B, 0xCEBC, 0xDF3F, 0xEFBF, 0xE7BF, 0xDF7F, 0xDF7F, 0xE7BF, 0xE7BF,
  0xDF7F, 0xE7BF, 0xE79F, 0xD71F, 0xCEDE, 0xD73F, 0xDF5F, 0xDF5F, 0xDF5F, 0xD75F, 0xD75F, 0xDF5F,
  0xDF5F, 0xDF5F, 0xDF5F, 0xDF5F, 0xDF7F, 0xE77F, 0xE79F, 0xE79F, 0xE79F, 0xE79F, 0xE79F, 0xE79F,
  0xE79F, 0xE79F, 0xE79F, 0xE79F, 0xE77F, 0xDF7F, 0xDF5F, 0xD75F, 0xDF7F, 0xD75F, 0xD75F, 0xD75F,
  0xD75F, 0xDF5F, 0xDF5F, 0xD75F, 0xCF5F, 0xC6FF, 0xBEDF, 0xBEFF, 0xBEFF, 0xB6BF, 0xAE9F, 0xAE9F,
  0xAEBF, 0xAE9F, 0xA69F, 0xA67F, 0xA67F, 0x9E5F, 0x963E, 0x961E, 0x8DFE, 0x85BC, 0x85BD, 0x961E,
  0xA6BF, 0x9E5F, 0x963E, 0x9E3E, 0x9E3E, 0x9E3E, 0x9E3E, 0x9E1D, 0x9E1D, 0x9E1D, 0x9E3E, 0xA65E,
  0xA65E, 0xA65E, 0xA65E, 0xA67E, 0xAE9F, 0xAE9F, 0xA69F, 0xA67F, 0xAE9F, 0x8DFE, 0x859C, 0x8DDD,
  0x85DE, 0x85BD, 0x85BE, 0x8DDE, 0x85BE, 0x85BE, 0x85BE, 0x85BE, 0x85BE, 0x85BE, 0x85BE, 0x85BE,
  0x85BE, 0x85BE, 0x85BE, 0x85BE, 0x85BE, 0x85BE, 0x85BE, 0x85DE, 0x85DE, 0x85BE, 0x85DE, 0x85BD,
  0x8DDD, 0x8DDD, 0x859B, 0x9E3E, 0xC75F, 0xD7BF, 0xCF3F, 0xC6BE, 0xC6BD, 0xCEBC, 0xC67B, 0xD6FC,
  0xDF3E, 0xE79F, 0xEFBF, 0xE79F, 0xE79F, 0xE7BF, 0xE7BF, 0xD75F, 0xDF9F, 0xE7BF, 0xE79F, 0xDF7F,
  0xDF7F, 0xDF7F, 0xDF5F, 0xDF5F, 0xDF5F, 0xDF5F, 0xD75F, 0xD75F, 0xDF5F, 0xDF5F, 0xDF5F, 0xDF5F,
  0xDF7F, 0xDF7F, 0xE77F, 0xE79F, 0xE79F, 0xE79F, 0xE79F, 0xE77F, 0xE77F, 0xE79F, 0xE79F, 0xE79F,
  0xDF7F, 0xDF5F, 0xDF5F, 0xDF5F, 0xDF5F, 0xD75F, 0xD75F, 0xD75F, 0xDF5F, 0xD75F, 0xD75F, 0xD75F,
  0xC6FF, 0xBEFF, 0xBEDF, 0xBEDF, 0xB6DF, 0xB6BF, 0xAE9F, 0xAEBF, 0xAEBF, 0xA69F, 0xA67F, 0x9E5F,
  0x9E5F, 0x963F, 0x8DFE, 0x8DDD, 0x8DDD, 0x7D9C, 0x85BD, 0x963F, 0xA6BF, 0x9E5F, 0x963E, 0x9E3F,
  0x9E5F, 0x9E5F, 0x9E5F, 0x9E3E, 0x9E3E, 0xA65E, 0xA67F, 0xA67F, 0xA65E, 0xA65E, 0xA67F, 0xA67F,
  0xAE9F, 0xA69F, 0x9E5F, 0x9E3E, 0x961F, 0x8DDD, 0x85BD, 0x85DE, 0x85BE, 0x85BE, 0x85DE, 0x85BE,
  0x85BE, 0x85BE, 0x85BE, 0x85BE, 0x85BE, 0x85BE, 0x85BE, 0x85BE, 0x85BE, 0x85BE, 0x85BE, 0x85BE,
  0x85BE, 0x85BE, 0x85BE, 0x85BE, 0x85DE, 0x85BD, 0x8DFE, 0x85BC, 0x8DDC, 0x8DBC, 0x8DBB, 0xB6DF,
  0xD79F, 0xBEDF, 0xB65D, 0xBE7C, 0xCEDD, 0xD6DD, 0xDF3E, 0xEF9F, 0xEFBF, 0xEF9F, 0xE75F, 0xE77F,
  0xE7BF, 0xE7BF, 0xD75F, 0xC6BD, 0xDF7F, 0xDF9F, 0xDF7F, 0xDF9F, 0xEFDF, 0xEFDF, 0xE77F, 0xDF7F,
  0xDF7F, 0xDF5F, 0xD75F, 0xD75F, 0xDF5F, 0xDF5F, 0xDF5F, 0xDF5F, 0xDF5F, 0xDF7F, 0xDF7F, 0xE77F,
  0xE79F, 0xE79F, 0xE79F, 0xE79F, 0xE77F, 0xE79F, 0xE79F, 0xE79F, 0xDF7F, 0xDF5F, 0xDF5F, 0xDF5F,
  0xD75F, 0xD75F, 0xD75F, 0xD75F, 0xD75F, 0xD75F, 0xD75F, 0xD73F, 0xBEBF, 0xBEFF, 0xBEFF, 0xB6BF,
  0xB69F, 0xAE9F, 0xAEBF, 0xAEBF, 0xAEBF, 0xA69F, 0x9E5F, 0x965F, 0x963F, 0x961F, 0x8DDE, 0x85BD,
  0x85DD, 0x85BD, 0x8DDE, 0x8DDD, 0x963F, 0x95FE, 0x95FE, 0x8DFE, 0x8DDD, 0x8DFE, 0x8DDD, 0x8DDD,
  0x95FD, 0x961E, 0x9E1E, 0x9E3E, 0x9E1E, 0x9E1E, 0x9E1E, 0x9E3E, 0x9E3E, 0x95FE, 0x8DBD, 0x857C,
  0x859D, 0x85BD, 0x8DDE, 0x85BE, 0x85BE, 0x8DDE, 0x8DDF, 0x85BE, 0x85BE, 0x85BE, 0x85BE, 0x85BE,
  0x85BE, 0x85BE, 0x85BE, 0x85BE, 0x85BE, 0x85BE, 0x85BE, 0x85BE, 0x85BE, 0x85BE, 0x85BE, 0x85BE,
  0x8DDD, 0x859C, 0x8DDD, 0x859B, 0x8D9B, 0x8DBB, 0x95DB, 0xCF7F, 0xC71F, 0xBE9E, 0xC6DE, 0xC69D,
  0xC69C, 0xD6FD, 0xF7DF, 0xE77F, 0xEF7F, 0xE77F, 0xE79F, 0xEFBF, 0xE77F, 0xD71E, 0xC6BD, 0xC6BD,
  0xC6BD, 0xDF7F, 0xE7BF, 0xDF7F, 0xDF7F, 0xE77F, 0xE77F, 0xEFBF, 0xDF7F, 0xDF5F, 0xD75F, 0xD75F,
  0xDF5F, 0xDF5F, 0xDF5F, 0xDF5F, 0xD75F, 0xDF5F, 0xDF7F, 0xE77F, 0xE79F, 0xE79F, 0xE79F, 0xE79F,
  0xE79F, 0xE79F, 0xE79F, 0xDF7F, 0xDF5F, 0xDF3F, 0xDF5F, 0xDF5F, 0xDF5F, 0xD75F, 0xD75F, 0xD73F,
  0xD75F, 0xD77F, 0xCF3F, 0xC6DF, 0xBEDF, 0xBEDF, 0xBEDF, 0xB6BF, 0xAEBF, 0xAE9F, 0xAE9F, 0xAEBF,
  0xA69F, 0x9E7F, 0x965F, 0x961F, 0x8DFE, 0x85DE, 0x85DE, 0x85DE, 0x85BE, 0x85BE, 0x85BE, 0x85BE,
  0x85BE, 0x85BE, 0x8DBD, 0x8DBD, 0x85BD, 0x85BD, 0x8DBD, 0x8DBD, 0x8DBD, 0x8DBD, 0x8DBD, 0x8DBD,
  0x8D9D, 0x8D9D, 0x8DBD, 0x8DBD, 0x8DBD, 0x8DBD, 0x8DBD, 0x85BE, 0x85BE, 0x85BE, 0x85BE, 0x85BE,
  0x85BE, 0x85BE, 0x85BE, 0x85BE, 0x85BE, 0x85BE, 0x85BE, 0x85BE, 0x85BE, 0x85BE, 0x85BE, 0x85BE,
  0x85BE, 0x85BE, 0x85BE, 0x85BE, 0x85BE, 0x85DE, 0x85DE, 0x85BD, 0x8DDD, 0x8D9B, 0x95DC, 0xBF1F,
  0xCF7F, 0xBF1F, 0xCF5F, 0xD7BF, 0xBEBE, 0xBEBE, 0xBE9D, 0xC6BD, 0xD71F, 0xE77F, 0xE79F, 0xE79F,
  0xE77F, 0xE77F, 0xEF9F, 0xE79F, 0xE7BF, 0xCEDD, 0xBE7C, 0xC6BD, 0xC6BD, 0xD75F, 0xE79F, 0xE79F,
  0xE7BF, 0xE79F, 0xE79F, 0xE7BF, 0xDF5F, 0xDF5F, 0xDF5F, 0xDF5F, 0xDF5F, 0xDF5F, 0xD75F, 0xD75F,
  0xDF5F, 0xD75F, 0xDF5F, 0xE77F, 0xE79F, 0xE79F, 0xE79F, 0xE79F, 0xE79F, 0xE79F, 0xDF7F, 0xDF7F,
  0xDF5F, 0xDF5F, 0xDF5F, 0xDF5F, 0xDF5F, 0xD75F, 0xD75F, 0xDF7F, 0xD77F, 0xD73F, 0xC6FF, 0xBEDE,
  0xC6FF, 0xBEDF, 0xB6BF, 0xB6BF, 0xB6BF, 0xAEBF, 0xAE9F, 0xA69F, 0x9E7F, 0x9E5F, 0x963F, 0x8DFE,
  0x8DDE, 0x85DE, 0x85DE, 0x85DE, 0x85BE, 0x85BE, 0x85BE, 0x85BE, 0x85BE, 0x85BE, 0x85BE, 0x85BE,
  0x85BE, 0x85BE, 0x85BD, 0x85BD, 0x85BD, 0x85BD, 0x85BD, 0x8DBD, 0x8DBD, 0x8DBD, 0x8DBD, 0x85BE,
  0x8DBE, 0x8DBE, 0x8DBE, 0x85BE, 0x85BE, 0x85BE, 0x85BE, 0x85BE, 0x85BE, 0x85BE, 0x85BE, 0x85BE,
  0x85BE, 0x85BE, 0x85BE, 0x85BE, 0x85BE, 0x85BE, 0x85BE, 0x85BE, 0x85BE, 0x85BE, 0x85BE, 0x85BE,
  0x85DE, 0x85DE, 0x85BE, 0x8DBD, 0x8D9B, 0xB69E, 0xC73F, 0xC73F, 0xC71F, 0xC73F, 0xCF3F, 0xBEBD,
  0xBEBE, 0xBEBE, 0xBE9D, 0xC6BD, 0xD73F, 0xE79F, 0xE79F, 0xE79F, 0xE77F, 0xEFBF, 0xEFBF, 0xDF5F,
  0xE79F, 0xD73E, 0xC6DD, 0xC69D, 0xBE9D, 0xCEFE, 0xD71F, 0xCEFE, 0xCEFE, 0xD71E, 0xDF5E, 0xE79F,
  0xE79F, 0xE79F, 0xDF7F, 0xDF5F, 0xD75F, 0xD75F, 0xD75F, 0xDF5F, 0xD75F, 0xD75F, 0xDF5F, 0xDF7F,
  0xE79F, 0xE79F, 0xE79F, 0xE79F, 0xE79F, 0xDF9F, 0xDF7F, 0xDF5F, 0xDF5F, 0xDF5F, 0xDF5F, 0xDF5F,
  0xDF5F, 0xD75F, 0xD75F, 0xDF7F, 0xD75F, 0xCF1F, 0xC6DE, 0xBEDF, 0xBEDF, 0xBEBF, 0xB69F, 0xB69F,
  0xAEBF, 0xAEBF, 0xA69F, 0xA67F, 0x9E5F, 0x963F, 0x8E1E, 0x85DE, 0x85DE, 0x85DE, 0x85DE, 0x85BE,
  0x85BE, 0x85BE, 0x85BE, 0x85BE, 0x85BE, 0x85BE, 0x85BE, 0x85BE, 0x85BE, 0x85BE, 0x85BE, 0x85BE,
  0x85BE, 0x85BE, 0x85BE, 0x85BE, 0x85BE, 0x85BE, 0x85BE, 0x8DBE, 0x8DBE, 0x8DBE, 0x8DBE, 0x85BE,
  0x85BE, 0x85BE, 0x85BE, 0x85BE, 0x85BE, 0x85BE, 0x85BF, 0x85BE, 0x85BE, 0x85BE, 0x85BE, 0x85BE,
  0x85BE, 0x85BE, 0x85BE, 0x85BE, 0x85BE, 0x85BE, 0x85BE, 0x85DE, 0x85DE, 0x85DE, 0x85BE, 0x8DBD,
  0xAE7E, 0xC71F, 0xC71F, 0xBEBD, 0xB67C, 0xBEBD, 0xC6FE, 0xB69D, 0xBEBE, 0xC6DE, 0xBE9D, 0xC6BE,
  0xD75F, 0xE7BF, 0xE7BF, 0xE7BF, 0xE77F, 0xE79F, 0xE7BF, 0xE79F, 0xEFDF, 0xE79F, 0xD75F, 0xCEFE,
  0xBE7C, 0xBE7C, 0xC69D, 0xBE7C, 0xBE7B, 0xCEDD, 0xDF7F, 0xE7BF, 0xE7BF, 0xE7BF, 0xE79F, 0xDF7F,
  0xD75F, 0xD75F, 0xD75F, 0xDF7F, 0xD75F, 0xD75F, 0xDF5F, 0xDF5F, 0xDF7F, 0xE79F, 0xE79F, 0xE79F,
  0xE79F, 0xDF7F, 0xDF5F, 0xDF5F, 0xDF5F, 0xDF5F, 0xDF5F, 0xDF5F, 0xDF5F, 0xD75F, 0xD75F, 0xD75F,
  0xCF1F, 0xC6DF, 0xC6DF, 0xC6FF, 0xBEBF, 0xB69F, 0xB69F, 0xB69F, 0xAE9F, 0xAE9F, 0xA67F, 0x9E7F,
  0x963F, 0x961F, 0x8DDE, 0x85BE, 0x85BE, 0x85DE, 0x85DE, 0x85BE, 0x85BE, 0x85BE, 0x85BE, 0x85BE,
  0x85BE, 0x85BE, 0x85BE, 0x85BE, 0x85BE, 0x85BE, 0x85BE, 0x85BE, 0x85BE, 0x85BE, 0x85BE, 0x85DE,
  0x85DE, 0x85DE, 0x85DE, 0x85DE, 0x85BE, 0x85BE, 0x85BE, 0x85BE, 0x85BE, 0x85BE, 0x85BE, 0x85BE,
  0x85BE, 0x85BE, 0x85BE, 0x85BE, 0x85BE, 0x85BE, 0x85BE, 0x85BE, 0x85BE, 0x85BE, 0x85BE, 0x85BE,
  0x85BE, 0x85BE, 0x85BE, 0x85DE, 0x85DE, 0x85DE, 0x85BE, 0x859C, 0xB6BF, 0xBEDE, 0xBE9D, 0xBEDE,
  0xC6DD, 0xBE9D, 0xBEBD, 0xBEBD, 0xBE9D, 0xBEBD, 0xBE7D, 0xBE9D, 0xCEFF, 0xCF3F, 0xCF1F, 0xCF1F,
  0xD71F, 0xD71E, 0xD73F, 0xDF9F, 0xEFDF, 0xE7BF, 0xDF7F, 0xDF7F, 0xCEBD, 0xC69C, 0xC69C, 0xC69C,
  0xC69C, 0xD71E, 0xE79F, 0xE7BF, 0xDF7F, 0xE79F, 0xE79F, 0xDF9F, 0xDF5F, 0xD75F, 0xD75F, 0xD77F,
  0xD75F, 0xDF5F, 0xDF5F, 0xDF5F, 0xDF5F, 0xE79F, 0xE79F, 0xE79F, 0xDF9F, 0xDF7F, 0xDF5F, 0xD75F,
  0xDF5F, 0xDF5F, 0xDF5F, 0xDF5F, 0xD73F, 0xDF7F, 0xD77F, 0xCF3F, 0xC6FF, 0xC6DE, 0xC6DF, 0xC6DF,
  0xBEBF, 0xBE9F, 0xB69F, 0xB69F, 0xAE9F, 0xA67F, 0xA67F, 0x9E5F, 0x961E, 0x8DFE, 0x85DE, 0x85BE,
  0x85BE, 0x85BE, 0x85DE, 0x85BE, 0x85BE, 0x85BE, 0x85BE, 0x85BE, 0x85BE, 0x85BE, 0x85BE, 0x85BE,
  0x85DE, 0x85DE, 0x85DE, 0x85DE, 0x85DE, 0x85DE, 0x85DE, 0x85DE, 0x85DE, 0x85BE, 0x85BE, 0x85BE,
  0x85BE, 0x85BE, 0x85BE, 0x85BE, 0x85BE, 0x85BE, 0x85BE, 0x85BE, 0x85BE, 0x85BE, 0x85BE, 0x85BE,
  0x85BE, 0x85BE, 0x85BE, 0x85BE, 0x85BE, 0x85BE, 0x85BE, 0x85BE, 0x85BE, 0x85BE, 0x85BE, 0x85DE,
  0x85DE, 0x85DE, 0x85BE, 0x859C, 0xAE3D, 0xBEBE, 0xBEBE, 0xBEBD, 0xBEDD, 0xBE9C, 0xBEBD, 0xBEBD,
  0xBE9D, 0xC6BE, 0xBE9D, 0xBE9D, 0xC6BE, 0xC6BE, 0xBE9D, 0xBE9D, 0xC6BD, 0xBE9D, 0xC6BD, 0xCF1E,
  0xD73E, 0xDF7F, 0xE79F, 0xE7BF, 0xDF5F, 0xD71E, 0xD71E, 0xD71E, 0xD71E, 0xDF7F, 0xE7BF, 0xDF7F,
  0xE79F, 0xE79F, 0xE79F, 0xDF7F, 0xDF7F, 0xD75F, 0xD75F, 0xD75F, 0xD75F, 0xDF5F, 0xDF5F, 0xD75F,
  0xDF5F, 0xE77F, 0xE79F, 0xE79F, 0xDF7F, 0xDF7F, 0xD75F, 0xD75F, 0xDF5F, 0xDF5F, 0xDF5F, 0xDF5F,
  0xD73F, 0xDF7F, 0xD77F, 0xCF1F, 0xC6DE, 0xBEDE, 0xBEBE, 0xBEBE, 0xBEBF, 0xBEBF, 0xB69F, 0xB69F,
  0xAE7F, 0xA65E, 0x9E3E, 0x963E, 0x8DFE, 0x8DFE, 0x85BE, 0x85BE, 0x85BE, 0x85DE, 0x85DE, 0x85BE,
  0x85BE, 0x85BE, 0x85BE, 0x85BE, 0x85BE, 0x85BE, 0x85BE, 0x85BE, 0x85DE, 0x85DE, 0x85DE, 0x85DE,
  0x85DE, 0x85DE, 0x85DE, 0x85DE, 0x85DE, 0x85DE, 0x85DE, 0x85DE, 0x85DE, 0x85DE, 0x85DE, 0x85BE,
  0x85DE, 0x85BE, 0x85BE, 0x85DE, 0x85DE, 0x85DE, 0x85DE, 0x85DE, 0x85BE, 0x85BE, 0x85BE, 0x85BE,
  0x85BE, 0x85BE, 0x85BE, 0x85BE, 0x85BE, 0x85BE, 0x85BE, 0x85DE, 0x85DE, 0x85DE, 0x85BE, 0x8DBD,
  0xB69F, 0xC6FF, 0xBE9D, 0xB67D, 0xBEBD, 0xBEBD, 0xBEBD, 0xC6BD, 0xBEBD, 0xC6BE, 0xC6BE, 0xC6BE,
  0xC6BE, 0xC6BE, 0xBE9D, 0xC6BE, 0xBE9D, 0xBEBE, 0xBEBD, 0xBE9D, 0xC69C, 0xDF7F, 0xE7BF, 0xE7BF,
  0xE79F, 0xE77F, 0xE79F, 0xE79F, 0xE79F, 0xE7BF, 0xE7BF, 0xDF9F, 0xE7BF, 0xE79F, 0xDF7F, 0xDF5F,
  0xD75F, 0xD75F, 0xD75F, 0xD75F, 0xD75F, 0xD77F, 0xD75F, 0xD75F, 0xDF5F, 0xDF7F, 0xE79F, 0xE79F,
  0xDF7F, 0xDF5F, 0xD75F, 0xD75F, 0xDF5F, 0xDF5F, 0xDF5F, 0xDF5F, 0xDF5F, 0xD75F, 0xD73F, 0xCF1F,
  0xC6DF, 0xBEBE, 0xBEBE, 0xBEBE, 0xBEBF, 0xBE9F, 0xBE9F, 0xB69F, 0xAE7F, 0xA65E, 0x9E3E, 0x963E,
  0x8DDD, 0x85DD, 0x85DE, 0x85DE, 0x85BE, 0x85BE, 0x85BE, 0x85BE, 0x85BE, 0x85BE, 0x85BE, 0x85BE,
  0x85BE, 0x85DE, 0x85DE, 0x85BE, 0x85BE, 0x85BE, 0x85BE, 0x85BE, 0x85DE, 0x85DE, 0x85DE, 0x85DE,
  0x85DE, 0x85DE, 0x85DE, 0x85DE, 0x85DE, 0x85DE, 0x85DE, 0x85BE, 0x85DE, 0x85DE, 0x85DE, 0x85DD,
  0x85DD, 0x85DD, 0x85DD, 0x85DD, 0x85DE, 0x85BE, 0x85BE, 0x85BE, 0x85BE, 0x85BE, 0x85BE, 0x85BE,
  0x85BE, 0x85BE, 0x85BE, 0x85BE, 0x85DE, 0x85DE, 0x85BE, 0x8DBD, 0xAE7E, 0xC71F, 0xC6FF, 0xC71F,
  0xD75F, 0xCF3F, 0xCF1E, 0xC6FE, 0xBEBD, 0xC6BD, 0xBE9D, 0xBE7D, 0xC69E, 0xC69D, 0xBE9D, 0xC6BE,
  0xBEBE, 0xC6DF, 0xBEBE, 0xBEBD, 0xBE9C, 0xDF7F, 0xE7BF, 0xE77F, 0xE79F, 0xE79F, 0xE79F, 0xE79F,
  0xE7BF, 0xE79F, 0xE79F, 0xE7BF, 0xDF7F, 0xDF3F, 0xD71E, 0xCF1E, 0xD73F, 0xD77F, 0xD77F, 0xD75F,
  0xD77F, 0xD75F, 0xD75F, 0xDF5F, 0xDF5F, 0xDF5F, 0xE77F, 0xE79F, 0xDF5F, 0xDF5F, 0xDF5F, 0xDF5F,
  0xDF5F, 0xDF5F, 0xDF5F, 0xD75F, 0xDF7F, 0xD73F, 0xCEFF, 0xC6FE, 0xC6DE, 0xBEBE, 0xBEBE, 0xC6FF,
  0xC6DF, 0xBEBE, 0xBEBE, 0xBEBE, 0xBEBF, 0xB6BF, 0xAE7E, 0xA65E, 0x8DBC, 0x8DBD, 0x8DDD, 0x85DE,
  0x85DE, 0x85DE, 0x85BE, 0x85BE, 0x85BE, 0x85BE, 0x85BE, 0x85DE, 0x85DE, 0x85DE, 0x85DE, 0x85DE,
  0x85BE, 0x85BE, 0x85BE, 0x85BE, 0x85DE, 0x85DE, 0x85DE, 0x85DE, 0x85DE, 0x85DE, 0x85DE, 0x85DE,
  0x85DE, 0x85DE, 0x85DE, 0x85DE, 0x85DE, 0x85DE, 0x85DE, 0x85DD, 0x85DD, 0x85DD, 0x85DD, 0x85DD,
  0x85DE, 0x85BE, 0x85BE, 0x85BE, 0x85BE, 0x85BE, 0x85BE, 0x85BE, 0x85BE, 0x85BE, 0x85BE, 0x85BE,
  0x85BE, 0x85DE, 0x85DE, 0x8DBD, 0x857B, 0xBEFF, 0xCF5F, 0xBF1F, 0xC71F, 0xC73F, 0xCF5F, 0xCF3F,
  0xCF1F, 0xC6FF, 0xBEBE, 0xBE9E, 0xBEBE, 0xBE9E, 0xBE9D, 0xBE9E, 0xBEBE, 0xB69E, 0xB69D, 0xC6FE,
  0xBEBD, 0xD73F, 0xD75F, 0xD75F, 0xDF7F, 0xE7BF, 0xDF9F, 0xDF5F, 0xDF5F, 0xD73F, 0xD73F, 0xDF9F,
  0xCEFE, 0xC6BD, 0xC6BD, 0xC6FE, 0xD73F, 0xDF7F, 0xD77F, 0xD75F, 0xDF7F, 0xD75F, 0xD75F, 0xDF5F,
  0xDF5F, 0xDF5F, 0xDF5F, 0xE79F, 0xDF3F, 0xDF5F, 0xDF7F, 0xDF5F, 0xDF5F, 0xD75F, 0xD75F, 0xDF5F,
  0xD73F, 0xD73F, 0xC6FE, 0xC6DE, 0xC6DE, 0xBE9D, 0xBEDD, 0xD77F, 0xDF7F, 0xD73F, 0xC6BD, 0xBE9D,
  0xC6BD, 0xC6FE, 0xC71F, 0xC73F, 0xA65D, 0x8559, 0x95FC, 0x8DFD, 0x85BD, 0x861F, 0x7DBE, 0x85FF,
  0x85DE, 0x85BE, 0x85BE, 0x85DE, 0x85DE, 0x85BE, 0x85BD, 0x85BE, 0x85BE, 0x85BE, 0x85BE, 0x85BE,
  0x85BE, 0x85DE, 0x85DE, 0x85DE, 0x85DE, 0x85DE, 0x85DE, 0x85DE, 0x85DE, 0x85DE, 0x85DE, 0x85DE,
  0x85DE, 0x85DE, 0x85DE, 0x85DE, 0x85DE, 0x85DE, 0x85DE, 0x85DE, 0x85BE, 0x85BE, 0x85BE, 0x85BE,
  0x85BE, 0x85BE, 0x85BE, 0x85BE, 0x85BE, 0x85BE, 0x85BE, 0x85BE, 0x85BE, 0x85BE, 0x85BE, 0x85BE,
  0x85BD, 0x85BD, 0x859D, 0x859D, 0x859C, 0x859C, 0x859C, 0x8D9B, 0xB6BF, 0xC73F, 0xB69F, 0xB69E,
  0xCF3F, 0xC6FF, 0xC6DE, 0xC6FF, 0xBEFF, 0xB6BE, 0xB69E, 0xB6BE, 0xBEDE, 0xBEDE, 0xBEBD, 0xB6BD,
  0xC73F, 0xDFDF, 0xDFBF, 0xBEDE, 0xB67D, 0xB67D, 0xB69E, 0xB69E, 0xB6BE, 0xB6BE, 0xBEFF, 0xBEFF,
  0xC6DE, 0xD75F, 0xDF9F, 0xD75F, 0xD75F, 0xD75F, 0xDF5F, 0xDF5F, 0xDF5F, 0xDF5F, 0xDF5F, 0xDF5F,
  0xDF5F, 0xDF5F, 0xDF5F, 0xD73F, 0xD73F, 0xD75F, 0xDF7F, 0xDF7F, 0xCF1F, 0xC6DE, 0xBE9D, 0xBE7C,
  0xBE9D, 0xC6DD, 0xCF3F, 0xE7DF, 0xE79F, 0xE7BF, 0xD73E, 0xC69C, 0xCEDD, 0xDF9F, 0xDF9F, 0xCF3F,
  0xCF5F, 0xA63C, 0x8D9A, 0x859B, 0x85BD, 0x7DDE, 0x7DDF, 0x7DDF, 0x85DE, 0x85BE, 0x85BE, 0x85BE,
  0x85DE, 0x85DE, 0x85DE, 0x85DE, 0x85BE, 0x85BE, 0x85BE, 0x85BE, 0x85BE, 0x85BE, 0x85BE, 0x85BE,
  0x85BE, 0x85BE, 0x85BE, 0x85BE, 0x85BE, 0x85BE, 0x85BE, 0x85BE, 0x85BE, 0x85BE, 0x85BE, 0x85BE,
  0x85BE, 0x85BE, 0x85BE, 0x85BE, 0x85BE, 0x85BE, 0x85BE, 0x85BE, 0x85BE, 0x85BE, 0x85BE, 0x85BE,
  0x85BE, 0x85BE, 0x85BE, 0x85BE, 0x85BE, 0x85BE, 0x85BE, 0x85BE, 0x85DE, 0x85DE, 0x85DE, 0x85DE,
  0x85BE, 0x85BE, 0x85BE, 0x8DBD, 0x857C, 0x95DD, 0x8D9B, 0xA63D, 0xC75F, 0xCF7F, 0xD77F, 0xD79F,
  0xCF9F, 0x95DC, 0x8559, 0xAEBF, 0xCF7F, 0xB6DF, 0xA65D, 0xB6BE, 0xAE9E, 0xBF1F, 0xBF1F, 0xB69F,
  0xAE7E, 0xAE9F, 0xB6BF, 0xB6BF, 0xB6BF, 0xB6BF, 0xB6DF, 0xBEFF, 0xBEDE, 0xCF3F, 0xD77F, 0xD75F,
  0xD75F, 0xDF5F, 0xDF5F, 0xDF5F, 0xDF5F, 0xDF5F, 0xDF5F, 0xDF5F, 0xDF5F, 0xDF5F, 0xDF3F, 0xD73F,
  0xDF5F, 0xDF5F, 0xDF7F, 0xDF7F, 0xCEFE, 0xC6BD, 0xBE9D, 0xBE9D, 0xC6DD, 0xD73F, 0xDF9F, 0xE7BF,
  0xE79F, 0xE7BF, 0xDF7F, 0xD73E, 0xDF7F, 0xE7BF, 0xE7BF, 0xDFBF, 0xDFBF, 0xC6FF, 0x8D9B, 0x8DBD,
  0x95FF, 0x85BE, 0x85DF, 0x7DBF, 0x85DE, 0x85BE, 0x85BE, 0x85BE, 0x85BE, 0x8DDE, 0x85DE, 0x85BE,
  0x85BE, 0x85BE, 0x85BE, 0x85BE, 0x85BE, 0x85BE, 0x85BE, 0x85BE, 0x85BE, 0x85BE, 0x85BE, 0x85BE,
  0x85BE, 0x85BE, 0x85BE, 0x85BE, 0x85BE, 0x85BE, 0x85BE, 0x85BE, 0x85BE, 0x85BE, 0x85BE, 0x85BE,
  0x85BE, 0x85BE, 0x85BE, 0x85BE, 0x85BE, 0x85BE, 0x85BE, 0x85BE, 0x85BE, 0x85BE, 0x85BE, 0x85BE,
  0x85BE, 0x85BE, 0x85BE, 0x85BE, 0x85DE, 0x85DE, 0x85DE, 0x85DE, 0x85DE, 0x85DE, 0x85BE, 0x85BE,
  0x859D, 0x8DDD, 0x8DBC, 0x8DBC, 0x95DC, 0x8DBB, 0x8D9B, 0x8D9A, 0x95BC, 0x8D9C, 0x8D9C, 0x8DBC,
  0x95DC, 0x95DC, 0x8DBC, 0x95BC, 0x8DBC, 0x9E1E, 0x9E3E, 0x9E1E, 0xA63E, 0xA67F, 0xAE7F, 0xAE9F,
  0xAEBF, 0xAEBF, 0xB6DF, 0xBEDF, 0xBEDE, 0xC71F, 0xD75F, 0xD75F, 0xD75F, 0xDF5F, 0xDF5F, 0xDF5F,
  0xDF5F, 0xDF5F, 0xDF5F, 0xDF5F, 0xD75F, 0xD75F, 0xDF5F, 0xDF7F, 0xDF7F, 0xD75F, 0xD75F, 0xD73F,
  0xC6DE, 0xC69D, 0xC6BD, 0xC6BD, 0xC6DD, 0xDF5F, 0xE7BF, 0xDF7F, 0xDF7F, 0xE79F, 0xE79F, 0xE7BF,
  0xE7BF, 0xDF7F, 0xDF7F, 0xE7DF, 0xDF9F, 0xD75F, 0x9DDD, 0x959C, 0x95DE, 0x859E, 0x8DDF, 0x8DBF,
  0x85BE, 0x85DE, 0x85DE, 0x85BE, 0x85BE, 0x85DE, 0x85DE, 0x85BE, 0x85BE, 0x85BE, 0x85BE, 0x85BE,
  0x85BE, 0x85BE, 0x85BE, 0x85BE, 0x85BE, 0x85BE, 0x85BE, 0x85BE, 0x85BE, 0x85BE, 0x85BE, 0x85BE,
  0x85BE, 0x85BE, 0x85BE, 0x85BE, 0x85BE, 0x85BE, 0x85BE, 0x85BE, 0x85BE, 0x85BE, 0x85BE, 0x85BE,
  0x85BE, 0x85BE, 0x85BE, 0x85BE, 0x85BE, 0x85BE, 0x85BE, 0x85BE, 0x85BE, 0x85BE, 0x85BE, 0x85BE,
  0x85BD, 0x85BD, 0x85BE, 0x85BE, 0x85BE, 0x85BE, 0x85BE, 0x85BE, 0x85BE, 0x8DDE, 0x8DDD, 0x8DDD,
  0x85BC, 0x859C, 0x8DDC, 0x8DDD, 0x8DBD, 0x95FE, 0x95FE, 0x8DBD, 0x859D, 0x8DBD, 0x8DBD, 0x8D9D,
  0x8D9D, 0x95DE, 0x95FE, 0x9E1F, 0xA67F, 0xAE9F, 0xAE9F, 0xAEBF, 0xAEBF, 0xAE9F, 0xB6BF, 0xBEDF,
  0xBEDF, 0xC6FF, 0xCF3F, 0xD77F, 0xDF5F, 0xDF5F, 0xDF5F, 0xDF5F, 0xDF5F, 0xDF5F, 0xDF5F, 0xDF5F,
  0xD75F, 0xD75F, 0xD75F, 0xD75F, 0xD73F, 0xCEFE, 0xCEFE, 0xCEFE, 0xBE9D, 0xBE9C, 0xC69C, 0xC69C,
  0xC69C, 0xDF5F, 0xEFDF, 0xE79F, 0xE79F, 0xE7BF, 0xE7BF, 0xE79F, 0xE79F, 0xE79F, 0xE77F, 0xE77F,
  0xE7BF, 0xDF7F, 0xB65E, 0x957B, 0x957C, 0x8D9D, 0x8D9D, 0x8DBE, 0x859D, 0x85BE, 0x85DE, 0x85BE,
  0x85BE, 0x85BE, 0x85BE, 0x85BE, 0x85BE, 0x85BE, 0x85BE, 0x85BE, 0x85BE, 0x85BE, 0x85BE, 0x85BE,
  0x85BE, 0x85BE, 0x85BE, 0x85BE, 0x85BE, 0x85BE, 0x85BE, 0x85BE, 0x85BE, 0x85BE, 0x85BE, 0x85BE,
  0x85BE, 0x85BE, 0x85BE, 0x85BE, 0x85BE, 0x85BE, 0x85BE, 0x85BE, 0x85BE, 0x85BE, 0x85BE, 0x85BE,
  0x85BE, 0x85BE, 0x85BE, 0x85BE, 0x85BE, 0x85BE, 0x85BE, 0x85BE, 0x85BD, 0x85BD, 0x8DBD, 0x85BE,
  0x85BE, 0x85DE, 0x85DE, 0x85DE, 0x8DFF, 0x85BE, 0x85BE, 0x85BE, 0x85BD, 0x85DE, 0x85DD, 0x85BD,
  0x8DDE, 0x859D, 0x859D, 0x85BE, 0x8DDE, 0x85BE, 0x859E, 0x85BE, 0x85BE, 0x8DDE, 0x8DDE, 0x961F,
  0x9E7F, 0xA69F, 0xA69F, 0xAEBF, 0xAEBF, 0xB6BF, 0xB6BF, 0xBEDF, 0xBEDF, 0xBEDF, 0xCF1F, 0xD75F,
  0xD75F, 0xDF5F, 0xDF5F, 0xDF5F, 0xDF5F, 0xDF5F, 0xDF5F, 0xDF5F, 0xDF7F, 0xD75F, 0xCF1F, 0xCEFE,
  0xC6DE, 0xBEBD, 0xBE9D, 0xC6BD, 0xC6BD, 0xCEFE, 0xD71E, 0xCEFE, 0xD71E, 0xE77F, 0xEFBF, 0xE77F,
  0xEFBF, 0xDF5F, 0xD71D, 0xDF3E, 0xE79F, 0xEFBF, 0xE79F, 0xE7BF, 0xE79F, 0xE79F, 0xD73F, 0xB67D,
  0xB67E, 0xB67E, 0x959B, 0x8D7B, 0x8DBD, 0x85BE, 0x85BE, 0x85DE, 0x85BE, 0x85BE, 0x85BE, 0x8DDE,
  0x85BE, 0x85BE, 0x85BE, 0x85BE, 0x85BE, 0x85BE, 0x85BE, 0x85BE, 0x85BE, 0x85BE, 0x85BE, 0x85BE,
  0x85BE, 0x85BE, 0x85BE, 0x85BE, 0x85BE, 0x85BE, 0x85BE, 0x85BE, 0x85BE, 0x85BE, 0x85BE, 0x85BE,
  0x85BE, 0x85BE, 0x85BE, 0x85BE, 0x85BE, 0x85BE, 0x85BE, 0x85BE, 0x85BE, 0x85BE, 0x85BE, 0x85BE,
  0x85BE, 0x85BE, 0x85BE, 0x85BE, 0x8DBD, 0x8DBD, 0x8DBD, 0x85BE, 0x85BE, 0x85DE, 0x85DE, 0x85DE,
  0x85DF, 0x7DBE, 0x85FF, 0x85FF, 0x85DE, 0x85FF, 0x85DE, 0x85DE, 0x85BD, 0x8DFE, 0x8DFF, 0x85DE,
  0x85BE, 0x85DE, 0x8DFF, 0x8DDF, 0x859E, 0x85BE, 0x85BE, 0x8DDE, 0x963F, 0x9E7F, 0x9E7F, 0xA69F,
  0xAEBF, 0xB6BF, 0xB69F, 0xB6BF, 0xBEDF, 0xBEDF, 0xC6FF, 0xD75F, 0xD75F, 0xD75F, 0xDF5F, 0xDF5F,
  0xDF5F, 0xDF5F, 0xDF5F, 0xDF5F, 0xD77F, 0xCF1F, 0xC6DD, 0xBEBD, 0xBEBD, 0xBE9D, 0xBE9D, 0xBE9D,
  0xCEDE, 0xDF7F, 0xE7BF, 0xE79F, 0xE79F, 0xEFBF, 0xE79F, 0xDF5E, 0xDF3E, 0xCEDD, 0xC69C, 0xCEFD,
  0xE77F, 0xE79F, 0xE79F, 0xEFBF, 0xE77F, 0xE7BF, 0xE7DF, 0xDFBF, 0xE7DF, 0xD77F, 0xB69C, 0xAE5D,
  0x961E, 0x85DE, 0x85BD, 0x85BE, 0x85DE, 0x85BE, 0x85BE, 0x8DDE, 0x85BE, 0x85BE, 0x85BE, 0x85BE,
  0x85BE, 0x85BE, 0x85BE, 0x85BE, 0x85BE, 0x85BE, 0x85BE, 0x85BE, 0x85BE, 0x85BE, 0x85BE, 0x85BE,
  0x85BE, 0x85BE, 0x85BE, 0x85BE, 0x85BE, 0x85BE, 0x85BE, 0x85BE, 0x85BE, 0x85BE, 0x85BE, 0x85BE,
  0x85BE, 0x85BE, 0x85BE, 0x85BE, 0x85BE, 0x85BE, 0x85BE, 0x85BE, 0x85BE, 0x85BE, 0x85BE, 0x85BE,
  0x85BD, 0x85BD, 0x85BD, 0x85BE, 0x85BE, 0x85BE, 0x85BE, 0x85BE, 0x7D9E, 0x7D9E, 0x8DFF, 0x85DF,
  0x7DBE, 0x7DBE, 0x7D9E, 0x85DE, 0x8DFE, 0x7DBD, 0x7D9C, 0x85DE, 0x85DE, 0x85BE, 0x7DBE, 0x85BE,
  0x85DE, 0x85DE, 0x85DE, 0x85FE, 0x963E, 0x9E7F, 0x9E9F, 0xA6BF, 0xAE9F, 0xB6BF, 0xAE9F, 0xB69F,
  0xBEDF, 0xBEDF, 0xC6DF, 0xCF1F, 0xD75F, 0xD75F, 0xD75F, 0xDF5F, 0xDF5F, 0xDF5F, 0xDF5F, 0xDF5F,
  0xCF5F, 0xC6DE, 0xBE9D, 0xBEBD, 0xC6DE, 0xBEBE, 0xBEBD, 0xBE9D, 0xCF1F, 0xDF9F, 0xE7BF, 0xDF7F,
  0xE79F, 0xE7BF, 0xE77F, 0xDF5F, 0xBE7C, 0xC6BD, 0xC6BD, 0xBE9C, 0xCEFD, 0xDF7F, 0xE77F, 0xDF3D,
  0xE79F, 0xE79F, 0xDF9F, 0xE7BF, 0xE7DF, 0xDFBF, 0xDFBF, 0xE7FF, 0xA67F, 0x8DFE, 0x859D, 0x85BE,
  0x8DDE, 0x85BE, 0x85BE, 0x85DE, 0x85BE, 0x85BE, 0x85BE, 0x85BE, 0x85BE, 0x85BE, 0x85BE, 0x85BE,
  0x85BE, 0x85BE, 0x85BE, 0x85BE, 0x85BE, 0x85BE, 0x85BE, 0x85BE, 0x85BE, 0x85BE, 0x85BE, 0x85BE,
  0x85BE, 0x85BE, 0x85BE, 0x85BE, 0x85BE, 0x85BE, 0x85BE, 0x85BE, 0x85BE, 0x85BE, 0x85BE, 0x85BE,
  0x85BE, 0x85BE, 0x85BE, 0x85BE, 0x85BE, 0x85BE, 0x85BE, 0x85BE, 0x85BD, 0x85BD, 0x85BE, 0x85BE,
  0x85BE, 0x85BE, 0x85BE, 0x85BE, 0x8DFF, 0x85BE, 0x85BF, 0x7D9E, 0x85BF, 0x8DFF, 0x7DBE, 0x85FE,
  0x7DBD, 0x85FD, 0x85FE, 0x85DD, 0x7DBD, 0x85DE, 0x85DE, 0x85DE, 0x85BE, 0x85DE, 0x85BD, 0x85BD,
  0x8E1D, 0x965E, 0x9E9E, 0xA6BF, 0xA69F, 0xB6BF, 0xAE9F, 0xAE9F, 0xBEDF, 0xBEDF, 0xBEDF, 0xC71F,
  0xD75F, 0xD75F, 0xD75F, 0xD75F, 0xD75F, 0xDF5F, 0xDF5F, 0xDF5F, 0xC6FE, 0xBE9D, 0xBEBD, 0xC6DE,
  0xBEBD, 0xBEDE, 0xC6DE, 0xBEBD, 0xC6BD, 0xD73F, 0xDF7F, 0xDF7F, 0xDF7F, 0xE79F, 0xE79F, 0xD73F,
  0xC6BD, 0xBE9D, 0xBE9D, 0xC6DE, 0xCEFE, 0xC6DD, 0xC6BC, 0xC69C, 0xD71D, 0xDF7F, 0xE7DF, 0xE7BF,
  0xDF9F, 0xDFBF, 0xE7BF, 0xDFDF, 0xA69F, 0x85BE, 0x859D, 0x8DDE, 0x85BE, 0x85BE, 0x8DDE, 0x85BE,
  0x85BE, 0x85BE, 0x85BE, 0x85BE, 0x85BE, 0x85BE, 0x85BE, 0x85BE, 0x85BE, 0x85BE, 0x85BE, 0x85BE,
  0x85BE, 0x85BE, 0x85BE, 0x85BE, 0x85BE, 0x85BE, 0x85BE, 0x85BE, 0x85BE, 0x85BE, 0x85BE, 0x85BE,
  0x85BE, 0x85BE, 0x85BE, 0x85BE, 0x85BE, 0x85BE, 0x85BE, 0x85BE, 0x85BE, 0x85BE, 0x85BE, 0x85BE,
  0x85BE, 0x85BE, 0x85BE, 0x85BE, 0x85DE, 0x85DE, 0x85BE, 0x85BE, 0x85BE, 0x85BE, 0x85BE, 0x85BE,
  0x85BE, 0x85BE, 0x85BE, 0x85BE, 0x85BE, 0x85BE, 0x85BE, 0x85DE, 0x85DD, 0x85DD, 0x85DD, 0x85DD,
  0x85DE, 0x85DE, 0x85DE, 0x85DE, 0x85DE, 0x85DE, 0x85DD, 0x85DD, 0x8E1D, 0x965E, 0x9E9E, 0x9E9F,
  0xA69F, 0xAE9F, 0xAE9F, 0xB69F, 0xB6BF, 0xBEDF, 0xBEDF, 0xC6DF, 0xCF3F, 0xD75F, 0xDF7F, 0xD75F,
  0xD75F, 0xDF7F, 0xDF5F, 0xD73F, 0xCF1E, 0xC6DD, 0xBEBD, 0xBEBD, 0xBE9D, 0xBE9D, 0xBEBD, 0xBE9D,
  0xBE9D, 0xBE9D, 0xC6BE, 0xCF1F, 0xDF9F, 0xE7DF, 0xE7BF, 0xD77F, 0xBEDE, 0xC6FF, 0xCF3F, 0xDFBF,
  0xE7DF, 0xD77F, 0xCF1E, 0xC6DD, 0xC6DD, 0xD75F, 0xE7BF, 0xE7BF, 0xE7BF, 0xE7DF, 0xDFBF, 0xCF7F,
  0x9E3E, 0x85BD, 0x85BD, 0x8DDE, 0x85BE, 0x85BE, 0x8DDE, 0x85BE, 0x85BE, 0x85BE, 0x85BE, 0x85BE,
  0x85BE, 0x85BE, 0x85BE, 0x85BE, 0x85BE, 0x85BE, 0x85BE, 0x85BE, 0x85BE, 0x85BE, 0x85BE, 0x85BE,
  0x85BE, 0x85BE, 0x85BE, 0x85BE, 0x85BE, 0x85BE, 0x85BE, 0x85BE, 0x85BE, 0x85BE, 0x85BE, 0x85BE,
  0x85BE, 0x85BE, 0x85BE, 0x85BE, 0x85BE, 0x85BE, 0x85BE, 0x85BE, 0x85BE, 0x85BE, 0x85BE, 0x85DE,
  0x85DE, 0x85DE, 0x85DE, 0x85BE, 0x85BE, 0x85BE, 0x85BE, 0x85BE, 0x85BE, 0x85BE, 0x8DBE, 0x8DBE,
  0x8DBE, 0x8DBE, 0x8DBE, 0x85BD, 0x85DD, 0x85DD, 0x85DD, 0x85DE, 0x85DE, 0x85BE, 0x85BE, 0x85BE,
  0x85BE, 0x85BE, 0x85DE, 0x85DD, 0x8DFD, 0x963E, 0x9E5F, 0x9E7F, 0xA67F, 0xAE9F, 0xB6BF, 0xB69F,
  0xB6BF, 0xBEDF, 0xBEDF, 0xBEDF, 0xCF1F, 0xD75F, 0xD77F, 0xD75F, 0xD75F, 0xDF5F, 0xDF5F, 0xDF5F,
  0xD75F, 0xCF3F, 0xC6FE, 0xC6DE, 0xC6FE, 0xBEDE, 0xBEBE, 0xBEDE, 0xC6FF, 0xBEBE, 0xBEBE, 0xC71F,
  0xD79F, 0xDF9F, 0xD77F, 0xCF5F, 0xD79F, 0xCF7F, 0xCF5F, 0xCF7F, 0xD79F, 0xD77F, 0xD77F, 0xD77F,
  0xD77F, 0xD77F, 0xCF3F, 0xCF1F, 0xD75F, 0xD77F, 0xBEBF, 0x95BC, 0x95FE, 0x859D, 0x85BE, 0x8DDE,
  0x85BE, 0x85BE, 0x8DDE, 0x859D, 0x85BE, 0x85BE, 0x85BE, 0x85BE, 0x85BE, 0x85BE, 0x85BE, 0x85BE,
  0x85BE, 0x85BE, 0x85BE, 0x85BE, 0x85BE, 0x85BE, 0x85BE, 0x85BE, 0x85BE, 0x85BE, 0x85BE, 0x85BE,
  0x85BE, 0x85BE, 0x85BE, 0x85BE, 0x85BE, 0x85BE, 0x85BE, 0x85BE, 0x85BE, 0x85BE, 0x85BE, 0x85BE,
  0x85BE, 0x85BE, 0x85BE, 0x85BE, 0x85BE, 0x85BE, 0x85BE, 0x85DE, 0x85DE, 0x85DE, 0x85DE, 0x85BE,
  0x85BE, 0x85BE, 0x85BE, 0x8DBE, 0x8DBE, 0x8DBE, 0x8DBE, 0x8DBD, 0x8DBD, 0x8DBD, 0x8DBD, 0x8DBD,
  0x85BE, 0x85BE, 0x85BE, 0x85BE, 0x85BE, 0x85BF, 0x85BF, 0x85BF, 0x85BF, 0x85BE, 0x85BE, 0x85BE,
  0x8DDE, 0x8DFE, 0x963F, 0x9E5F, 0xA67F, 0xAE9F, 0xB6BF, 0xAE9F, 0xB6BF, 0xBEDF, 0xBEFF, 0xBEDF,
  0xC6FF, 0xCF3F, 0xD77F, 0xD77F, 0xD75F, 0xDF5F, 0xDF5F, 0xDF5F, 0xD75F, 0xD77F, 0xD75F, 0xD73F,
  0xD75F, 0xCF1F, 0xBEDF, 0xC6FF, 0xBEBF, 0xB67E, 0xAE7E, 0xB69E, 0xB69E, 0xAE7D, 0xAE5D, 0xA65D,
  0x9DFC, 0x95DC, 0x8DBB, 0x8DBB, 0x95BB, 0x959B, 0x95BC, 0x95BC, 0x8D7B, 0x95BD, 0x9DDD, 0x95BD,
  0x9DBD, 0x9DDE, 0x9DDD, 0x8D7C, 0x85BD, 0x85BD, 0x85DE, 0x85DE, 0x85BE, 0x85DE, 0x8DDE, 0x859D,
  0x85BE, 0x85BE, 0x85BE, 0x85BE, 0x85BE, 0x85BE, 0x85BE, 0x85BE, 0x85BE, 0x85BE, 0x85BE, 0x85BE,
  0x85BE, 0x85BE, 0x85BE, 0x85BE, 0x85BE, 0x85BE, 0x85BE, 0x85BE, 0x85BE, 0x85BE, 0x85BE, 0x85BE,
  0x85BE, 0x85BE, 0x85BE, 0x85BE, 0x85BE, 0x85BE, 0x85BE, 0x85BE, 0x85BE, 0x85BE, 0x85BE, 0x85BE,
  0x85BE, 0x85BE, 0x85BE, 0x85DE, 0x85DE, 0x85DE, 0x85DE, 0x85BE, 0x85BE, 0x85BE, 0x85BE, 0x8DBE,
  0x8DBE, 0x8DBE, 0x8DBE, 0x8DBD, 0x8DBD, 0x8DBD, 0x8DBD, 0x8DBE, 0x85BE, 0x85BE, 0x85BE, 0x85BF,
  0x85BF, 0x85BF, 0x85BF, 0x85BF, 0x85BF, 0x85BF, 0x85BF, 0x85BE, 0x85BE, 0x8DBE, 0x961F, 0x9E5F,
  0xA67F, 0xAE9F, 0xAE9F, 0xAE9F, 0xAE9F, 0xB6BF, 0xBEDF, 0xBEFF, 0xC6DF, 0xCF1F, 0xD75F, 0xD77F,
  0xD75F, 0xDF5F, 0xDF5F, 0xDF5F, 0xD75F, 0xDF7F, 0xD77F, 0xD75F, 0xD77F, 0xCF1F, 0xBEDF, 0xBEDF,
  0xB6DF, 0xB6DF, 0xB6DF, 0xB6BF, 0xAE9F, 0xAE7E, 0xA65E, 0x9E3D, 0x8DFC, 0x8DDC, 0x8DDC, 0x8DDD,
  0x8DDD, 0x8DBD, 0x8D9D, 0x8D9D, 0x8D9D, 0x8D9D, 0x95BE, 0x8D9E, 0x8D7D, 0x8D7D, 0x8D9D, 0x8DBE,
  0x85BE, 0x85BE, 0x85DE, 0x85BE, 0x85BE, 0x85DE, 0x85DE, 0x85BE, 0x85BE, 0x85BE, 0x85BE, 0x85BE,
  0x85BE, 0x85BE, 0x85BE, 0x85BE, 0x85BE, 0x85BE, 0x85BE, 0x85BE, 0x85BE, 0x85BE, 0x85BE, 0x85BE,
  0x85BE, 0x85BE, 0x85BE, 0x85BE, 0x85BE, 0x85BE, 0x85BE, 0x85BE, 0x85BE, 0x85BE, 0x85BE, 0x85BE,
  0x85BE, 0x85BE, 0x85BE, 0x85BE, 0x85BE, 0x85BE, 0x85BE, 0x85BE, 0x85BE, 0x85BE, 0x85BE, 0x85BE,
  0x85DE, 0x85DE, 0x85BE, 0x85BE, 0x85BE, 0x85BE, 0x85BE, 0x8DBE, 0x8DBE, 0x8DBE, 0x8DBE, 0x85BE,
  0x85BE, 0x85BE, 0x85BE, 0x85BE, 0x85BE, 0x85BF, 0x85BF, 0x85BF, 0x85BF, 0x85BF, 0x85BF, 0x85BF,
  0x85BF, 0x85BF, 0x85BF, 0x85BE, 0x85BE, 0x85BE, 0x8DFF, 0x9E3F, 0xA67F, 0xA65E, 0xAE7F, 0xB6BF,
  0xB6BF, 0xAE9E, 0xB6BE, 0xBEFF, 0xBEDE, 0xCF1F, 0xD75F, 0xD77F, 0xD77F, 0xD75F, 0xDF5F, 0xDF5F,
  0xDF5F, 0xDF7F, 0xDF5F, 0xD75F, 0xCF3F, 0xC6FF, 0xBEDF, 0xBEDF, 0xAE9F, 0xAEBF, 0xAEBF, 0xA69F,
  0xA69F, 0xAE9F, 0xA65F, 0x961D, 0x8DDD, 0x85DD, 0x85BD, 0x859D, 0x859D, 0x85BD, 0x8DBE, 0x8DDE,
  0x8DDE, 0x857D, 0x7D5D, 0x859E, 0x8DDF, 0x8DDF, 0x8DBE, 0x8DBE, 0x85BE, 0x85DE, 0x85DE, 0x85BE,
  0x85BE, 0x85BE, 0x85DE, 0x85DE, 0x85BE, 0x85BE, 0x85BE, 0x85BE, 0x85BE, 0x85BE, 0x85BE, 0x85BE,
  0x85BE, 0x85BE, 0x85BE, 0x85BE, 0x85BE, 0x85BE, 0x85BE, 0x85BE, 0x85BE, 0x85BE, 0x85BE, 0x85BE,
  0x85BE, 0x85BE, 0x85BE, 0x85BE, 0x85BE, 0x85BE, 0x85BE, 0x85BE, 0x85BE, 0x85BE, 0x85BE, 0x85BE,
  0x85BE, 0x85BE, 0x85BE, 0x85BE, 0x85BE, 0x85BE, 0x85BE, 0x85BE, 0x85DE, 0x85BE, 0x85BE, 0x85BE,
  0x85BE, 0x85BE, 0x85BE, 0x85BE, 0x85BE, 0x85BE, 0x85BE, 0x85DE, 0x85DE, 0x85DE, 0x85DE, 0x85DE,
  0x85BE, 0x85BE, 0x85BE, 0x85BE, 0x85BE, 0x85BE, 0x85BE, 0x85BE, 0x85BE, 0x85BE, 0x85BE, 0x85BE,
  0x85BE, 0x85BE, 0x8DDF, 0x9E3F, 0x9E5F, 0xA65E, 0xAEBF, 0xBEFF, 0xBEFF, 0xB6DF, 0xB6BF, 0xBEFF,
  0xBEDE, 0xC6FF, 0xCF5F, 0xD77F, 0xD77F, 0xD75F, 0xD75F, 0xDF5F, 0xDF7F, 0xDF5F, 0xDF5F, 0xD75F,
  0xCF1F, 0xC6DF, 0xBEDF, 0xBEDF, 0xAE9F, 0xAEBF, 0xAE9F, 0xA69F, 0xA69F, 0xA69F, 0x9E5F, 0x8DFE,
  0x85BD, 0x85BD, 0x85DE, 0x85DE, 0x85DE, 0x85DE, 0x85DE, 0x85BE, 0x85BE, 0x85DE, 0x8DFE, 0x8DFE,
  0x85BD, 0x7D9D, 0x85BD, 0x85DE, 0x85DE, 0x85DE, 0x85BE, 0x85BE, 0x85DE, 0x85BE, 0x85BE, 0x85DE,
  0x85BE, 0x85BE, 0x85BE, 0x85BE, 0x85BE, 0x85BE, 0x85BE, 0x85BE, 0x85BE, 0x85BE, 0x85BE, 0x85BE,
  0x85BE, 0x85BE, 0x85BE, 0x85BE, 0x85BE, 0x85BE, 0x85BE, 0x85BE, 0x85BE, 0x85BE, 0x85BE, 0x85BE,
  0x85BE, 0x85BE, 0x85BE, 0x85BE, 0x85BE, 0x85BE, 0x85BE, 0x85BE, 0x85BE, 0x85BE, 0x85BE, 0x85BE,
  0x85BE, 0x85BE, 0x85BE, 0x85BE, 0x85BE, 0x85BE, 0x85BE, 0x85BE, 0x85BE, 0x85BE, 0x85BE, 0x85BE,
  0x85BE, 0x85DE, 0x85DE, 0x85DE, 0x85DE, 0x7DDE, 0x7DDE, 0x7DDE, 0x85DE, 0x85DE, 0x85DE, 0x85DE,
  0x85DD, 0x85DD, 0x85DD, 0x85DD, 0x85DD, 0x85BD, 0x85BD, 0x85DE, 0x85BE, 0x85BE, 0x8DDF, 0x961F,
  0x9E3E, 0xAE9F, 0xB6DF, 0xBEFF, 0xBEFF, 0xBEFF, 0xBEFF, 0xBEFF, 0xBEDE, 0xC6FF, 0xCF3F, 0xD75F,
  0xD77F, 0xD75F, 0xD75F, 0xDF5F, 0xDF5F, 0xD73F, 0xD75F, 0xD75F, 0xC6FF, 0xBEDF, 0xBEFF, 0xB6DF,
  0xAE9F, 0xAEBF, 0xAEBF, 0xAE9F, 0xA67F, 0x9E5F, 0x963F, 0x8E1E, 0x85BE, 0x85DE, 0x85DE, 0x85DE,
  0x85BE, 0x85DE, 0x85BE, 0x85BE, 0x85BE, 0x85DE, 0x85DD, 0x85BD, 0x85DD, 0x85FD, 0x85FD, 0x85DD,
  0x85BE, 0x85BE, 0x85BD, 0x85BE, 0x8DDE, 0x85BE, 0x85BD, 0x85DE, 0x85BE, 0x85BE, 0x85BE, 0x85BE,
  0x85BE, 0x85BE, 0x85BE, 0x85BE, 0x85BE, 0x85BE, 0x85BE, 0x85BE, 0x85BE, 0x85BE, 0x85BE, 0x85BE,
  0x85BE, 0x85BE, 0x85BE, 0x85BE, 0x85BE, 0x85BE, 0x85BE, 0x85BE, 0x85BE, 0x85BE, 0x85BE, 0x85BE,
  0x85BE, 0x85BE, 0x85BE, 0x85BE, 0x85BE, 0x85BE, 0x85BE, 0x85BE, 0x85BE, 0x85BE, 0x85BE, 0x85BE,
  0x85BE, 0x85BE, 0x85BE, 0x85BE, 0x85BE, 0x85BE, 0x85BE, 0x85BE, 0x85BE, 0x85DE, 0x85DE, 0x85DE,
  0x85DE, 0x7DDE, 0x7DDE, 0x7DDE, 0x85DE, 0x85DE, 0x85DD, 0x85DD, 0x85DD, 0x85DD, 0x85DD, 0x85DD,
  0x85DD, 0x85BD, 0x85BD, 0x85DD, 0x85DD, 0x85BD, 0x8DBE, 0x95FE, 0x9E3E, 0xAEBF, 0xB6DF, 0xB6BF,
  0xB6BF, 0xBEFF, 0xC71F, 0xBEFF, 0xBEDE, 0xC6FF, 0xCF1F, 0xD75F, 0xDF7F, 0xDF5F, 0xDF5F, 0xDF5F,
  0xDF5F, 0xD73F, 0xDF7F, 0xCF3F, 0xBEDF, 0xC6FF, 0xBEDF, 0xB6BF, 0xB6BF, 0xAE9F, 0xB6BF, 0xA67F,
  0xA69F, 0x9E5F, 0x963F, 0x85DE, 0x85DE, 0x85DE, 0x85DE, 0x85DE, 0x85DE, 0x85DE, 0x85DE, 0x85DE,
  0x85DE, 0x85DE, 0x85DE, 0x85DE, 0x85DE, 0x85DE, 0x85DE, 0x85DE, 0x85DE, 0x85BE, 0x85BE, 0x85BE,
  0x85BE, 0x85BE, 0x85BE, 0x85BE, 0x85BE, 0x85BE, 0x85BE, 0x85BE, 0x85BE, 0x85BE, 0x85BE, 0x85BE,
  0x85BE, 0x85BE, 0x85BE, 0x85BE, 0x85BE, 0x85BE, 0x85BE, 0x85BE, 0x85BE, 0x85BE, 0x85BE, 0x85BE,
  0x85BE, 0x85BE, 0x85BE, 0x85BE, 0x85BE, 0x85BE, 0x85BE, 0x85BE, 0x85BE, 0x85BE, 0x85BE, 0x85BE,
  0x85BE, 0x85BE, 0x85BE, 0x85BE, 0x85BE, 0x85BE, 0x85BE, 0x85BE, 0x85BE, 0x85BE, 0x85BE, 0x85BE,
  0x85BE, 0x85BE, 0x85BE, 0x85BE, 0x85BE, 0x85DE, 0x85DE, 0x85DE, 0x85DE, 0x85DE, 0x85DE, 0x85DE,
  0x85BD, 0x85BD, 0x85DE, 0x85DE, 0x85DE, 0x85DE, 0x85DE, 0x85DE, 0x85DD, 0x85BD, 0x85DD, 0x8DDD,
  0x8DBD, 0x8DBC, 0x95DD, 0x9E1D, 0xB6DF, 0xAE9F, 0xB6BF, 0xAE5F, 0xB6BF, 0xBEDF, 0xC73F, 0xBEDE,
  0xBEDF, 0xC6BF, 0xCEFF, 0xD73F, 0xDF7F, 0xDF5F, 0xDF5F, 0xDF5F, 0xDF5F, 0xD73F, 0xD77F, 0xCF3F,
  0xBEDF, 0xBEFF, 0xBEDF, 0xB69F, 0xB69F, 0xAE9F, 0xB6BF, 0xA67F, 0xA69F, 0x9E3F, 0x961F, 0x85DE,
  0x85BE, 0x85BE, 0x85BE, 0x85BE, 0x85BE, 0x85BE, 0x85BE, 0x85BE, 0x85BE, 0x85BE, 0x85BE, 0x85BE,
  0x85BE, 0x85BE, 0x85BE, 0x85BE, 0x85BE, 0x85BE, 0x85BE, 0x85BE, 0x85BE, 0x85BE, 0x85BE, 0x85BE,
  0x85BE, 0x85BE, 0x85BE, 0x85BE, 0x85BE, 0x85BE, 0x85BE, 0x85BE, 0x85BE, 0x85BE, 0x85BE, 0x85BE,
  0x85BE, 0x85BE, 0x85BE, 0x85BE, 0x85BE, 0x85BE, 0x85BE, 0x85BE, 0x85BE, 0x85BE, 0x85BE, 0x85BE,
  0x85BE, 0x85BE, 0x85BE, 0x85BE, 0x85BE, 0x85BE, 0x85BE, 0x85BE, 0x85BE, 0x85BE, 0x85BE, 0x85BE,
  0x85BE, 0x85BE, 0x85BE, 0x85BE, 0x85BE, 0x85BE, 0x85BE, 0x85BE, 0x85BE, 0x85BE, 0x85BE, 0x85BE,
  0x85BE, 0x85BE, 0x85BE, 0x85BE, 0x85BE, 0x85BE, 0x85BE, 0x85BE, 0x85DE, 0x85DE, 0x85DE, 0x85DE,
  0x85DE, 0x85DE, 0x85DE, 0x85DE, 0x85DE, 0x8DFE, 0x85BD, 0x859C, 0x8DDD, 0xA65F, 0xAE9F, 0xAE7F,
  0xB6BF, 0xAE5E, 0xAE7F, 0xB69F, 0xC6FF, 0xC71F, 0xBEDE, 0xCF3F, 0xC6FF, 0xC6FF, 0xCF1F, 0xD75F,
  0xDF7F, 0xDF5F, 0xDF3F, 0xDF5F, 0xDF5F, 0xD75F, 0xD77F, 0xCF3F, 0xBEDF, 0xBEFF, 0xB6BF, 0xB69F,
  0xB69F, 0xAE9F, 0xAEBF, 0xA67F, 0xA67F, 0x963F, 0x8E1F, 0x85DE, 0x85BE, 0x85BE, 0x85BE, 0x85BE,
  0x85BE, 0x85BE, 0x85BE, 0x85BE, 0x85BE, 0x85BE, 0x85BE, 0x85BE, 0x85BE, 0x85BE, 0x85BE, 0x85BE,
  0x85BE, 0x85BE, 0x85BE, 0x85BE, 0x85BE, 0x85BE, 0x85BE, 0x85BE, 0x85BE, 0x85BE, 0x85BE, 0x85BE,
  0x85BE, 0x85BE, 0x85BE, 0x85BE, 0x85BE, 0x85BE, 0x85BE, 0x85BE, 0x85BE, 0x85BE, 0x85BE, 0x85BE,
  0x85BE, 0x85BE, 0x85BE, 0x85BE, 0x85BE, 0x85BE, 0x85BE, 0x85BE, 0x85BE, 0x85BE, 0x85BE, 0x85BE,
  0x85BE, 0x85BE, 0x85BE, 0x85BE, 0x85BE, 0x85BE, 0x85BE, 0x85BE, 0x85BE, 0x85BE, 0x85BE, 0x85BE,
  0x85BE, 0x85BE, 0x85BE, 0x85BE, 0x85BE, 0x85BE, 0x85BE, 0x85BE, 0x85BE, 0x85BE, 0x85BE, 0x85BE,
  0x85BE, 0x85BE, 0x85BE, 0x85BE, 0x85DE, 0x85DE, 0x85DE, 0x85BE, 0x85DE, 0x85DE, 0x85DE, 0x85DE,
  0x85BD, 0x85BD, 0x85BD, 0x8DDD, 0x9E3E, 0xAE9F, 0xAE9F, 0xA65E, 0xA63D, 0xA65D, 0xB6BF, 0xB69F,
  0xB67E, 0xCF3F, 0xC6FE, 0xCF1F, 0xCF1F, 0xCF1F, 0xCF1F, 0xD75F, 0xDF7F, 0xDF5F, 0xDF5F, 0xDF5F,
  0xDF7F, 0xD75F, 0xD77F, 0xCF1F, 0xBEDF, 0xBEFF, 0xB6BF, 0xB6BF, 0xB69F, 0xAE9F, 0xAE9F, 0xA67F,
  0xA65F, 0x963F, 0x8DFE, 0x85BE, 0x85BE, 0x85BE, 0x85BE, 0x85BE, 0x85BE, 0x85BE, 0x85BE, 0x85BE,
  0x85BE, 0x85BE, 0x85BE, 0x85BE, 0x85BE, 0x85BE, 0x85BE, 0x85BE, 0x85BE, 0x85BE, 0x85BE, 0x85BE,
  0x85BE, 0x85BE, 0x85BE, 0x85BE, 0x85BE, 0x85BE, 0x85BE, 0x85BE, 0x85BE, 0x85BE, 0x85BE, 0x85BE,
  0x85BE, 0x85BE, 0x85BE, 0x85BE, 0x85BE, 0x85BE, 0x85BE, 0x85BE, 0x85BE, 0x85BE, 0x85BE, 0x85BE,
  0x85BE, 0x85BE, 0x85BE, 0x85BE, 0x85BE, 0x85BE, 0x85BE, 0x85BE, 0x85BE, 0x85BE, 0x85BE, 0x85BE,
  0x85BE, 0x85BE, 0x85BE, 0x85BE, 0x85BE, 0x85BE, 0x85BE, 0x85BE, 0x85BE, 0x85BE, 0x85BE, 0x85BE,
  0x85BE, 0x85BE, 0x85BE, 0x85BE, 0x85BE, 0x85BE, 0x85BE, 0x85BE, 0x85BE, 0x85BE, 0x85BE, 0x85BE,
  0x85DE, 0x85BE, 0x85BD, 0x85BE, 0x85DE, 0x85DE, 0x85DE, 0x85DE, 0x85DE, 0x7D9C, 0x85BD, 0x9E5F,
  0xAE9F, 0xA63E, 0x9DFD, 0x9E1D, 0xAE5E, 0xB69E, 0xC73F, 0xC71F, 0xBEBE, 0xCF3F, 0xD75F, 0xC6FE,
  0xCF3F, 0xCF1F, 0xCF1F, 0xD75F, 0xDF7F, 0xDF5F, 0xDF5F, 0xDF5F, 0xDF7F, 0xD77F, 0xD75F, 0xC71F,
  0xBEDF, 0xBEFF, 0xB6BF, 0xB6BF, 0xB69F, 0xAE9F, 0xAE7F, 0xA67F, 0x9E5F, 0x961F, 0x8DDE, 0x85BE,
  0x85BE, 0x85BE, 0x85BE, 0x85BE, 0x85BE, 0x85BE, 0x85BE, 0x85BE, 0x85BE, 0x85BE, 0x85BE, 0x85BE,
  0x85BE, 0x85BE, 0x85BE, 0x85BE, 0x85BE, 0x85BE, 0x85BE, 0x85BE, 0x85BE, 0x85BE, 0x85BE, 0x85BE,
  0x85BE, 0x85BE, 0x85BE, 0x85BE, 0x85BE, 0x85BE, 0x85BE, 0x85BE, 0x85BE, 0x85BE, 0x85BE, 0x85BE,
  0x85BE, 0x85BE, 0x85BE, 0x85BE, 0x85BE, 0x85BE, 0x85BE, 0x85BE, 0x85BE, 0x85BE, 0x85BE, 0x85BE,
  0x85BE, 0x85BE, 0x85BE, 0x85BE, 0x85BE, 0x85BE, 0x85BE, 0x85BE, 0x85BE, 0x85BE, 0x85BE, 0x85BE,
  0x85BE, 0x85BE, 0x85BE, 0x85BE, 0x85BE, 0x85BE, 0x85BE, 0x85BE, 0x85BE, 0x85BE, 0x85BE, 0x85BE,
  0x85BE, 0x85BE, 0x85BE, 0x85BE, 0x85BE, 0x85BE, 0x85BE, 0x85BE, 0x85BE, 0x85BE, 0x85BE, 0x85DE,
  0x85DE, 0x85DE, 0x85DE, 0x85BD, 0x8DFE, 0x859D, 0x8DBD, 0xA67F, 0xA67F, 0x9DFD, 0x9DFD, 0xAE7F,
  0xB69E, 0xB6DE, 0xB6BC, 0xAE7B, 0xD75F, 0xC6FF, 0xCF1F, 0xC6FF, 0xCF3F, 0xCF1F, 0xCF1F, 0xD73F,
  0xDF7F, 0xDF7F, 0xDF7F, 0xDF7F, 0xD75F, 0xD77F, 0xD75F, 0xC6FF, 0xBEDF, 0xBEFF, 0xAE9F, 0xB6BF,
  0xB6BF, 0xAE9F, 0xA67F, 0xA67F, 0x9E3F, 0x961F, 0x85DE, 0x85BE, 0x85DE, 0x85BE, 0x85BE, 0x85BE,
  0x85BE, 0x85BE, 0x85BE, 0x85BE, 0x85BE, 0x85BE, 0x85BE, 0x85BE, 0x85BE, 0x85BE, 0x85BE, 0x85BE,
  0x85BE, 0x85BE, 0x85BE, 0x85BE, 0x85BE, 0x85BE, 0x85BE, 0x85BE, 0x85BE, 0x85BE, 0x85BE, 0x85BE,
  0x85BE, 0x85BE, 0x85BE, 0x85BE, 0x85BE, 0x85BE, 0x85BE, 0x85BE, 0x85BE, 0x85BE, 0x85BE, 0x85BE,
  0x85BE, 0x85BE, 0x85BE, 0x85BE, 0x85BE, 0x85BE, 0x85BE, 0x85BE, 0x85BE, 0x85BE, 0x85BE, 0x85BE,
  0x85BE, 0x85BE, 0x85BE, 0x85BE, 0x85BE, 0x85BE, 0x85BE, 0x85BE, 0x85BE, 0x85BE, 0x85BE, 0x85BE,
  0x85BE, 0x85BE, 0x85BE, 0x85BE, 0x85BE, 0x85BE, 0x85BE, 0x85BE, 0x85BE, 0x85BE, 0x85BE, 0x85BE,
  0x85BE, 0x85BE, 0x85BE, 0x85BE, 0x85DE, 0x85DE, 0x85DE, 0x85DE, 0x85DE, 0x85BE, 0x85BD, 0x85BD,
  0x85BD, 0x85BD, 0x8DDE, 0x9E3F, 0xA65F, 0x9E3E, 0xA65E, 0xB6BF, 0xAE9E, 0xC71F, 0x9DD8, 0x6410,
  0xC6DD, 0xCEFF, 0xC6DE, 0xCF3F, 0xCF3F, 0xCF1F, 0xCF3F, 0xD75F, 0xDF7F, 0xDF9F, 0xDF9F, 0xDF7F,
  0xD75F, 0xD77F, 0xCF3F, 0xBEDE, 0xBEDF, 0xBEFF, 0xAE9F, 0xB6BF, 0xB6BF, 0xAE9F, 0xA65F, 0xA69F,
  0x9E3F, 0x961F, 0x85DE, 0x85BE, 0x85DE, 0x85BE, 0x85BE, 0x85BE, 0x85BE, 0x85BE, 0x85BE, 0x85BE,
  0x85BE, 0x85BE, 0x85BE, 0x85BE, 0x85BE, 0x85BE, 0x85BE, 0x85BE, 0x85BE, 0x85BE, 0x85BE, 0x85BE,
  0x85BE, 0x85BE, 0x85BE, 0x85BE, 0x85BE, 0x85BE, 0x85BE, 0x85BE, 0x85BE, 0x85BE, 0x85BE, 0x85BE,
  0x85BE, 0x85BE, 0x85BE, 0x85BE, 0x85BE, 0x85BE, 0x85BE, 0x85BE, 0x85BE, 0x85BE, 0x85BE, 0x85BE,
  0x85BE, 0x85BE, 0x85BE, 0x85BE, 0x85BE, 0x85BE, 0x85BE, 0x85BE, 0x85BE, 0x85BE, 0x85BE, 0x85BE,
  0x85BE, 0x85BE, 0x85BE, 0x85BE, 0x85BE, 0x85BE, 0x85BE, 0x85BE, 0x85BE, 0x85BE, 0x85BE, 0x85BE,
  0x85BE, 0x85BE, 0x85BE, 0x85BE, 0x85BE, 0x85BE, 0x85BE, 0x85BE, 0x85BE, 0x85BE, 0x85BE, 0x85BE,
  0x85DE, 0x85DE, 0x85DE, 0x85DE, 0x85BE, 0x85BE, 0x85DE, 0x8DFE, 0x85BD, 0x8DFE, 0x961E, 0x9E3E,
  0x9E3E, 0xA65F, 0xAE5F, 0xAE7F, 0xAE7E, 0xC73F, 0x9DF7, 0x3289, 0x9DB8, 0xD73F, 0xCEFE, 0xCF3F,
  0xCF3F, 0xCF3F, 0xCF3F, 0xD75F, 0xDF7F, 0xDF9F, 0xDF7F, 0xDF7F, 0xD77F, 0xD77F, 0xCF3F, 0xBEDE,
  0xBEFF, 0xBEFF, 0xAE9F, 0xB6BF, 0xB6BF, 0xAE9F, 0xA65F, 0xA69F, 0x9E3F, 0x961F, 0x85DE, 0x85DE,
  0x85DE, 0x85BE, 0x85BE, 0x85BE, 0x85BE, 0x85BE, 0x85BE, 0x85BE, 0x85BE, 0x85BE, 0x85BE, 0x85BE,
  0x85BE, 0x85BE, 0x85BE, 0x85BE, 0x85BE, 0x85BE, 0x85BE, 0x85BE, 0x85BE, 0x85BE, 0x85BE, 0x85BE,
  0x85BE, 0x85BE, 0x85BE, 0x85BE, 0x85BE, 0x85BE, 0x85BE, 0x85BE, 0x85BE, 0x85BE, 0x85BE, 0x85BE,
  0x85BE, 0x85BE, 0x85BE, 0x85BE, 0x85BE, 0x85BE, 0x85BE, 0x85BE, 0x85BE, 0x85BE, 0x85BE, 0x85BE,
  0x85BE, 0x85BE, 0x85BE, 0x85BE, 0x85BE, 0x85BE, 0x85BE, 0x85BE, 0x85BE, 0x85BE, 0x85BE, 0x85BE,
  0x85BE, 0x85BE, 0x85BE, 0x85BE, 0x85BE, 0x85BE, 0x85BE, 0x85BE, 0x85BE, 0x85BE, 0x85BE, 0x85BE,
  0x85BE, 0x85BE, 0x85BE, 0x85BE, 0x85BE, 0x85BE, 0x85BE, 0x85DE, 0x85BE, 0x85DE, 0x85DE, 0x85DE,
  0x85BE, 0x85DE, 0x8DFE, 0x961F, 0x9E5F, 0x9E3F, 0x9E1F, 0x9E1E, 0x9E1E, 0xA63E, 0xA63E, 0xA63E,
  0xA63D, 0xAE7C, 0xA637, 0x3288, 0x84F4, 0xCEFD, 0xC69D, 0xBEBD, 0xCF1F, 0xCF3F, 0xCF3F, 0xCF3F,
  0xD77F, 0xDF9F, 0xDF7F, 0xDF5E, 0xD75F, 0xD77F, 0xCF3F, 0xC6FF, 0xBEDF, 0xBEDF, 0xB6BF, 0xB6BF,
  0xAEBF, 0xAE9F, 0xA67F, 0xA67F, 0x963F, 0x8DDE, 0x85BE, 0x85DE, 0x85DE, 0x85BE, 0x85BE, 0x85BE,
  0x85BE, 0x85BE, 0x85BE, 0x85BE, 0x85BE, 0x85BE, 0x85BE, 0x85BE, 0x85BE, 0x85BE, 0x85BE, 0x85BE,
  0x85BE, 0x85BE, 0x85BE, 0x85BE, 0x85BE, 0x85BE, 0x85BE, 0x85BE, 0x85BE, 0x85BE, 0x85BE, 0x85BE,
  0x85BE, 0x85BE, 0x85BE, 0x85BE, 0x85BE, 0x85BE, 0x85BE, 0x85BE, 0x85BE, 0x85BE, 0x85BE, 0x85BE,
  0x85BE, 0x85BE, 0x85BE, 0x85BE, 0x85BE, 0x85BE, 0x85BE, 0x85BE, 0x85BE, 0x85BE, 0x85BE, 0x85BE,
  0x85BE, 0x85BE, 0x85BE, 0x85BE, 0x85BE, 0x85BE, 0x85BE, 0x85BE, 0x85BE, 0x85BE, 0x85BE, 0x85BE,
  0x85BE, 0x85BE, 0x85BE, 0x85BE, 0x85BE, 0x85BE, 0x85BE, 0x85BE, 0x85BE, 0x85BE, 0x85BE, 0x85BE,
  0x85BE, 0x85BE, 0x85BE, 0x85DE, 0x85DE, 0x85BE, 0x85DE, 0x85DE, 0x85BE, 0x859D, 0x8DFE, 0x9E5F,
  0xA6BF, 0xA67F, 0x9E3F, 0x9E3F, 0x9E3F, 0x9E3E, 0x9E3E, 0x9E1E, 0x9E3D, 0xAE9D, 0x95D6, 0x430A,
  0x3ACA, 0xAE19, 0xC6BD, 0xBEBD, 0xC6FE, 0xCF3F, 0xCF3F, 0xCF1F, 0xD75F, 0xDF7F, 0xDF7F, 0xDF5F,
  0xD75F, 0xD77F, 0xCF3F, 0xC6FF, 0xBEDF, 0xB6DF, 0xB6BF, 0xB6BF, 0xAEBF, 0xAE9F, 0xA67F, 0xA67F,
  0x963F, 0x8DDE, 0x85BE, 0x85DE, 0x85DE, 0x85BE, 0x85BE, 0x85BE, 0x85BE, 0x85BE, 0x85BE, 0x85BE,
  0x85BE, 0x85BE, 0x85BE, 0x85BE, 0x85BE, 0x85BE, 0x85BE, 0x85BE, 0x85BE, 0x85BE, 0x85BE, 0x85BE,
  0x85BE, 0x85BE, 0x85BE, 0x85BE, 0x85BE, 0x85BE, 0x85BE, 0x85BE, 0x85BE, 0x85BE, 0x85BE, 0x85BE,
  0x85BE, 0x85BE, 0x85BE, 0x85BE, 0x85BE, 0x85BE, 0x85BE, 0x85BE, 0x85BE, 0x85BE, 0x85BE, 0x85BE,
  0x85BE, 0x85BE, 0x85BE, 0x85BE, 0x85BE, 0x85BE, 0x85BE, 0x85BE, 0x85BE, 0x85BE, 0x85BE, 0x85BE,
  0x85BE, 0x85BE, 0x85BE, 0x85BE, 0x85BE, 0x85BE, 0x85BE, 0x85BE, 0x85BE, 0x85BE, 0x85BE, 0x85BE,
  0x85BE, 0x85BE, 0x85BE, 0x85BE, 0x85BE, 0x85BE, 0x85BE, 0x85BE, 0x85BE, 0x85BE, 0x85BE, 0x85BE,
  0x85DE, 0x85BE, 0x85BE, 0x85DE, 0x85BE, 0x85BE, 0x8DDE, 0x961F, 0x961F, 0x8DFE, 0x8DDD, 0x8DDD,
  0x95DD, 0x95FE, 0x95DD, 0x95DD, 0x9E3E, 0xA65C, 0xBF1B, 0x7CD1, 0x3AA9, 0xA5D6, 0xCEFD, 0xC6DD,
  0xC6DE, 0xC71F, 0xC71F, 0xC71F, 0xCF3F, 0xD77F, 0xDF5F, 0xDF5F, 0xD75F, 0xD75F, 0xCF3F, 0xBEDF,
  0xBEDF, 0xB6DF, 0xB6BF, 0xAEBF, 0xAEBF, 0xAE9F, 0xA67F, 0xA67F, 0x963F, 0x8DDE, 0x85BE, 0x85DE,
  0x85DE, 0x85BE, 0x85BE, 0x85BE, 0x85BE, 0x85BE, 0x85BE, 0x85BE, 0x85BE, 0x85BE, 0x85BE, 0x85BE,
  0x85BE, 0x85BE, 0x85BE, 0x85BE, 0x85BE, 0x85BE, 0x85BE, 0x85BE, 0x85BE, 0x85BE, 0x85BE, 0x85BE,
  0x85BE, 0x85BE, 0x85BE, 0x85BE, 0x85BE, 0x85BE, 0x85BE, 0x85BE, 0x85BE, 0x85BE, 0x85BE, 0x85BE,
  0x85BE, 0x85BE, 0x85BE, 0x85BE, 0x85BE, 0x85BE, 0x85BE, 0x85BE, 0x85BE, 0x85BE, 0x85BE, 0x85BE,
  0x85BE, 0x85BE, 0x85BE, 0x85BE, 0x85BE, 0x85BE, 0x85BE, 0x85BE, 0x85BE, 0x85BE, 0x85BE, 0x85BE,
  0x85BE, 0x85BE, 0x85BE, 0x85BE, 0x85BE, 0x85BE, 0x85BE, 0x85BE, 0x85BE, 0x85BE, 0x85BE, 0x85BE,
  0x85BE, 0x85BE, 0x85BE, 0x85BE, 0x85BE, 0x85BE, 0x85BE, 0x85BE, 0x85DE, 0x85BE, 0x85BD, 0x85BE,
  0x85DE, 0x85BE, 0x85BE, 0x8DDE, 0x85BD, 0x85BD, 0x85BD, 0x8DBD, 0x8DBD, 0x8DBD, 0x8DBD, 0x8DBD,
  0x961E, 0x95FB, 0x53CF, 0x434B, 0x4B2A, 0x9DB5, 0x7C93, 0xCF1E, 0xBEBE, 0xC6FF, 0xBEFF, 0xBEFF,
  0xCF1F, 0xD75F, 0xDF5F, 0xDF5F, 0xD75F, 0xD75F, 0xCF1F, 0xBEDF, 0xBEDF, 0xB6BF, 0xAE9F, 0xAEBF,
  0xAEBF, 0xAE9F, 0xA67F, 0xA67F, 0x961F, 0x8DDE, 0x85BE, 0x85DE, 0x85DE, 0x85BE, 0x85BE, 0x85BE,
  0x85BE, 0x85BE, 0x85BE, 0x85BE, 0x85BE, 0x85BE, 0x85BE, 0x85BE, 0x85BE, 0x85BE, 0x85BE, 0x85BE,
  0x85BE, 0x85BE, 0x85BE, 0x85BE, 0x85BE, 0x85BE, 0x85BE, 0x85BE, 0x85BE, 0x85BE, 0x85BE, 0x85BE,
  0x85BE, 0x85BE, 0x85BE, 0x85BE, 0x85BE, 0x85BE, 0x85BE, 0x85BE, 0x85BE, 0x85BE, 0x85BE, 0x85BE,
  0x85BE, 0x85BE, 0x85BE, 0x85BE, 0x85BE, 0x85BE, 0x85BE, 0x85BE, 0x85BE, 0x85BE, 0x85BE, 0x85BE,
  0x85BE, 0x85BE, 0x85BE, 0x85BE, 0x85BE, 0x85BE, 0x85BE, 0x85BE, 0x85BE, 0x85BE, 0x85BE, 0x85BE,
  0x85BE, 0x85BE, 0x85BE, 0x85BE, 0x85BE, 0x85BE, 0x85BE, 0x85BE, 0x85BE, 0x85BE, 0x85BE, 0x85BE,
  0x85BE, 0x85BE, 0x85BE, 0x85BE, 0x85DE, 0x85BE, 0x85BD, 0x85BE, 0x85DE, 0x85BE, 0x85BD, 0x85BD,
  0x85BD, 0x85BE, 0x8DDE, 0x8DDE, 0x8DDE, 0x8DBD, 0x8DBD, 0x8DBD, 0x859C, 0x9E3D, 0x6CB4, 0x32CA,
  0x4309, 0x534A, 0x5BAE, 0xC6DD, 0xBE9E, 0xBEDF, 0xBEFE, 0xBEFE, 0xC73F, 0xD75F, 0xDF5F, 0xDF5F,
  0xD77F, 0xD75F, 0xC71F, 0xBEDF, 0xBEDF, 0xB6BF, 0xAE9F, 0xAEBF, 0xAEBF, 0xAE9F, 0xA67F, 0xA67F,
  0x961F, 0x8DDE, 0x85BE, 0x85DE, 0x85DE, 0x85BE, 0x85BE, 0x85BE, 0x85BE, 0x85BE, 0x85BE, 0x85BE,
  0x85BE, 0x85BE, 0x85BE, 0x85BE, 0x85BE, 0x85BE, 0x85BE, 0x85BE, 0x85BE, 0x85BE, 0x85BE, 0x85BE,
  0x85BE, 0x85BE, 0x85BE, 0x85BE, 0x85BE, 0x85BE, 0x85BE, 0x85BE, 0x85BE, 0x85BE, 0x85BE, 0x85BE,
  0x85BE, 0x85BE, 0x85BE, 0x85BE, 0x85BE, 0x85BE, 0x85BE, 0x85BE, 0x85BE, 0x85BE, 0x85BE, 0x85BE,
  0x85BE, 0x85BE, 0x85BE, 0x85BE, 0x85BE, 0x85BE, 0x85BE, 0x85BE, 0x85BE, 0x85BE, 0x85BE, 0x85BE,
  0x85BE, 0x85BE, 0x85BE, 0x85BE, 0x85BE, 0x85BE, 0x85BE, 0x85BE, 0x85BE, 0x85BE, 0x85BE, 0x85BE,
  0x85BE, 0x85BE, 0x85BE, 0x85BE, 0x85BE, 0x85BE, 0x85BE, 0x85BE, 0x85BE, 0x85BE, 0x85BE, 0x85BE,
  0x85DE, 0x85BE, 0x85BE, 0x85BE, 0x85BE, 0x85BE, 0x85BE, 0x85DE, 0x85BE, 0x85DE, 0x85DE, 0x85DE,
  0x85BE, 0x85BE, 0x85BE, 0x85DE, 0x8DDE, 0x9E5E, 0x9E5B, 0x8575, 0x642D, 0x3AA6, 0x63EE, 0xB67B,
  0xB67E, 0xBEDF, 0xBEFE, 0xBEFE, 0xCF3F, 0xD77F, 0xDF5F, 0xDF5F, 0xD77F, 0xD75F, 0xC6FF, 0xBEDF,
  0xBEDF, 0xB6BF, 0xAE9F, 0xB6BF, 0xAEBF, 0xAE9F, 0xA67F, 0xA67F, 0x963F, 0x8DDE, 0x85BE, 0x85DE,
  0x85DE, 0x85BE, 0x85BE, 0x85BE, 0x85BE, 0x85BE, 0x85BE, 0x85BE, 0x85BE, 0x85BE, 0x85BE, 0x85BE,
  0x85BE, 0x85BE, 0x85BE, 0x85BE, 0x85BE, 0x85BE, 0x85BE, 0x85BE, 0x85BE, 0x85BE, 0x85BE, 0x85BE,
  0x85BE, 0x85BE, 0x85BE, 0x85BE, 0x85BE, 0x85BE, 0x85BE, 0x85BE, 0x85BE, 0x85BE, 0x85BE, 0x85BE,
  0x85BE, 0x85BE, 0x85BE, 0x85BE, 0x85BE, 0x85BE, 0x85BE, 0x85BE, 0x85BE, 0x85BE, 0x85BE, 0x85BE,
  0x85BE, 0x85BE, 0x85BE, 0x85BE, 0x85BE, 0x85BE, 0x85BE, 0x85BE, 0x85BE, 0x85BE, 0x85BE, 0x85BE,
  0x85BE, 0x85BE, 0x85BE, 0x85BE, 0x85BE, 0x85BE, 0x85BE, 0x85BE, 0x85BE, 0x85BE, 0x85BE, 0x85BE,
  0x85BE, 0x85BE, 0x85BE, 0x85BE, 0x85BE, 0x85BE, 0x85BE, 0x85BE, 0x85BE, 0x85DE, 0x85DE, 0x85BE,
  0x85BE, 0x85BE, 0x85DE, 0x8DDE, 0x85BE, 0x85BE, 0x85BE, 0x85BE, 0x85BE, 0x85BE, 0x85DE, 0x85DE,
  0x7DBD, 0x8E1D, 0x9E3C, 0xBF1C, 0x748E, 0x3AC6, 0x5BAD, 0xCF1E, 0xB69E, 0xBEDF, 0xBEFE, 0xBEFD,
  0xCF3F, 0xD77F, 0xDF5F, 0xDF3F, 0xDF7F, 0xD75F, 0xC6FF, 0xBEDF, 0xBEFF, 0xB6BF, 0xAE9F, 0xB6BF,
  0xAEBF, 0xAE9F, 0xA67F, 0xA67F, 0x963F, 0x8DDE, 0x85BE, 0x85DE, 0x85DE, 0x85BE, 0x85BE, 0x85BE,
  0x85BE, 0x85BE, 0x85BE, 0x85BE, 0x85BE, 0x85BE, 0x85BE, 0x85BE, 0x85BE, 0x85BE, 0x85BE, 0x85BE,
  0x85BE, 0x85BE, 0x85BE, 0x85BE, 0x85BE, 0x85BE, 0x85BE, 0x85BE, 0x85BE, 0x85BE, 0x85BE, 0x85BE,
  0x85BE, 0x85BE, 0x85BE, 0x85BE, 0x85BE, 0x85BE, 0x85BE, 0x85BE, 0x85BE, 0x85BE, 0x85BE, 0x85BE,
  0x85BE, 0x85BE, 0x85BE, 0x85BE, 0x85BE, 0x85BE, 0x85BE, 0x85BE, 0x85BE, 0x85BE, 0x85BE, 0x85BE,
  0x85BE, 0x85BE, 0x85BE, 0x85BE, 0x85BE, 0x85BE, 0x85BE, 0x85BE, 0x85BE, 0x85BE, 0x85BE, 0x85BE,
  0x85BE, 0x85BE, 0x85BE, 0x85BE, 0x85BE, 0x85BE, 0x85BE, 0x85BE, 0x85BE, 0x85BE, 0x85BE, 0x85BE,
  0x85BE, 0x85BE, 0x85BE, 0x85BE, 0x85BE, 0x85BE, 0x85DE, 0x85BE, 0x85BE, 0x85BE, 0x85DE, 0x85DE,
  0x85BE, 0x85BE, 0x85BE, 0x85DE, 0x85DE, 0x85DE, 0x85DE, 0x85DE, 0x8E1F, 0x85BD, 0xA67E, 0x8D97,
  0x4B89, 0x3AC5, 0x6C4F, 0xB67B, 0xB69F, 0xBEDF, 0xBEFE, 0xBEFD, 0xCF3F, 0xD77F, 0xDF5F, 0xDF3F,
  0xDF7F, 0xD75F, 0xC6FF, 0xBEDF, 0xBEFF, 0xB6DF, 0xAEBF, 0xB6BF, 0xAEBF, 0xAE9F, 0xA67F, 0xA67F,
  0x963F, 0x8DDE, 0x85DE, 0x85DE, 0x85BE, 0x85BE, 0x85BE, 0x85BD, 0x85BD, 0x8DBD, 0x8DBD, 0x8DBD,
  0x8DBE, 0x85BE, 0x85BE, 0x85BE, 0x85BE, 0x85BE, 0x85BE, 0x85BE, 0x85BE, 0x85BE, 0x85BE, 0x85BE,
  0x85BE, 0x85BE, 0x85BE, 0x85BE, 0x85BE, 0x85BE, 0x85BE, 0x85BE, 0x85BE, 0x85BE, 0x85BE, 0x85BE,
  0x85BE, 0x85BE, 0x85BE, 0x85BE, 0x85BE, 0x85BE, 0x85BE, 0x85BE, 0x85BE, 0x85BE, 0x85BE, 0x85BE,
  0x85BE, 0x85BE, 0x85BE, 0x85BE, 0x85BE, 0x85BE, 0x85BE, 0x85BE, 0x85BE, 0x85BE, 0x85BE, 0x85BE,
  0x85BE, 0x85BE, 0x85BE, 0x85BE, 0x85BE, 0x85BE, 0x85BE, 0x85BE, 0x85BE, 0x85BE, 0x85BE, 0x85BE,
  0x85BE, 0x85BE, 0x85BE, 0x85BE, 0x85BE, 0x85BE, 0x85BE, 0x85BE, 0x85BE, 0x85BE, 0x85BE, 0x85BE,
  0x85BE, 0x85BE, 0x85BE, 0x85BE, 0x85DE, 0x8DDE, 0x85BE, 0x85BE, 0x85DE, 0x85DE, 0x85DE, 0x85DE,
  0x85DE, 0x85DE, 0x85DE, 0x85BE, 0x7DBE, 0x85DE, 0x9E3E, 0x6CB5, 0x32A7, 0x3AC6, 0x5BCB, 0xC71B,
  0xBEBE, 0xBEDF, 0xBEFE, 0xBEFD, 0xCF3F, 0xD77F, 0xDF5F, 0xDF5F, 0xD75F, 0xD75F, 0xC6FF, 0xBEFF,
  0xBEFF, 0xAEDE, 0xAEBF, 0xAEBF, 0xAE9F, 0xA67F, 0xAE9F, 0x9E5F, 0x963F, 0x85DE, 0x85FE, 0x7DBD,
  0x8DDE, 0x857D, 0x8DDD, 0x8DFD, 0x8DDC, 0x8DBC, 0xA63E, 0x95BC, 0x8DBD, 0x8DBE, 0x85BF, 0x85BF,
  0x85DF, 0x85BF, 0x8DBE, 0x8DBD, 0x85BE, 0x85BE, 0x85BE, 0x85BE, 0x85BE, 0x85BE, 0x85BE, 0x85BE,
  0x85BE, 0x85BE, 0x85BE, 0x85BE, 0x85BE, 0x85BE, 0x85BE, 0x85BE, 0x85BE, 0x85BE, 0x85BE, 0x85BE,
  0x85BE, 0x85BE, 0x85BE, 0x85BE, 0x85BE, 0x85BE, 0x85BE, 0x85BE, 0x85BE, 0x85BE, 0x85BE, 0x85BE,
  0x85BE, 0x85BE, 0x85BE, 0x85BE, 0x85BE, 0x85BE, 0x85BE, 0x85BE, 0x85BE, 0x85BE, 0x85BE, 0x85BE,
  0x85BE, 0x85BE, 0x85BE, 0x85BE, 0x85BE, 0x85BE, 0x85BE, 0x85BE, 0x85BE, 0x85BE, 0x85BE, 0x85BE,
  0x85BE, 0x85BE, 0x85BE, 0x85BE, 0x85BE, 0x85BE, 0x85BE, 0x85BE, 0x85BE, 0x85BE, 0x85BE, 0x85BE,
  0x85BE, 0x85BE, 0x85BE, 0x85BE, 0x85BE, 0x85BE, 0x85BE, 0x85BE, 0x85DE, 0x85DE, 0x85BE, 0x85DE,
  0x85BE, 0x85DE, 0x9E5F, 0x7D39, 0x7493, 0x7CF1, 0x53A8, 0x7D0E, 0xA5F7, 0xC71F, 0xBEDF, 0xC6DF,
  0xC71E, 0xD77F, 0xDF7F, 0xDF5F, 0xD75F, 0xD75F, 0xC6DF, 0xBEFF, 0xBF1E, 0xAEDE, 0xAEDF, 0xAEBF,
  0xB6BF, 0xA67F, 0xAE9F, 0x9E3F, 0x963F, 0x85DE, 0x85FE, 0x85DE, 0x859D, 0x961F, 0x8DDC, 0x6495,
  0x8578, 0x74F6, 0x6C75, 0x7D19, 0x8DBD, 0x8DBE, 0x85BF, 0x7DBF, 0x85DF, 0x85BF, 0x8DBD, 0x8DBD,
  0x85BE, 0x85BE, 0x85BE, 0x85BE, 0x85BE, 0x85BE, 0x85BE, 0x85BE, 0x85BE, 0x85BE, 0x85BE, 0x85BE,
  0x85BE, 0x85BE, 0x85BE, 0x85BE, 0x85BE, 0x85BE, 0x85BE, 0x85BE, 0x85BE, 0x85BE, 0x85BE, 0x85BE,
  0x85BE, 0x85BE, 0x85BE, 0x85BE, 0x85BE, 0x85BE, 0x85BE, 0x85BE, 0x85BE, 0x85BE, 0x85BE, 0x85BE,
  0x85BE, 0x85BE, 0x85BE, 0x85BE, 0x85BE, 0x85BE, 0x85BE, 0x85BE, 0x85BE, 0x85BE, 0x85BE, 0x85BE,
  0x85BE, 0x85BE, 0x85BE, 0x85BE, 0x85BE, 0x85BE, 0x85BE, 0x85BE, 0x85BE, 0x85BE, 0x85BE, 0x85BE,
  0x85BE, 0x85BE, 0x85BE, 0x85BE, 0x85BE, 0x85BE, 0x85BE, 0x85BE, 0x85BE, 0x85BE, 0x85BE, 0x85BE,
  0x85BE, 0x85BE, 0x85BE, 0x85BE, 0x85BE, 0x85BE, 0x85BE, 0x85BE, 0x8DFE, 0x7D7D, 0x9E3F, 0xAEBF,
  0xB6DE, 0x8D95, 0x4B87, 0x2A63, 0x8D53, 0xC71E, 0xC6DF, 0xC6BF, 0xCF3F, 0xDFBF, 0xCF3E, 0xD75F,
  0xD75F, 0xD75F, 0xC6DF, 0xBEDF, 0xBEFF, 0xB6DE, 0xAEBF, 0xAEBF, 0xB6DF, 0xA67F, 0xA67F, 0x9E5F,
  0x963F, 0x85DE, 0x85FE, 0x85DE, 0x8DDF, 0x8DBC, 0x7536, 0x2ACA, 0x5C2E, 0x438D, 0x226B, 0x6CB6,
  0x8DBC, 0x85BD, 0x85DE, 0x85DF, 0x85BF, 0x85BE, 0x85DD, 0x85DD, 0x85BE, 0x85BE, 0x85BE, 0x85BE,
  0x85BE, 0x85BE, 0x85BE, 0x85BE, 0x85BE, 0x85BE, 0x85BE, 0x85BE, 0x85BE, 0x85BE, 0x85BE, 0x85BE,
  0x85BE, 0x85BE, 0x85BE, 0x85BE, 0x85BE, 0x85BE, 0x85BE, 0x85BE, 0x85BE, 0x85BE, 0x85BE, 0x85BE,
  0x85BE, 0x85BE, 0x85BE, 0x85BE, 0x85BE, 0x85BE, 0x85BE, 0x85BE, 0x85BE, 0x85BE, 0x85BE, 0x85BE,
  0x85BE, 0x85BE, 0x85BE, 0x85BE, 0x85BE, 0x85BE, 0x85BE, 0x85BE, 0x85BE, 0x85BE, 0x85BE, 0x85BE,
  0x85BE, 0x85BE, 0x85BE, 0x85BE, 0x85BE, 0x85BE, 0x85BE, 0x85BE, 0x85BE, 0x85BE, 0x85BE, 0x85BE,
  0x85BE, 0x85BE, 0x85BE, 0x85BE, 0x85BE, 0x85BE, 0x85BE, 0x85BE, 0x85BE, 0x85BE, 0x85BE, 0x85BE,
  0x85BE, 0x85BE, 0x85BE, 0x85DE, 0x85BD, 0x8DDE, 0x95FE, 0x9E3E, 0xA65D, 0x4B8E, 0x3AE6, 0x3B06,
  0x8533, 0xC6FD, 0xBE9F, 0xBE9F, 0xCF1F, 0xDF9F, 0xD73F, 0xDF7F, 0xD75F, 0xD75F, 0xC6DF, 0xBEDF,
  0xBEFF, 0xB6DE, 0xAEDF, 0xAE9F, 0xAEBF, 0xA67F, 0xA69F, 0xA67F, 0x9E3F, 0x85BE, 0x85DE, 0x85BD,
  0x859D, 0x95FC, 0x74F2, 0x3307, 0x3B27, 0x3B29, 0x5C72, 0x8E1B, 0x85DC, 0x85DD, 0x85DD, 0x85BE,
  0x85BE, 0x85BE, 0x85DD, 0x85DD, 0x85DE, 0x85BE, 0x85BE, 0x85BE, 0x85BE, 0x85BE, 0x85BE, 0x85BE,
  0x85BE, 0x85BE, 0x85BE, 0x85BE, 0x85BE, 0x85BE, 0x85BE, 0x85BE, 0x85BE, 0x85BE, 0x85BE, 0x85BE,
  0x85BE, 0x85BE, 0x85BE, 0x85BE, 0x85BE, 0x85BE, 0x85BE, 0x85BE, 0x85BE, 0x85BE, 0x85BE, 0x85BE,
  0x85BE, 0x85BE, 0x85BE, 0x85BE, 0x85BE, 0x85BE, 0x85BE, 0x85BE, 0x85BE, 0x85BE, 0x85BE, 0x85BE,
  0x85BE, 0x85BE, 0x85BE, 0x85BE, 0x85BE, 0x85BE, 0x85BE, 0x85BE, 0x85BE, 0x85BE, 0x85BE, 0x85BE,
  0x85BE, 0x85BE, 0x85BE, 0x85BE, 0x85BE, 0x85BE, 0x85BE, 0x85BE, 0x85BE, 0x85BE, 0x85BE, 0x85BE,
  0x85BE, 0x85BE, 0x85BE, 0x85BE, 0x85BE, 0x85BE, 0x85BE, 0x85BE, 0x85BE, 0x85BE, 0x85BE, 0x85DE,
  0x85BD, 0x9E5F, 0x9E3F, 0x9E5F, 0xB6BF, 0x6C72, 0x53CC, 0x32C7, 0x95B5, 0xCF3E, 0xC6DF, 0xC6FF,
  0xCEFF, 0xD75F, 0xDF9F, 0xD75F, 0xD75F, 0xD75F, 0xC6DF, 0xBEDF, 0xBEFF, 0xB6DF, 0xAEBF, 0xAE9F,
  0xAEBF, 0xA67F, 0xAE9F, 0xA67F, 0x963F, 0x85BE, 0x85DE, 0x85DD, 0x95FD, 0x95D9, 0x32E7, 0x3B26,
  0x4346, 0x3B29, 0x8E19, 0x7DBA, 0x85FC, 0x85DD, 0x85DD, 0x85BD, 0x8DBE, 0x8DBE, 0x85DD, 0x85DD,
  0x85DE, 0x85BE, 0x85BE, 0x85BE, 0x85BE, 0x85BE, 0x85BE, 0x85BE, 0x85BE, 0x85BE, 0x85BE, 0x85BE,
  0x85BE, 0x85BE, 0x85BE, 0x85BE, 0x85BE, 0x85BE, 0x85BE, 0x85BE, 0x85BE, 0x85BE, 0x85BE, 0x85BE,
  0x85BE, 0x85BE, 0x85BE, 0x85BE, 0x85BE, 0x85BE, 0x85BE, 0x85BE, 0x85BE, 0x85BE, 0x85BE, 0x85BE,
  0x85BE, 0x85BE, 0x85BE, 0x85BE, 0x85BE, 0x85BE, 0x85BE, 0x85BE, 0x85BE, 0x85BE, 0x85BE, 0x85BE,
  0x85BE, 0x85BE, 0x85BE, 0x85BE, 0x85BE, 0x85BE, 0x85BE, 0x85BE, 0x85BE, 0x85BE, 0x85BE, 0x85BE,
  0x85BE, 0x85BE, 0x85BE, 0x85BE, 0x85BE, 0x85BE, 0x85BE, 0x85BE, 0x85BE, 0x85BE, 0x85BE, 0x85BE,
  0x85BE, 0x85BE, 0x85BE, 0x85BE, 0x85BE, 0x85BE, 0x85BE, 0x85DE, 0x8DFE, 0x8DFE, 0x95FE, 0x9E1E,
  0xAEBF, 0xBEFE, 0xA637, 0x3288, 0x6C70, 0xBEDB, 0xC6DF, 0xC6DF, 0xCF3F, 0xD75F, 0xDF9F, 0xD73F,
  0xD75F, 0xD77F, 0xC6FF, 0xBEDF, 0xBEFF, 0xB6DF, 0xB6DF, 0xAEBF, 0xAEBF, 0xA69F, 0xAEBF, 0x9E5E,
  0x961F, 0x8DBE, 0x8DFF, 0x8DFD, 0x8599, 0x8DB5, 0x4368, 0x4346, 0x3B07, 0x438C, 0x85B9, 0x85FC,
  0x85FD, 0x85DD, 0x85DD, 0x8DBE, 0x8DBE, 0x8DBE, 0x85DD, 0x85DD, 0x85DE, 0x85BE, 0x85BE, 0x85BE,
  0x85BE, 0x85BE, 0x85BE, 0x85BE, 0x85BE, 0x85BE, 0x85BE, 0x85BE, 0x85BE, 0x85BE, 0x85BE, 0x85BE,
  0x85BE, 0x85BE, 0x85BE, 0x85BE, 0x85BE, 0x85BE, 0x85BE, 0x85BE, 0x85BE, 0x85BE, 0x85BE, 0x85BE,
  0x85BE, 0x85BE, 0x85BE, 0x85BE, 0x85BE, 0x85BE, 0x85BE, 0x85BE, 0x85BE, 0x85BE, 0x85BE, 0x85BE,
  0x85BE, 0x85BE, 0x85BE, 0x85BE, 0x85BE, 0x85BE, 0x85BE, 0x85BE, 0x85BE, 0x85BE, 0x85BE, 0x85BE,
  0x85BE, 0x85BE, 0x85BE, 0x85BE, 0x85BE, 0x85BE, 0x85BE, 0x85BE, 0x85BE, 0x85BE, 0x85BE, 0x85BE,
  0x85BE, 0x85BE, 0x85BE, 0x85BE, 0x85BE, 0x85BE, 0x85BE, 0x85BE, 0x85BE, 0x85BE, 0x85BE, 0x85BE,
  0x85BE, 0x85BE, 0x85BE, 0x85DE, 0x85DD, 0x8E3F, 0xA69F, 0xA69F, 0xA65E, 0xB6BE, 0x9DF8, 0x53AE,
  0x4B4C, 0xAE59, 0xC6FF, 0xB67E, 0xCF3F, 0xD75F, 0xD77F, 0xD75F, 0xD75F, 0xD77F, 0xCF1F, 0xBEFF,
  0xBEDF, 0xB6BF, 0xB6BF, 0xAEBF, 0xAEBF, 0xA69F, 0xA6BF, 0x9E5E, 0x961F, 0x8DDF, 0x8DDE, 0x859A,
  0x53EE, 0x6C8E, 0x53AA, 0x32C7, 0x538E, 0x8557, 0x8DDC, 0x85BD, 0x85DE, 0x85DE, 0x85BE, 0x85BE,
  0x8DBF, 0x8DBF, 0x85BE, 0x85DD, 0x85BE, 0x85BE, 0x85BE, 0x85BE, 0x85BE, 0x85BE, 0x85BE, 0x85BE,
  0x85BE, 0x85BE, 0x85BE, 0x85BE, 0x85BE, 0x85BE, 0x85BE, 0x85BE, 0x85BE, 0x85BE, 0x85BE, 0x85BE,
  0x85BE, 0x85BE, 0x85BE, 0x85BE, 0x85BE, 0x85BE, 0x85BE, 0x85BE, 0x85BE, 0x85BE, 0x85BE, 0x85BE,
  0x85BE, 0x85BE, 0x85BE, 0x85BE, 0x85BE, 0x85BE, 0x85BE, 0x85BE, 0x85BE, 0x85BE, 0x85BE, 0x85BE,
  0x85BE, 0x85BE, 0x85BE, 0x85BE, 0x85BE, 0x85BE, 0x85BE, 0x85BE, 0x85BE, 0x85BE, 0x85BE, 0x85BE,
  0x85BE, 0x85BE, 0x85BE, 0x85BE, 0x85BE, 0x85BE, 0x85BE, 0x85BE, 0x85BE, 0x85BE, 0x85BE, 0x85BE,
  0x85BE, 0x85BE, 0x85BE, 0x85BE, 0x85BE, 0x85BE, 0x85BE, 0x85BE, 0x85BE, 0x85BE, 0x85BE, 0x85DE,
  0x7D9D, 0x8E1E, 0x9E5F, 0xA65F, 0xB6BF, 0xB6BE, 0xAE9D, 0xBEFD, 0x6450, 0x8D74, 0xCF5F, 0xBEBE,
  0xCF3F, 0xD77F, 0xD73F, 0xD77F, 0xD75F, 0xDF7F, 0xCF1F, 0xC6FF, 0xBEDF, 0xB6BF, 0xB6BF, 0xAEBF,
  0xAE9F, 0xA69F, 0xAEBF, 0x9E5E, 0x9E3F, 0x8DDF, 0x859D, 0x7517, 0x3B08, 0x4347, 0x3AE9, 0x6451,
  0x95BA, 0x857B, 0x8DDE, 0x85BE, 0x85DE, 0x85DE, 0x85BE, 0x85BE, 0x85BF, 0x85BF, 0x8DBE, 0x85BE,
  0x85BE, 0x85BE, 0x85BE, 0x85BE, 0x85BE, 0x85BE, 0x85BE, 0x85BE, 0x85BE, 0x85BE, 0x85BE, 0x85BE,
  0x85BE, 0x85BE, 0x85BE, 0x85BE, 0x85BE, 0x85BE, 0x85BE, 0x85BE, 0x85BE, 0x85BE, 0x85BE, 0x85BE,
  0x85BE, 0x85BE, 0x85BE, 0x85BE, 0x85BE, 0x85BE, 0x85BE, 0x85BE, 0x85BE, 0x85BE, 0x85BE, 0x85BE,
  0x85BE, 0x85BE, 0x85BE, 0x85BE, 0x85BE, 0x85BE, 0x85BE, 0x85BE, 0x85BE, 0x85BE, 0x85BE, 0x85BE,
  0x85BE, 0x85BE, 0x85BE, 0x85BE, 0x85BE, 0x85BE, 0x85BE, 0x85BE, 0x85BE, 0x85BE, 0x85BE, 0x85BE,
  0x85BE, 0x85BE, 0x85BE, 0x85BE, 0x85BE, 0x85BE, 0x85BE, 0x85BE, 0x85BE, 0x85BE, 0x85BE, 0x85BE,
  0x85BE, 0x85BE, 0x85BE, 0x85BE, 0x85BE, 0x85BE, 0x85BE, 0x85DE, 0x85FE, 0x8E1F, 0x9E5F, 0x9E5F,
  0xAEBF, 0xAE7E, 0xB69F, 0xBEFE, 0x74B2, 0x432C, 0xB6BC, 0xC6FF, 0xCF1F, 0xDF7F, 0xD77F, 0xDF7F,
  0xD75F, 0xDFBF, 0xCF1F, 0xBEBE, 0xBEDF, 0xBEFF, 0xB69F, 0xB6BF, 0xAE9F, 0xAEDF, 0x9E5E, 0x9E7F,
  0x9E5F, 0x8D9E, 0x8DDD, 0x6CB4, 0x3AC6, 0x4B47, 0x8534, 0x9DDB, 0x8D7C, 0x8DBF, 0x8DDF, 0x859E,
  0x85BE, 0x85DE, 0x85DE, 0x85DE, 0x85BE, 0x85BF, 0x8DBF, 0x8DBF, 0x85BE, 0x85BE, 0x85BE, 0x85BE,
  0x85BE, 0x85BE, 0x85BE, 0x85BE, 0x85BE, 0x85BE, 0x85BE, 0x85BE, 0x85BE, 0x85BE, 0x85BE, 0x85BE,
  0x85BE, 0x85BE, 0x85BE, 0x85BE, 0x85BE, 0x85BE, 0x85BE, 0x85BE, 0x85BE, 0x85BE, 0x85BE, 0x85BE,
  0x85BE, 0x85BE, 0x85BE, 0x85BE, 0x85BE, 0x85BE, 0x85BE, 0x85BE, 0x85BE, 0x85BE, 0x85BE, 0x85BE,
  0x85BE, 0x85BE, 0x85BE, 0x85BE, 0x85BE, 0x85BE, 0x85BE, 0x85BE, 0x85BE, 0x85BE, 0x85BE, 0x85BE,
  0x85BE, 0x85BE, 0x85BE, 0x85BE, 0x85BE, 0x85BE, 0x85BE, 0x85BE, 0x85BE, 0x85BE, 0x85BE, 0x85BE,
  0x85BE, 0x85BE, 0x85BE, 0x85BE, 0x85BE, 0x85BE, 0x85BE, 0x85BE, 0x85BE, 0x85BE, 0x85BE, 0x85BE,
  0x85BE, 0x85BE, 0x85BE, 0x85DE, 0x85DE, 0x8E3F, 0x9E5F, 0xA67F, 0xAE9F, 0xB6BF, 0xB69F, 0xB69E,
  0xAE7A, 0x6430, 0xB67B, 0xC6FE, 0xCF3F, 0xDFBF, 0xD73E, 0xD75E, 0xDF7F, 0xD75F, 0xD77F, 0xC6DE,
  0xCF3F, 0xBEBE, 0xB69F, 0xB69F, 0xAE9F, 0xA69F, 0xAEDF, 0xA67F, 0x961F, 0x95DF, 0xA65E, 0x6C93,
  0x4307, 0x3AC6, 0x6432, 0x8D9C, 0x8DDF, 0x859F, 0x859E, 0x8DDE, 0x8DBE, 0x85BE, 0x85DE, 0x85DE,
  0x85DE, 0x85BE, 0x8D9F, 0x8D9F, 0x85BE, 0x85BE, 0x85BE, 0x85BE, 0x85BE, 0x85BE, 0x85BE, 0x85BE,
  0x85BE, 0x85BE, 0x85BE, 0x85BE, 0x85BE, 0x85BE, 0x85BE, 0x85BE, 0x85BE, 0x85BE, 0x85BE, 0x85BE,
  0x85BE, 0x85BE, 0x85BE, 0x85BE, 0x85BE, 0x85BE, 0x85BE, 0x85BE, 0x85BE, 0x85BE, 0x85BE, 0x85BE,
  0x85BE, 0x85BE, 0x85BE, 0x85BE, 0x85BE, 0x85BE, 0x85BE, 0x85BE, 0x85BE, 0x85BE, 0x85BE, 0x85BE,
  0x85BE, 0x85BE, 0x85BE, 0x85BE, 0x85BE, 0x85BE, 0x85BE, 0x85BE, 0x85BE, 0x85BE, 0x85BE, 0x85BE,
  0x85BE, 0x85BE, 0x85BE, 0x85BE, 0x85BE, 0x85BE, 0x85BE, 0x85BE, 0x85BE, 0x85BE, 0x85BE, 0x85BE,
  0x85BE, 0x85BE, 0x85BE, 0x85BE, 0x85BE, 0x85BE, 0x85BE, 0x85BE, 0x85BE, 0x85BE, 0x85BE, 0x85DE,
  0x85BD, 0x8E1E, 0x9E5F, 0xA67F, 0xAE7F, 0xB69F, 0xB69F, 0xB69F, 0xBEFC, 0x4B6D, 0x5BD0, 0xCF3E,
  0xCF1F, 0xDF7F, 0xE7DF, 0xD75D, 0xD73F, 0xDF9F, 0xCEFD, 0xC6DC, 0xBEBC, 0xC6FF, 0xAE5F, 0xB6BF,
  0xB6DF, 0xA67F, 0xAEDF, 0xA67F, 0x9E3F, 0x9E1E, 0x95FB, 0x74B3, 0x3AA8, 0x536C, 0x74D6, 0x859C,
  0x85DE, 0x85BE, 0x85BD, 0x8DDD, 0x8DBD, 0x85BE, 0x85DD, 0x85DD, 0x85FD, 0x85DD, 0x8DBF, 0x8D9F,
  0x85BE, 0x85BE, 0x85BE, 0x85BE, 0x85BE, 0x85BE, 0x85BE, 0x85BE, 0x85BE, 0x85BE, 0x85BE, 0x85BE,
  0x85BE, 0x85BE, 0x85BE, 0x85BE, 0x85BE, 0x85BE, 0x85BE, 0x85BE, 0x85BE, 0x85BE, 0x85BE, 0x85BE,
  0x85BE, 0x85BE, 0x85BE, 0x85BE, 0x85BE, 0x85BE, 0x85BE, 0x85BE, 0x85BE, 0x85BE, 0x85BE, 0x85BE,
  0x85BE, 0x85BE, 0x85BE, 0x85BE, 0x85BE, 0x85BE, 0x85BE, 0x85BE, 0x85BE, 0x85BE, 0x85BE, 0x85BE,
  0x85BE, 0x85BE, 0x85BE, 0x85BE, 0x85BE, 0x85BE, 0x85BE, 0x85BE, 0x85BE, 0x85BE, 0x85BE, 0x85BE,
  0x85BE, 0x85BE, 0x85BE, 0x85BE, 0x85BE, 0x85BE, 0x85BE, 0x85BE, 0x85BE, 0x85BE, 0x85BE, 0x85BE,
  0x85DE, 0x85DE, 0x85BE, 0x85BE, 0x85BE, 0x85BE, 0x85BE, 0x85BE, 0x85DE, 0x8E1F, 0x9E5F, 0xA67F,
  0xAE9F, 0xB69F, 0xB69F, 0xB69F, 0xCF5F, 0x9DD7, 0x5BF0, 0xDFBF, 0xD77F, 0xD75E, 0xDF9D, 0xAE16,
  0xDF9F, 0xD73E, 0xD73D, 0xCF3C, 0xCF3D, 0xB69C, 0xC71F, 0xAE7F, 0xB6DF, 0xAE9F, 0xA69F, 0xA67F,
  0xAE7F, 0x95BC, 0x6C73, 0x74B2, 0x2A68, 0x74B3, 0x9E1C, 0x8DDD, 0x7DBD, 0x85FE, 0x8DDC, 0x8DDC,
  0x8DBD, 0x85BD, 0x85DD, 0x85DD, 0x85FC, 0x85DD, 0x8DBF, 0x8D9F, 0x85BE, 0x85BE, 0x85BE, 0x85BE,
  0x85BE, 0x85BE, 0x85BE, 0x85BE, 0x85BE, 0x85BE, 0x85BE, 0x85BE, 0x85BE, 0x85BE, 0x85BE, 0x85BE,
  0x85BE, 0x85BE, 0x85BE, 0x85BE, 0x85BE, 0x85BE, 0x85BE, 0x85BE, 0x85BE, 0x85BE, 0x85BE, 0x85BE,
  0x85BE, 0x85BE, 0x85BE, 0x85BE, 0x85BE, 0x85BE, 0x85BE, 0x85BE, 0x85BE, 0x85BE, 0x85BE, 0x85BE,
  0x85BE, 0x85BE, 0x85BE, 0x85BE, 0x85BE, 0x85BE, 0x85BE, 0x85BE, 0x85BE, 0x85BE, 0x85BE, 0x85BE,
  0x85BE, 0x85BE, 0x85BE, 0x85BE, 0x85BE, 0x85BE, 0x85BE, 0x85BE, 0x85BE, 0x85BE, 0x85BE, 0x85BE,
  0x85BE, 0x85BE, 0x85BE, 0x85BE, 0x85BE, 0x85BE, 0x85BE, 0x85BE, 0x85DE, 0x85DE, 0x85BE, 0x85BE,
  0x85BE, 0x85BE, 0x85BE, 0x85BE, 0x8DFE, 0x963F, 0x9E7F, 0xA69F, 0xAE9F, 0xB69F, 0xB69F, 0xB69F,
  0xB6BD, 0xBEBC, 0x6410, 0xC6FC, 0xD75E, 0xDFBF, 0xC6D9, 0x5B6B, 0xD73F, 0xD73E, 0xD77D, 0xDF9C,
  0x8D33, 0x6C31, 0xB67E, 0xB67F, 0xAE9F, 0xAEBF, 0xA69F, 0xAE9F, 0xA65F, 0x8D9A, 0x436D, 0x53CD,
  0x3B0C, 0x7D16, 0x95FC, 0x85BD, 0x85DD, 0x85FD, 0x85DC, 0x85DC, 0x85DD, 0x85BE, 0x85DD, 0x85DD,
  0x85DC, 0x85DD, 0x85BE, 0x85BF, 0x85BE, 0x85BE, 0x85BE, 0x85BE, 0x85BE, 0x85BE, 0x85BE, 0x85BE,
  0x85BE, 0x85BE, 0x85BE, 0x85BE, 0x85BE, 0x85BE, 0x85BE, 0x85BE, 0x85BE, 0x85BE, 0x85BE, 0x85BE,
  0x85BE, 0x85BE, 0x85BE, 0x85BE, 0x85BE, 0x85BE, 0x85BE, 0x85BE, 0x85BE, 0x85BE, 0x85BE, 0x85BE,
  0x85BE, 0x85BE, 0x85BE, 0x85BE, 0x85BE, 0x85BE, 0x85BE, 0x85BE, 0x85BE, 0x85BE, 0x85BE, 0x85BE,
  0x85BE, 0x85BE, 0x85BE, 0x85BE, 0x85BE, 0x85BE, 0x85BE, 0x85BE, 0x85BE, 0x85BE, 0x85BE, 0x85BE,
  0x85BE, 0x85BE, 0x85BE, 0x85BE, 0x85BE, 0x85BE, 0x85BE, 0x85BE, 0x85BE, 0x85BE, 0x85BE, 0x85BE,
  0x85BE, 0x85BE, 0x85BE, 0x85BE, 0x85DE, 0x85BE, 0x85BE, 0x85BE, 0x85BE, 0x85BE, 0x85BE, 0x85BE,
  0x8E1F, 0x963F, 0xA67F, 0xA69F, 0xAE9F, 0xB69F, 0xB69F, 0xB69F, 0xBEDF, 0xAE5B, 0x6C31, 0xCF5D,
  0xCF3D, 0xEFFF, 0xB636, 0x42E7, 0xDF5F, 0xE7BF, 0xCF1A, 0x744E, 0x536B, 0x3289, 0xAE5C, 0xB6BF,
  0xB6BF, 0xAEBF, 0xA69F, 0xA67F, 0xA63E, 0xA63B, 0x4B6B, 0x2266, 0x5C30, 0x8599, 0x8DDC, 0x859D,
  0x85DE, 0x85DE, 0x85DD, 0x85FD, 0x85DE, 0x85BE, 0x8DBE, 0x8DBD, 0x85DD, 0x85DD, 0x85DE, 0x85DE,
  0x85DE, 0x85BE, 0x85BE, 0x85BE, 0x85BE, 0x85BE, 0x85BE, 0x85BE, 0x85BE, 0x85BE, 0x85BE, 0x85BE,
  0x85BE, 0x85BE, 0x85BE, 0x85BE, 0x85BE, 0x85BE, 0x85BE, 0x85BE, 0x85BE, 0x85BE, 0x85BE, 0x85BE,
  0x85BE, 0x85BE, 0x85BE, 0x85BE, 0x85BE, 0x85BE, 0x85BE, 0x85BE, 0x85BE, 0x85BE, 0x85BE, 0x85BE,
  0x85BE, 0x85BE, 0x85BE, 0x85BE, 0x85BE, 0x85BE, 0x85BE, 0x85BE, 0x85BE, 0x85BE, 0x85BE, 0x85BE,
  0x85BE, 0x85BE, 0x85BE, 0x85BE, 0x85BE, 0x85BE, 0x85BE, 0x85BE, 0x85BE, 0x85BE, 0x85BE, 0x85BE,
  0x85BE, 0x85BE, 0x85BE, 0x85BE, 0x85BE, 0x85BE, 0x85BE, 0x85BE, 0x85BE, 0x85BE, 0x85BE, 0x85BE,
  0x85BE, 0x85BE, 0x85BE, 0x85BE, 0x85BE, 0x85BE, 0x85BE, 0x85BE, 0x8E1F, 0x963F, 0x9E7F, 0xA69F,
  0xAE9F, 0xB69F, 0xB69F, 0xB69F, 0xBEDF, 0xAE5C, 0x6C31, 0xD79D, 0xD75D, 0xDF7C, 0x744D, 0x4AE6,
  0xE7BF, 0xDF7D, 0x7C6F, 0x3A86, 0x42C7, 0x8D53, 0xC6FE, 0xBEDF, 0xB6DF, 0xAEBF, 0xAE9F, 0xA65E,
  0xAE9F, 0x9DFA, 0x4B8A, 0x32E7, 0x6CF3, 0x8E1B, 0x8DFD, 0x859D, 0x85BF, 0x85BF, 0x7DDF, 0x85FE,
  0x85DE, 0x85BE, 0x8DBE, 0x8D9E, 0x8DBE, 0x85BE, 0x7DDE, 0x7DDE, 0x85DE, 0x85BE, 0x85BE, 0x85BE,
  0x85BE, 0x85BE, 0x85BE, 0x85BE, 0x85BE, 0x85BE, 0x85BE, 0x85BE, 0x85BE, 0x85BE, 0x85BE, 0x85BE,
  0x85BE, 0x85BE, 0x85BE, 0x85BE, 0x85BE, 0x85BE, 0x85BE, 0x85BE, 0x85BE, 0x85BE, 0x85BE, 0x85BE,
  0x85BE, 0x85BE, 0x85BE, 0x85BE, 0x85BE, 0x85BE, 0x85BE, 0x85BE, 0x85BE, 0x85BE, 0x85BE, 0x85BE,
  0x85BE, 0x85BE, 0x85BE, 0x85BE, 0x85BE, 0x85BE, 0x85BE, 0x85BE, 0x85BE, 0x85BE, 0x85BE, 0x85BE,
  0x85BE, 0x85BE, 0x85BE, 0x85BE, 0x85BE, 0x85BE, 0x85BE, 0x85BE, 0x85BE, 0x85BE, 0x85BE, 0x85BE,
  0x85BE, 0x85BE, 0x85BE, 0x85BE, 0x85BE, 0x85BE, 0x85BE, 0x85BE, 0x85BE, 0x85BE, 0x85BE, 0x85BE,
  0x85BE, 0x85DE, 0x85DE, 0x85DE, 0x961F, 0x963F, 0x9E7F, 0xAE9F, 0xAEBF, 0xB69F, 0xB69F, 0xB69F,
  0xC6FF, 0xBE9E, 0x63F0, 0xCF5C, 0xE7FF, 0xCEFA, 0x5328, 0x4AE5, 0xAE16, 0x84D0, 0x42C7, 0x5348,
  0x3A86, 0xAE58, 0xC71E, 0xAE7D, 0xAE7E, 0xB6BF, 0xB6DF, 0xA67D, 0xB6DE, 0x74D4, 0x3B09, 0x648F,
  0x7576, 0x85FB, 0x859C, 0x85BE, 0x8DFF, 0x85BF, 0x7DBF, 0x7DDF, 0x85DE, 0x85BE, 0x8DBE, 0x8D9E,
  0x8DBE, 0x85BE, 0x7DDE, 0x7DFD, 0x85DE, 0x85DE, 0x85DE, 0x85BE, 0x85BE, 0x85BE, 0x85DE, 0x85BE,
  0x85BE, 0x85BE, 0x85BE, 0x85BE, 0x85BE, 0x85BE, 0x85BE, 0x85BE, 0x85BE, 0x85BE, 0x85DD, 0x85DD,
  0x85DE, 0x85BE, 0x85BE, 0x85BE, 0x85BE, 0x85BE, 0x85BE, 0x85BE, 0x85BE, 0x85BE, 0x85BE, 0x85BE,
  0x85BE, 0x85BE, 0x85BE, 0x85BE, 0x85BE, 0x85BE, 0x85BE, 0x85BE, 0x85DE, 0x85DE, 0x85BE, 0x85BE,
  0x85DE, 0x85DE, 0x85DE, 0x85DE, 0x85BE, 0x85BE, 0x85BE, 0x85BE, 0x85BE, 0x85BE, 0x85BE, 0x85BE,
  0x85BE, 0x85BE, 0x85BE, 0x85BE, 0x85BE, 0x85BE, 0x85BE, 0x85BE, 0x85BE, 0x85BE, 0x85BE, 0x85BE,
  0x85BE, 0x85BE, 0x85BE, 0x85BE, 0x85BE, 0x85BE, 0x85BE, 0x85BE, 0x85BE, 0x85DE, 0x85DE, 0x85DE,
  0x963F, 0x9E5F, 0xA69F, 0xAEBF, 0xAEBF, 0xB6BE, 0xB69E, 0xB6BE, 0xC6DF, 0xB65D, 0x6C51, 0xD77B,
  0xDF9D, 0x9532, 0x4AE6, 0x4B06, 0x5BA8, 0x3A84, 0x4B46, 0x42E6, 0x6C2E, 0xB69B, 0xBEDE, 0xB6BE,
  0xB6BF, 0xB6BE, 0xB6BE, 0xA65B, 0xB6FD, 0x53D0, 0x6CB3, 0x9E3A, 0x8DDB, 0x85BC, 0x8DDD, 0x8DDF,
  0x85BF, 0x85BF, 0x85DF, 0x85DE, 0x85BD, 0x85DE, 0x85BE, 0x85BE, 0x85DE, 0x85BE, 0x85DE, 0x85FD,
  0x85DD, 0x85DE, 0x85DE, 0x85DE, 0x85BE, 0x85DE, 0x85BD, 0x85BD, 0x85BE, 0x85BF, 0x85BF, 0x85BF,
  0x85BE, 0x85BE, 0x85BE, 0x85BE, 0x85BE, 0x85BE, 0x85DC, 0x85DC, 0x85DD, 0x85BE, 0x85BF, 0x85BF,
  0x8DBF, 0x859F, 0x8DBE, 0x85BE, 0x85BD, 0x85DE, 0x85BE, 0x85BE, 0x85DE, 0x85DE, 0x85DE, 0x85BE,
  0x85BE, 0x85DE, 0x85DF, 0x85BE, 0x85DD, 0x85DD, 0x8DDF, 0x85BE, 0x85BD, 0x85FE, 0x85DD, 0x85DD,
  0x8DDE, 0x8DBE, 0x85BE, 0x8DDE, 0x85BE, 0x85BD, 0x85BE, 0x8DDE, 0x85BE, 0x85BE, 0x85BE, 0x85BE,
  0x85BE, 0x85BE, 0x85BE, 0x85BE, 0x85DF, 0x7D9E, 0x85DF, 0x8DDF, 0x85BE, 0x8DDE, 0x8DDE, 0x85BE,
  0x8DBE, 0x8DBE, 0x8DDE, 0x859D, 0x85BE, 0x8DDE, 0x859D, 0x8DFF, 0x8DFF, 0xA69F, 0xA69F, 0xA67D,
  0xB6DF, 0xB6DF, 0xB6DD, 0xB6BD, 0xCF1F, 0xAE1C, 0x7450, 0xE7FC, 0xDF9C, 0x6BCC, 0x42A5, 0x5326,
  0x4B04, 0x5345, 0x42E4, 0x42E6, 0x8D74, 0xCF3E, 0xCF5F, 0xBEDE, 0xB67D, 0xB6BD, 0xB6BC, 0xB6BB,
  0x8D95, 0x434D, 0xA67B, 0x95FB, 0x8DFC, 0x85BB, 0x85BC, 0x8DBD, 0x8DBE, 0x8DDE, 0x8DDE, 0x85BE,
  0x85BE, 0x8DDE, 0x85BE, 0x85DE, 0x8DFF, 0x85BE, 0x85BD, 0x85BD, 0x85DE, 0x85BE, 0x85DE, 0x8DFE,
  0x8DFE, 0x85DD, 0x85DD, 0x8DFE, 0x85BE, 0x85BF, 0x85BF, 0x85BF, 0x85DE, 0x85DE, 0x85DE, 0x85DF,
  0x85BF, 0x85BE, 0x85DC, 0x85DC, 0x85DD, 0x85BE, 0x85BF, 0x85BF, 0x8DBF, 0x8D9F, 0x8DBF, 0x8DBE,
  0x85DD, 0x85DD, 0x85DE, 0x85DE, 0x85BD, 0x85DE, 0x85BE, 0x85BE, 0x85BD, 0x85BE, 0x85BF, 0x85BE,
  0x85BD, 0x85BD, 0x85DF, 0x85BE, 0x85BE, 0x85DD, 0x85DD, 0x85BD, 0x85BD, 0x859D, 0x859D, 0x85BD,
  0x8DDE, 0x8DDE, 0x85BD, 0x85BD, 0x85BE, 0x85BE, 0x85BE, 0x85BE, 0x85BE, 0x85BE, 0x85BE, 0x85BE,
  0x85DF, 0x85BE, 0x85DF, 0x85BE, 0x7D9D, 0x85BE, 0x85BE, 0x85BE, 0x85BD, 0x859D, 0x85DE, 0x85BD,
  0x85DE, 0x8DDE, 0x85BE, 0x961F, 0x961F, 0x9E7F, 0xA69E, 0xAEDE, 0xB6DF, 0xAE9D, 0x8D97, 0xC71D,
  0xC6FF, 0xBE9D, 0x5B8D, 0xB635, 0xBE97, 0x638A, 0x4AE6, 0x4AE5, 0x4B04, 0x5365, 0x4B25, 0x32A5,
  0x8D53, 0xC73C, 0xBEDD, 0xC6FE, 0xC71E, 0xB6BB, 0xC71C, 0xCF9D, 0x6CB0, 0x5C0E, 0xAE9B, 0xA67B,
  0x9E3A, 0x963B, 0x9E3C, 0x95FC, 0x8D9B, 0x857C, 0x8D9D, 0x8DBE, 0x8DBE, 0x8DBE, 0x857D, 0x85BE,
  0x8DDE, 0x859E, 0x85BE, 0x8DBF, 0x859F, 0x85DF, 0x85BE, 0x7D9D, 0x859D, 0x85DD, 0x85DC, 0x85DD,
  0x85DD, 0x85DE, 0x85BE, 0x85DE, 0x85DE, 0x85DE, 0x85DE, 0x85DF, 0x85BF, 0x85BF, 0x85DD, 0x85DD,
  0x85DD, 0x85DE, 0x85BE, 0x85BE, 0x8DBF, 0x8DBF, 0x8DBF, 0x8DBE, 0x85DC, 0x85DC, 0x85DD, 0x85DE,
  0x85DE, 0x85DE, 0x85BE, 0x85BE, 0x85DE, 0x85DE, 0x85BF, 0x85BF, 0x85DF, 0x85DF, 0x85DF, 0x85DF,
  0x85DE, 0x85DE, 0x85DF, 0x85BF, 0x85DE, 0x85FE, 0x85FE, 0x85DD, 0x7DBD, 0x7DBD, 0x85DD, 0x85DE,
  0x85DE, 0x85DE, 0x85DE, 0x85DE, 0x85DE, 0x85DE, 0x85DE, 0x85DE, 0x7DBE, 0x85DE, 0x85DE, 0x85BE,
  0x7DBD, 0x85DE, 0x85DE, 0x85DD, 0x85DE, 0x85BD, 0x85DD, 0x85DE, 0x85DE, 0x85DE, 0x85DE, 0x963F,
  0x9E3F, 0xA67F, 0xA67F, 0xAEBF, 0xB6BF, 0xAE5C, 0x53CF, 0xA618, 0xC6FE, 0xC6BD, 0x63EE, 0x8CF1,
  0x9551, 0x3A45, 0x4AE5, 0x4B05, 0x4B04, 0x42E4, 0x4B45, 0x5388, 0xA615, 0xCF5C, 0xCF3D, 0xD79E,
  0xD77D, 0xD79D, 0xD7BD, 0xCF7A, 0x5BEC, 0xB6D7, 0xCF9D, 0xC75D, 0xC77D, 0xC77E, 0xC77D, 0xB6FC,
  0x9E5B, 0x95FA, 0x95FC, 0x95FC, 0x9E1D, 0x9E1D, 0x8DBB, 0x8DBB, 0x8DDC, 0x8DBD, 0x8DBD, 0x859D,
  0x85BE, 0x8DDE, 0x85DD, 0x8DFD, 0x963D, 0x8E1D, 0x85BC, 0x85DD, 0x85DE, 0x85BE, 0x85DD, 0x85DD,
  0x85DD, 0x85DE, 0x85DE, 0x85DF, 0x85BF, 0x85BF, 0x85BE, 0x85DE, 0x85DD, 0x85DD, 0x85DD, 0x85DD,
  0x85BD, 0x8DBE, 0x8DBF, 0x8DBE, 0x85DC, 0x85DC, 0x85DD, 0x85DE, 0x85DE, 0x85DE, 0x85BE, 0x85DF,
  0x85DE, 0x85DE, 0x85BE, 0x85BF, 0x85BF, 0x85BF, 0x859F, 0x859E, 0x85BE, 0x85BE, 0x85DF, 0x85BF,
  0x7DBE, 0x85BE, 0x85BE, 0x7DBD, 0x85BD, 0x85DE, 0x85FE, 0x85FE, 0x85DE, 0x85DE, 0x85DD, 0x85DE,
  0x85DE, 0x85DE, 0x85DE, 0x85DE, 0x85DE, 0x85DE, 0x85DE, 0x85DE, 0x85FE, 0x85DE, 0x85DE, 0x85BD,
  0x85DE, 0x85DD, 0x85DE, 0x85DE, 0x7DBD, 0x85DE, 0x85FF, 0x8E3F, 0x9E5F, 0xAE9F, 0xAE9F, 0xAE9F,
  0xB69F, 0xAE7C, 0x3AE9, 0x640D, 0xBE9B, 0xD73E, 0xAE17, 0x8CF1, 0x8CF0, 0x3A64, 0x5B67, 0x4B25,
  0x4B04, 0x4B04, 0x3AC3, 0x84ED, 0xE7FC, 0xD79C, 0xDFBD, 0xD79C, 0xD79B, 0xD7BB, 0xD77A, 0x8D50,
  0x4B48, 0xB6F6, 0xD7DC, 0xC77B, 0xC77A, 0xBF59, 0xBF59, 0xBF59, 0xC759, 0xC79B, 0xC79C, 0xBF5C,
  0xC75D, 0xBF5C, 0xA679, 0x95F8, 0x95F9, 0x95FA, 0x9E1C, 0x95DC, 0x8DDC, 0x859B, 0x859B, 0x963D,
  0xA6BD, 0x963C, 0x859C, 0x8DDE, 0x85BF, 0x85BE, 0x85DD, 0x85DC, 0x85DE, 0x85DE, 0x85DE, 0x85DE,
  0x85BF, 0x85BF, 0x85BF, 0x85DE, 0x85DE, 0x85DD, 0x85DD, 0x85DD, 0x85BB, 0x85BC, 0x8DBE, 0x8DBF,
  0x85DD, 0x85DD, 0x85DE, 0x85DE, 0x85DD, 0x85BD, 0x85BF, 0x85BF, 0x85BF, 0x85BE, 0x85BD, 0x85DE,
  0x85BF, 0x85BF, 0x859E, 0x85BE, 0x8DDE, 0x85BD, 0x8DDF, 0x859E, 0x8DDF, 0x85BF, 0x85BE, 0x85DF,
  0x8DFF, 0x8DFF, 0x85BE, 0x7D9D, 0x85BD, 0x85BD, 0x85BD, 0x85BD, 0x85BD, 0x85BD, 0x85BD, 0x85BD,
  0x85BD, 0x85DD, 0x859D, 0x85BD, 0x85BD, 0x859C, 0x8DDD, 0x85BD, 0x7D5C, 0x85BD, 0x8DDE, 0x85DE,
  0x85BE, 0x8DFF, 0x963F, 0x9E5F, 0xA67D, 0xAE9E, 0xB6BF, 0xAE7F, 0xBEBF, 0xB69C, 0x4329, 0x3AC6,
  0x9D95, 0xD75D, 0xB658, 0x8D11, 0x9531, 0x3A85, 0x4B25, 0x42E3, 0x4B05, 0x4B25, 0x3AA3, 0x84ED,
  0xEFFD, 0xD79A, 0xD77A, 0xDFDB, 0xCF59, 0xD7BA, 0xB695, 0x2A44, 0x9DF1, 0xDFFA, 0xBF18, 0xCF9A,
  0xC779, 0xC758, 0xC778, 0xC777, 0xC757, 0xC778, 0xC778, 0xBF18, 0xB6F7, 0xC779, 0xC779, 0xC77A,
  0xC77B, 0xBF1C, 0xAE9B, 0x95FA, 0x963A, 0x9E5B, 0x8DFA, 0x8DD9, 0x9659, 0x9659, 0x8DBB, 0x859D,
  0x859F, 0x85BF, 0x85DC, 0x85FC, 0x85DD, 0x85DE, 0x85DE, 0x85DE, 0x85BF, 0x85BF, 0x85BE, 0x85DE,
  0x85DE, 0x85DD, 0x85DE, 0x85DC, 0x8E1A, 0x8DFA, 0x8DBE, 0x8DBF, 0x85BE, 0x85DE, 0x85DE, 0x85DD,
  0x8E1D, 0x85DD, 0x85BE, 0x85BF, 0x85BF, 0x85BD, 0x8DDB, 0x8DFC, 0x85BD, 0x8DDF, 0x859E, 0x8DDE,
  0x8DDD, 0x859C, 0x8DBD, 0x857C, 0x8DBD, 0x859D, 0x8DBD, 0x8DBC, 0x859B, 0x857B, 0x8DDC, 0x9E3D,
  0x961C, 0x961B, 0x961B, 0x961B, 0x961B, 0x961A, 0x961A, 0x961A, 0x961A, 0x9E3B, 0x961A, 0x9E3B,
  0x95FA, 0x95FB, 0xA67D, 0x95FB, 0x4BB3, 0x7D19, 0x8DBB, 0x859B, 0x859C, 0x8DDD, 0x961E, 0x9E3D,
  0xA67B, 0xAE7C, 0xB69F, 0xAE5F, 0xBEBF, 0xAE5A, 0x5389, 0x3AC4, 0x7CB0, 0xE7DE, 0xB636, 0x7C6E,
  0x84AF, 0x42C5, 0x4B04, 0x5344, 0x4B05, 0x4AE4, 0x42E4, 0x7CAB, 0xE7FB, 0xDFDB, 0xDFBA, 0xDFDA,
  0x6C4B, 0xAE33, 0xCF57, 0x4306, 0xA632, 0xDFD9, 0xDFDA, 0xCF9A, 0xBF17, 0xC738, 0xCF79, 0xCF78,
  0xC757, 0xC757, 0xC777, 0xBF36, 0xBF57, 0xC798, 0xC757, 0xC758, 0xC759, 0xBF19, 0xC73B, 0xC77C,
  0xB719, 0xC79C, 0xB6FC, 0x9618, 0x9E96, 0xA6D7, 0x961A, 0x8DBC, 0x8D9F, 0x8DBE, 0x8E1B, 0x8E1B,
  0x85DD, 0x85BE, 0x85BE, 0x85DF, 0x85BE, 0x85BE, 0x85DD, 0x85DD, 0x85DE, 0x85DE, 0x85BE, 0x85DC,
  0x9679, 0x9659, 0x8DDD, 0x8D9F, 0x85BF, 0x85BF, 0x85BF, 0x85DD, 0x965C, 0x8E1B, 0x8DDD, 0x8DBF,
  0x8DBE, 0x8DDC, 0x9619, 0x9E5A, 0x859A, 0x8DDD, 0x859C, 0x95DD, 0x8DBC, 0x859A, 0x9E1C, 0x9E3B,
  0x95FA, 0x95D9, 0x9DF9, 0x9E1A, 0x9E19, 0x9E18, 0xB6DA, 0xCFBD, 0xD7FD, 0xDFFC, 0xDFFC, 0xDFFB,
  0xDFFB, 0xDFFB, 0xDFFA, 0xDFFA, 0xDFFA, 0xDFFA, 0xDFFA, 0xDFFB, 0xDFFB, 0xDFFC, 0xD7BB, 0x95B4,
  0x32A9, 0x8534, 0xA659, 0x9E18, 0x9E39, 0xA65A, 0xAE7B, 0xAE9B, 0xBEFB, 0xBEDB, 0xBEDE, 0xB67D,
  0xBEBD, 0xAE58, 0x5387, 0x4324, 0x4B07, 0xBE97, 0xB676, 0x4AE8, 0x4B07, 0x4AE6, 0x4B25, 0x4303,
  0x4B05, 0x4B05, 0x42C3, 0x8D0D, 0xE7FB, 0xDFBA, 0xE7FA, 0x9DD1, 0x3AC4, 0xC715, 0xAE33, 0x748C,
  0xDFB8, 0xD7B8, 0xCF58, 0xD79A, 0xBEF7, 0xBF17, 0xC738, 0xCF59, 0xCF59, 0xCF99, 0xCF78, 0xBF16,
  0xBF16, 0xC777, 0xC778, 0xCF99, 0xC758, 0xB6D6, 0xB6F7, 0xC759, 0xC778, 0xCF9B, 0xC73C, 0xBF1A,
  0xBF77, 0xAED4, 0x95F6, 0x95DA, 0x8D9C, 0x95DD, 0x961A, 0x9639, 0x8DDC, 0x85BD, 0x85BE, 0x85BF,
  0x85BE, 0x85DD, 0x85DD, 0x85DD, 0x85DE, 0x85BE, 0x85BE, 0x85DB, 0xA6D8, 0x9E97, 0x8DFC, 0x8D9E,
  0x859F, 0x85BF, 0x85BE, 0x85DC, 0x9E7B, 0x961A, 0x8DBC, 0x8D9E, 0x8D9D, 0x8DBA, 0x9637, 0xA697,
  0x8DB7, 0x9E1A, 0x95DA, 0x9E3B, 0x9E3A, 0xA659, 0xC77D, 0xD7DE, 0xDFFE, 0xCF7B, 0xC73A, 0xD79B,
  0xDFDB, 0xD7BA, 0xD7BA, 0xE7FA, 0xDFF9, 0xDFF9, 0xDFF8, 0xE7F8, 0xE7F8, 0xE7F7, 0xE7F7, 0xE7F7,
  0xE7F7, 0xE7F7, 0xDFD6, 0xE7F8, 0xE7F8, 0xE7F9, 0xB694, 0x4306, 0x4B48, 0xBEB6, 0xE7FC, 0xDFDB,
  0xDFDC, 0xD7BC, 0xDFDC, 0xDFDC, 0xDFDC, 0xD7BD, 0xD77E, 0xBEBC, 0xC6FB, 0xBED8, 0x4B66, 0x4324,
  0x42C5, 0x5BAA, 0xB634, 0x42E7, 0x4B07, 0x4AE6, 0x42E4, 0x4B44, 0x4AE5, 0x5346, 0x3AA3, 0x84CC,
  0xEFFB, 0xEFFB, 0xB694, 0x4B26, 0x42E5, 0xBEB4, 0x5327, 0x84AD, 0xEFFA, 0xBEB5, 0xCF59, 0xDFBA,
  0xC716, 0xB6B5, 0xC739, 0xCF5A, 0xCF3B, 0xC73A, 0xCF7B, 0xBEF8, 0xBEF7, 0xCF9A, 0xC739, 0xCF59,
  0xCF79, 0xC737, 0xB6F5, 0xCF77, 0xCF78, 0xC759, 0xCF5B, 0xC759, 0xBF33, 0xAEF1, 0xAED5, 0xC77B,
  0xA65B, 0x95B9, 0x9637, 0x9E78, 0x8DD9, 0x8DBB, 0x95DF, 0x8DBF, 0x85BC, 0x8DFC, 0x8DDC, 0x85BC,
  0x85DE, 0x8DDF, 0x85BE, 0x85DA, 0x9E95, 0xAEF6, 0x9619, 0x8D9C, 0x8DBD, 0x8DBE, 0x85BD, 0x8DDC,
  0xA67B, 0x95F9, 0x8D9C, 0x8D9D, 0x8D9C, 0x8DB8, 0x9E35, 0xA694, 0x95F5, 0xC75B, 0xD7FD, 0xC75A,
  0xC779, 0xD7FA, 0xD7F8, 0xDFF8, 0xDFF8, 0xD7B7, 0xC755, 0xE7F8, 0xDFF8, 0xE7F8, 0xDFF8, 0xE7F8,
  0xE7F8, 0xE7F8, 0xE7F9, 0xE7D8, 0xEFF9, 0xE7B8, 0xEFF9, 0xE7D8, 0xEFF9, 0xE7D8, 0xEFF9, 0xEFF9,
  0xE7F8, 0xDF97, 0x5B87, 0x42A4, 0xA5D0, 0xE7F8, 0xE7F8, 0xE7F8, 0xDFF8, 0xE7F8, 0xE7F9, 0xDFF8,
  0xDFDA, 0xDFFB, 0xDFBC, 0xD79C, 0xE7FC, 0xCF58, 0x53A6, 0x42E3, 0x42E4, 0x5BA8, 0xA5F2, 0x5327,
  0x4B07, 0x42C5, 0x4B05, 0x4B24, 0x5305, 0x4AE4, 0x42E4, 0x84ED, 0xEFFA, 0xD778, 0x63C9, 0x42E4,
  0x42E4, 0xBE94, 0x5348, 0x7C6D, 0xE7FA, 0xC717, 0xD79A, 0xCF58, 0xC734, 0xB6D3, 0xCF78, 0xCF5A,
  0xC73B, 0xCF3B, 0xCF5A, 0xBF18, 0xC738, 0xCF59, 0xC739, 0xC759, 0xCF79, 0xC777, 0xB6F3, 0xBF34,
  0xCF77, 0xC738, 0xCF7A, 0xCF78, 0xBF33, 0xB710, 0xB712, 0xC777, 0xC73A, 0xC75C, 0xBF19, 0xAED7,
  0xAEB9, 0x9619, 0x8D7B, 0x95BD, 0x8DDB, 0x9E3C, 0x961C, 0x859C, 0x859D, 0x8DBD, 0x8DBC, 0x8DF8,
  0x9E94, 0xAEF4, 0x9E58, 0x95D9, 0x95FB, 0x8DDB, 0x8DBA, 0x85B8, 0x9E58, 0x9E17, 0x95B9, 0x95DA,
  0xBEDD, 0xD7FE, 0xCFD8, 0xAED3, 0xAE94, 0xCF99, 0xDFFA, 0xC756, 0xCF96, 0xE7F7, 0xDFF6, 0xDFF6,
  0xE7F6, 0xDFF6, 0xC732, 0xE7F6, 0xDFD6, 0xDFF6, 0xE7F7, 0xE7F7, 0xE7F7, 0xE7F7, 0xE7D8, 0xE7F8,
  0xEFF9, 0xE7B8, 0xEFF9, 0xEFFA, 0xE7D8, 0xE7D9, 0xDF97, 0xE7B8, 0xEFF9, 0xD756, 0x63A7, 0x3A82,
  0xAE10, 0xEFF8, 0xDFD6, 0xEFF8, 0xE7F7, 0xDFF6, 0xD7D5, 0xE7F7, 0xDFF8, 0xE7FA, 0xDFFA, 0xDFDA,
  0xEFFB, 0xDFB8, 0x5365, 0x4B24, 0x4B24, 0x4B05, 0x5BA8, 0x4AE5, 0x4AE6, 0x5326, 0x4B05, 0x4B25,
  0x4AC4, 0x4B05, 0x4B05, 0x7CAC, 0xF7FC, 0xD757, 0x4B26, 0x4B25, 0x4B04, 0xB632, 0x7C6C, 0xCEF7,
  0xDF99, 0xBED6, 0xCF59, 0xDFFA, 0xC753, 0xB6F1, 0xCF97, 0xCF59, 0xC739, 0xCF5A, 0xC758, 0xC736,
  0xBF16, 0xBF16, 0xC738, 0xC759, 0xC737, 0xC756, 0xB6F1, 0xBF12, 0xCF56, 0xC6F6, 0xCF58, 0xCF77,
  0xBF12, 0xBEF0, 0xBF11, 0xC733, 0xC737, 0xCF9A, 0xC758, 0xB6F6, 0xB6F5, 0xA655, 0x8D97, 0x95DA,
  0x8DB8, 0x9E5B, 0x9E1C, 0x8DBC, 0x8DBD, 0x8DDC, 0x8DDA, 0x9637, 0xAF14, 0xB734, 0xAEB7, 0x9E17,
  0xA678, 0x9617, 0x9618, 0x8DD5, 0xA694, 0xC778, 0xCF9A, 0xC759, 0xD7BA, 0xE7FA, 0xD7D6, 0xB6F1,
  0xBEF4, 0xD7D8, 0xDFF8, 0xCF75, 0xCF94, 0xE7F7, 0xE7F7, 0xE7F7, 0xDFF6, 0xDFF6, 0xC713, 0xDFF7,
  0xD7B5, 0xC734, 0xDFD6, 0xE7F7, 0xE7F7, 0xDFB6, 0xCF54, 0xDFD7, 0xE7F8, 0xE7F7, 0xE7F7, 0xDFD7,
  0xEFF8, 0xE7F7, 0xEFF8, 0xDFD7, 0xEFF8, 0x84EC, 0x4B25, 0x3AC3, 0x9DCF, 0xF7F9, 0xDFD7, 0xE7F8,
  0xE7F8, 0xE7F9, 0xDFF7, 0xE7F8, 0xDFF8, 0xE7F8, 0xDFF8, 0xE7F8, 0xE7F9, 0xD797, 0x4B24, 0x4303,
  0x4B24, 0x4B04, 0x3AA3, 0x4B05, 0x4AE5, 0x4B06, 0x4B05, 0x5345, 0x5326, 0x4AE5, 0x3A83, 0x84CD,
  0xEFFB, 0x84CD, 0x42E4, 0x5345, 0x4B25, 0x5BA8, 0x6BEB, 0xDFBA, 0xD799, 0xCF38, 0xCF79, 0xCF57,
  0xC752, 0xB6D0, 0xCF96, 0xC757, 0xC717, 0xCF78, 0xBF15, 0xBF34, 0xB6F3, 0xB6D3, 0xCF78, 0xCF78,
  0xBEF6, 0xC755, 0xB6F1, 0xBF32, 0xC735, 0xB6B4, 0xC715, 0xC734, 0xBEF2, 0xBEF1, 0xBF10, 0xBEF1,
  0xBEF4, 0xBED5, 0xC756, 0xC755, 0xB6F2, 0xB6D3, 0xB6D8, 0xA658, 0x95F6, 0xA699, 0x9E3A, 0x8DB9,
  0x95DA, 0x9E1A, 0x9E38, 0xAEB6, 0xAEF2, 0xB6F2, 0xAEB4, 0xA634, 0xB6F6, 0xAED6, 0xBF39, 0xB717,
  0xBF34, 0xD7F6, 0xD7F7, 0xD7B6, 0xDFF7, 0xD7F5, 0xC752, 0xB6D0, 0xB6D2, 0xD7B6, 0xE7F7, 0xD7B5,
  0xCF53, 0xD794, 0xDFB6, 0xE7F8, 0xCF95, 0xCF95, 0xC754, 0xE7F8, 0xD7D6, 0xBEF2, 0xC753, 0xDFF7,
  0xE7F7, 0xDFD6, 0xC754, 0xDFF7, 0xE7F7, 0xE7F8, 0xDFF7, 0xD7B6, 0xD795, 0xD7B5, 0xE7F7, 0xE7F7,
  0xE7F8, 0x5BC7, 0x3AC3, 0x3AE3, 0xA610, 0xE7F9, 0xDFD8, 0xDFD8, 0xDFF8, 0xE7F9, 0xE7F9, 0xDFF8,
  0xE7F8, 0xDFF7, 0xDFF7, 0xE7F7, 0xE7F8, 0xD776, 0x6408, 0x3AC3, 0x4B04, 0x5345, 0x4B25, 0x4B25,
  0x4B25, 0x42C4, 0x5326, 0x4B05, 0x4AC4, 0x5346, 0x4AE4, 0x84ED, 0xAE33, 0x42C5, 0x4B25, 0x3AC3,
  0x4B04, 0x42E4, 0xB654, 0xDFBA, 0xD799, 0xBED5, 0xDFFA, 0xD7F8, 0xC752, 0xB6D0, 0xC755, 0xC735,
  0xBF15, 0xCF76, 0xB6F2, 0xBF11, 0xB6F1, 0xB6D1, 0xCF76, 0xCF77, 0xBEF5, 0xC756, 0xBF13, 0xC733,
  0xC733, 0xB6B1, 0xBEF2, 0xBF12, 0xBEF1, 0xBF11, 0xBF11, 0xBEF1, 0xBEF3, 0xAE92, 0xC734, 0xCF74,
  0xAED0, 0xBF31, 0xCF96, 0xB6D4, 0xAED5, 0xB6F7, 0xA677, 0x95D6, 0x95F7, 0xA657, 0xAEB5, 0xB714,
  0xB6F1, 0xB6D1, 0xB6B2, 0xA652, 0xBF14, 0xBF13, 0xCFB7, 0xC796, 0xC793, 0xCF93, 0xBF31, 0xBF11,
  0xC772, 0xC751, 0xB6F0, 0xBF11, 0xB6D1, 0xCF73, 0xDFF5, 0xD7B4, 0xC711, 0xBEF1, 0xCF54, 0xE7F7,
  0xC754, 0xBF12, 0xC753, 0xE7F7, 0xDFF6, 0xC753, 0xBEF2, 0xDFF6, 0xDFF6, 0xDFF6, 0xC754, 0xDFF6,
  0xDFF7, 0xDFF7, 0xDFF7, 0xCF95, 0xCF95, 0xE7F8, 0xD7D6, 0xD7B6, 0x95AE, 0x4B65, 0x4304, 0x748A,
  0xD797, 0xDFF8, 0xE7F8, 0xE7F9, 0xE7F8, 0xDFF8, 0xDFF8, 0xDFF7, 0xE7F7, 0xDFF6, 0xE7F7, 0xE7F8,
  0xEFF8, 0xDFD7, 0xA5EF, 0x42E4, 0x4B04, 0x4AE4, 0x5325, 0x42E4, 0x5345, 0x4B04, 0x4B25, 0x42E4,
  0x5325, 0x42A3, 0x42A3, 0x9D8F, 0x8D2F, 0x3264, 0x4304, 0x5385, 0x4B04, 0x5366, 0xDF99, 0xDF99,
  0xD7B9, 0xBEF5, 0xCF77, 0xCFB7, 0xC752, 0xB6F0, 0xBF33, 0xBF14, 0xBEF4, 0xCF75, 0xB6F1, 0xBF10,
  0xBF10, 0xB6D0, 0xBF13, 0xC734, 0xB6D3, 0xC755, 0xBEF2, 0xB6F1, 0xBF32, 0xB6D0, 0xB6F0, 0xBEF0,
  0xBEF0, 0xBF31, 0xBF11, 0xBEF1, 0xB6F1, 0xB6D1, 0xBF12, 0xBF12, 0xB6D0, 0xB710, 0xBF31, 0xB6F1,
  0xBF13, 0xBF14, 0xB6D4, 0xA674, 0xAE94, 0xB6D4, 0xB6F3, 0xB711, 0xBF31, 0xBF11, 0xBED2, 0xB691,
  0xBEF1, 0xB6F0, 0xBF52, 0xBF11, 0xBF31, 0xC751, 0xBF10, 0xB6F0, 0xB6EF, 0xB6CE, 0xB6CF, 0xBF11,
  0xBEF0, 0xBEF0, 0xC752, 0xC732, 0xBED0, 0xB6B0, 0xBEF2, 0xD794, 0xCF73, 0xB6D0, 0xBEF1, 0xCFB4,
  0xDFF5, 0xCF73, 0xB6D1, 0xD7D5, 0xE7F7, 0xDFF6, 0xBEF2, 0xCF74, 0xDFF7, 0xE7F7, 0xE7F7, 0xCF54,
  0xC754, 0xE7F7, 0xEFF8, 0xD7D6, 0x6C69, 0x42E3, 0x3AA3, 0x850C, 0xEFFA, 0xD7B7, 0xE7F9, 0xE7F8,
  0xDFF8, 0xE7F8, 0xE7F8, 0xE7F8, 0xE7F7, 0xDFF6, 0xE7F8, 0xE7F9, 0xE7F8, 0xE7F8, 0xCF14, 0x4AE4,
  0x4B25, 0x42C4, 0x4B05, 0x4B05, 0x4B24, 0x4B24, 0x42E4, 0x4B25, 0x4B05, 0x4AE4, 0x4B05, 0x6C2A,
  0x63C9, 0x4B06, 0x4B24, 0x4303, 0x42E2, 0x5386, 0xCF37, 0xDFB9, 0xD7B8, 0xCF76, 0xC776, 0xCFD6,
  0xBF11, 0xBEF0, 0xBEF2, 0xBF13, 0xBEF3, 0xC754, 0xBEF1, 0xBEF0, 0xBEF0, 0xBEF0, 0xB6D1, 0xBEF2,
  0xB6D1, 0xBF12, 0xBEF0, 0xB6CF, 0xBF10, 0xB6EF, 0xB710, 0xB6EF, 0xB6EF, 0xBF2F, 0xB6F0, 0xB6F1,
  0xB6F0, 0xBF30, 0xBF10, 0xB6F0, 0xBF12, 0xBF12, 0xB6EF, 0xBF2F, 0xB710, 0xB6F0, 0xB710, 0xBF31,
  0xB712, 0xBF12, 0xBF30, 0xB6EF, 0xB6EF, 0xBECF, 0xBEB1, 0xBED1, 0xBEF1, 0xB6F0, 0xBF30, 0xB70F,
  0xB6EF, 0xB6F0, 0xB6F0, 0xB6F0, 0xBF30, 0xBF30, 0xBF11, 0xB6F0, 0xBF0F, 0xB6CE, 0xBEF0, 0xBEF1,
  0xB6D0, 0xBED0, 0xBEF0, 0xC711, 0xC731, 0xBEF0, 0xBED0, 0xBF11, 0xCF72, 0xC731, 0xB6D0, 0xC752,
  0xEFF6, 0xDFD5, 0xBED1, 0xCF54, 0xE7F7, 0xE7F7, 0xEFF8, 0xCF95, 0xDFD6, 0xCF54, 0xE7F7, 0xB671,
  0x5BC6, 0x4B24, 0x42E3, 0x8D2C, 0xEFF8, 0xCF55, 0xEFF8, 0xDFD7, 0xE7F7, 0xEFF8, 0xD796, 0xE7F7,
  0xE7F6, 0xDFF6, 0xE7F9, 0xE7DA, 0xE7D8, 0xE7F8, 0xC713, 0x42E3, 0x5326, 0x4B06, 0x5326, 0x5325,
  0x4B03, 0x4B03, 0x42E4, 0x5346, 0x42E4, 0x5345, 0x4B25, 0x42C4, 0x4B06, 0x42E5, 0x5345, 0x4B23,
  0x4B03, 0x5365, 0xC6F4, 0xC715, 0xC735, 0xBF34, 0xD7D6, 0xBF33, 0xB6F0, 0xB6F0, 0xB6D0, 0xBEF2,
  0xB6D1, 0xBF12, 0xBEF0, 0xBF10, 0xB6CF, 0xBF10, 0xB6F0, 0xBF11, 0xB6D0, 0xBEF0, 0xBF10, 0xBF0F,
  0xB6EF, 0xB710, 0xBF30, 0xB70F, 0xB70E, 0xBF0F, 0xB6D0, 0xBF10, 0xB6F0, 0xBF0F, 0xB6EF, 0xB6F0,
  0xBF12, 0xBEF2, 0xB6EF, 0xB70F, 0xBF30, 0xB6EE, 0xB70E, 0xBF2F, 0xAECF, 0xB6EF, 0xBF30, 0xBF0F,
  0xBF0F, 0xBF10, 0xBED0, 0xBEF1, 0xBEF0, 0xBEF0, 0xBF2F, 0xB6EF, 0xBF10, 0xB6F0, 0xBEF1, 0xBEF1,
  0xB6CF, 0xB6EF, 0xBF10, 0xBF10, 0xBF0F, 0xB6EE, 0xBF11, 0xBEF1, 0xBEF0, 0xBF10, 0xBEF0, 0xB6CF,
  0xB6AE, 0xC730, 0xBEEF, 0xB6CF, 0xBF10, 0xB6CF, 0xBEF0, 0xC732, 0xCF93, 0xCF73, 0xBEF1, 0xCF53,
  0xD7D5, 0xC733, 0xDFF6, 0xD7B5, 0xCF54, 0xC733, 0xEFF7, 0xA60F, 0x3AA2, 0x5365, 0x3AA2, 0x7CAA,
  0xE7F8, 0xC6F3, 0xDFD6, 0xE7F7, 0xE7F7, 0xE7D7, 0xB671, 0xDFD6, 0xE7F6, 0xE7F7, 0xE7F9, 0xE7F9,
  0xDFD8, 0xEFF9, 0xBED3, 0x4B04, 0x4B05, 0x4B06, 0x4B05, 0x42E4, 0x4B24, 0x4B23, 0x5345, 0x42E4,
  0x4B04, 0x4B04, 0x4B05, 0x4B05, 0x4B06, 0x4B05, 0x4B05, 0x4B24, 0x4B03, 0x5364, 0xB670, 0xBED1,
  0xC753, 0xBF11, 0xC773, 0xB6F0, 0xB6F0, 0xBEF0, 0xBEF0, 0xBEF0, 0xBEF0, 0xBEF0, 0xBEF0, 0xBEF0,
  0xBEF0, 0xBEF0, 0xBEF0, 0xBEF0, 0xBEF0, 0xBEF0, 0xBEF0, 0xBF10, 0xBF10, 0xB710, 0xB710, 0xBF10,
  0xBF0F, 0xBF0F, 0xBEF0, 0xBEF0, 0xBF10, 0xBF10, 0xBF10, 0xBEF0, 0xBEF1, 0xBEF1, 0xBEF0, 0xBF10,
  0xBF10, 0xB6F0, 0xB6EF, 0xB6EF, 0xBF10, 0xBF10, 0xBF10, 0xB6EF, 0xBF10, 0xBEF0, 0xBEF0, 0xBF11,
  0xBF11, 0xBF10, 0xBEF0, 0xBF10, 0xBF10, 0xBF11, 0xBF11, 0xBF11, 0xBF10, 0xBF10, 0xBF11, 0xBF10,
  0xBF30, 0xBF10, 0xBEF0, 0xBEF0, 0xBEF0, 0xBEF0, 0xBEF0, 0xBF10, 0xBEF0, 0xBEEF, 0xBF10, 0xBF10,
  0xBF10, 0xBEF0, 0xBEF0, 0xBEF0, 0xB6D0, 0xBF11, 0xB6B0, 0xCF93, 0xCF93, 0xB6B0, 0xC753, 0xC752,
  0xD7D4, 0xBEF1, 0xDFD5, 0xAE70, 0x42C3, 0x4B45, 0x42C3, 0x7469, 0xE7F7, 0xC713, 0xDFF6, 0xE7F7,
  0xDFD7, 0x9DAE, 0x6C08, 0xE7F7, 0xD795, 0xD795, 0xDFD7, 0xDFD7, 0xDFD7, 0xEFF9, 0xBEB3, 0x4B25,
  0x4B05, 0x4B05, 0x4B05, 0x4B05, 0x4B04, 0x4B04, 0x4B04, 0x4B04, 0x4B04, 0x4B04, 0x4B05, 0x4B05,
  0x4B05, 0x4B05, 0x4B05, 0x4B04, 0x4B23, 0x5384, 0xB6B0, 0xBF11, 0xB6F0, 0xB6F0, 0xBF10, 0xBF10,
  0xBEF0, 0xBEF0, 0xBEF0, 0xBEF0, 0xBEF0, 0xBEF0, 0xBEF0, 0xBEF0, 0xBEF0, 0xBEF0, 0xBEF0, 0xBEF0,
  0xBEF0, 0xBEF0, 0xBEF0, 0xBEF0, 0xBEF0, 0xBEF0, 0xBEF0, 0xBEF0, 0xBEF0, 0xBEF0, 0xBEF0, 0xBEF0,
  0xB6F0, 0xBF10, 0xBF10, 0xBF10, 0xB6F0, 0xB6F0, 0xB6F0, 0xBEF0, 0xB6F0, 0xBEF0, 0xBF10, 0xBF10,
  0xBF10, 0xBF10, 0xBF11, 0xBF31, 0xB6F0, 0xB6AF, 0xAE8E, 0xAE8E, 0xAE8E, 0xAE8E, 0xAE8E, 0xAE8F,
  0xAE8E, 0xAE8E, 0xAE8E, 0xAE8E, 0xAE8E, 0xAE8E, 0xAE8E, 0xAE8E, 0xA66E, 0xAEAF, 0xB6F0, 0xBF31,
  0xBF31, 0xBF10, 0xBF10, 0xBF10, 0xBF10, 0xBF10, 0xB6EF, 0xB6EF, 0xB6F0, 0xB6F0, 0xBF10, 0xBF10,
  0xB6D0, 0xBF11, 0xB6B0, 0xC732, 0xC732, 0xB6AF, 0xBF11, 0xBEF1, 0xBF32, 0xC752, 0xBEF2, 0x7CCA,
  0x42E3, 0x4B04, 0x42E3, 0x7CAA, 0xDFD6, 0xC713, 0xDFD6, 0xE7F7, 0xB671, 0x4B24, 0x63E8, 0xE7F8,
  0xC713, 0xBEF2, 0xE7F7, 0xEFF8, 0xE7F8, 0xE7F8, 0xC6F4, 0x42C4, 0x4B05, 0x4B05, 0x4B05, 0x4B05,
  0x4B05, 0x4B04, 0x4B04, 0x4B04, 0x4B04, 0x4B04, 0x4B05, 0x4B05, 0x4B05, 0x4B05, 0x4B05, 0x4B04,
  0x4303, 0x4B43, 0xB690, 0xBEF0, 0xBF11, 0xBF11, 0xBF10, 0xB6D0, 0xBEF0, 0xBEF0, 0xBEF0, 0xBEF0,
  0xBEF0, 0xBEF0, 0xBEF0, 0xBEF0, 0xBEF0, 0xBEF0, 0xBEF0, 0xBEF0, 0xBEF0, 0xBEF0, 0xBEF0, 0xBEF0,
  0xBEF0, 0xBEF0, 0xBEF0, 0xBEF0, 0xBEF0, 0xBEF0, 0xBEF0, 0xBEF0, 0xB6F0, 0xBEF0, 0xBEF0, 0xBEF0,
  0xBEF0, 0xBEF0, 0xBF10, 0xBF10, 0xBF10, 0xBF10, 0xBF10, 0xB6F0, 0xAEAF, 0xAE8E, 0xAE8E, 0xAEAF,
  0xA66E, 0x9E2D, 0x95EC, 0x95EC, 0x95EC, 0x9DEC, 0x95EC, 0x95EC, 0x95EC, 0x95EC, 0x95EC, 0x95EC,
  0x95EC, 0x95EC, 0x95EC, 0x95EC, 0x9E0C, 0x9E2D, 0xA66E, 0xAE8F, 0xAE8F, 0xAE8F, 0xB6CF, 0xBF10,
  0xBF30, 0xBF10, 0xB6EF, 0xBF10, 0xBF10, 0xBEF0, 0xBEF0, 0xBEF0, 0xB6F0, 0xBF11, 0xB6F0, 0xBF11,
  0xBF10, 0xB6F0, 0xBEF0, 0xB6D0, 0xB6F0, 0xC752, 0x9DED, 0x4323, 0x4B24, 0x4B04, 0x4B04, 0x63C7,
  0xCF34, 0xC733, 0xE7F7, 0xE7F7, 0x84EB, 0x3261, 0x6C29, 0xEFF9, 0xCF54, 0xAE70, 0xDFF7, 0xA630,
  0xC714, 0xE7F8, 0xC6F4, 0x4B05, 0x4B05, 0x4B05, 0x4B05, 0x4B05, 0x4B05, 0x4B04, 0x4B04, 0x4B04,
  0x4B04, 0x4B04, 0x4B05, 0x4B05, 0x4B05, 0x4B05, 0x4B05, 0x4B05, 0x4B24, 0x4B23, 0xBED1, 0xBED0,
  0xC732, 0xA66E, 0xBF11, 0xBF11, 0xBEF0, 0xBEF0, 0xBEF0, 0xBEF0, 0xBEF0, 0xBEF0, 0xBEF0, 0xBEF0,
  0xBEF0, 0xBEF0, 0xBEF0, 0xBEF0, 0xBEF0, 0xBEF0, 0xBEF0, 0xBEF0, 0xBEF0, 0xBEF0, 0xBEF0, 0xBEF0,
  0xBEF0, 0xBEF0, 0xBEF0, 0xBEF0, 0xBF10, 0xB6F0, 0xB6D0, 0xB6F0, 0xBF10, 0xBF31, 0xBF10, 0xB6F0,
  0xAEAF, 0xAEAF, 0xAE8F, 0xA66E, 0x9E0D, 0x95EC, 0x95EC, 0x9DEC, 0x9E0D, 0x9DEC, 0x95EC, 0x9DEC,
  0x9E0C, 0x9DEC, 0x95EC, 0x95EC, 0x9DEC, 0x9DEC, 0x9DEC, 0x9DEC, 0x9DEC, 0x9DEC, 0x9DEC, 0x9DEC,
  0x95EC, 0x9DEC, 0x9E0C, 0x9DEC, 0x95EC, 0x9DEC, 0xA64D, 0xAE8E, 0xAE8E, 0xAEAE, 0xB6CF, 0xBF10,
  0xBF30, 0xBF10, 0xB6F0, 0xB6EF, 0xBF10, 0xBEF0, 0xBF10, 0xBEF0, 0xBEF0, 0xBF10, 0xB6F0, 0xBEF0,
  0xBF11, 0xBF11, 0x9DEE, 0x4303, 0x4B24, 0x4B04, 0x4B25, 0x3AA2, 0xAE30, 0xD774, 0xCF74, 0xDFD6,
  0x6C49, 0x42C3, 0x746A, 0xE7D8, 0xC714, 0xD795, 0xC6F3, 0x2A41, 0x8D2C, 0xF7FA, 0xBEB3, 0x42E4,
  0x4B05, 0x4B05, 0x4B05, 0x4B05, 0x4B05, 0x4B04, 0x4B04, 0x4B04, 0x4B04, 0x4B04, 0x4B05, 0x4B05,
  0x4B05, 0x4B05, 0x4B05, 0x4B05, 0x4B04, 0x4B44, 0xBEB1, 0xBEF1, 0x9E0D, 0x5C05, 0x8DAC, 0xBF32,
  0xBEF0, 0xBEF0, 0xBEF0, 0xBEF0, 0xBEF0, 0xBEF0, 0xBEF0, 0xBEF0, 0xBEF0, 0xBEF0, 0xBEF0, 0xBEF0,
  0xBEF0, 0xBEF0, 0xBEF0, 0xBEF0, 0xBEF0, 0xBEF0, 0xBEF0, 0xBEF0, 0xBEF0, 0xBEF0, 0xBEF0, 0xBEF0,
  0xBF10, 0xBF10, 0xBF10, 0xBF10, 0xBEF0, 0xB6D0, 0xAEAF, 0xAE8E, 0x9E0C, 0x9E0C, 0x9E0C, 0x95EC,
  0x95EC, 0x95EC, 0x95EC, 0x9DEC, 0x95EC, 0x95EC, 0x9E0C, 0x9E0D, 0x9E0D, 0x9E0C, 0x9E0C, 0x9E0C,
  0x9E0C, 0x9E0C, 0x9E0C, 0x9E0C, 0x9E0C, 0x9E0C, 0x9E0C, 0x9E0C, 0x95EC, 0x95EC, 0x9DEC, 0x9E0C,
  0x95EC, 0x95EC, 0x95EC, 0x9E0C, 0x95EC, 0x9E0C, 0x9E2D, 0xAE8E, 0xB6CF, 0xB6F0, 0xBF10, 0xBF10,
  0xBF10, 0xB6CF, 0xB6F0, 0xB6F0, 0xBEF0, 0xBF10, 0xB6CF, 0xBF10, 0xBF10, 0xBF11, 0xAE6F, 0x4B64,
  0x4B24, 0x4B04, 0x5345, 0x3AC3, 0x958D, 0xC713, 0xB6B1, 0xCF74, 0x748A, 0x3AA3, 0x63C8, 0xD776,
  0xCF34, 0xA630, 0xA5EF, 0x5365, 0x4304, 0xBEB3, 0xAE31, 0x4B25, 0x4B05, 0x4B05, 0x4B05, 0x4B05,
  0x4B05, 0x4B05, 0x4B04, 0x4B04, 0x4B04, 0x4B04, 0x4B05, 0x4B05, 0x4B05, 0x4B05, 0x4B05, 0x4B05,
  0x4304, 0x4B44, 0xB691, 0xCF53, 0x7CE9, 0x32A0, 0x6426, 0xBF11, 0xBEF0, 0xBEF0, 0xBEF0, 0xBEF0,
  0xBEF0, 0xBEF0, 0xBEF0, 0xBEF0, 0xBEF0, 0xBEF0, 0xBEF0, 0xBEF0, 0xBEF0, 0xBEF0, 0xBEF0, 0xBEF0,
  0xBEF0, 0xBEF0, 0xBEF0, 0xBEF0, 0xBEF0, 0xBEF0, 0xBEF0, 0xBEF0, 0xB6F0, 0xBF10, 0xBF31, 0xBEF0,
  0xAE8F, 0xA62D, 0x9E0C, 0x9E0C, 0x95EC, 0x95EC, 0x95EC, 0x95EC, 0x95EC, 0x9E0C, 0x9E0C, 0x9E0C,
  0x95EC, 0x95EC, 0x95EC, 0x9DEC, 0x95EC, 0x95CC, 0x95EC, 0x9E0C, 0x95EC, 0x95EC, 0x95EC, 0x95EC,
  0x95EC, 0x95EC, 0x95EC, 0x95EC, 0x9E0C, 0x9DEC, 0x9E0C, 0x9E0C, 0x9E0C, 0x9E0C, 0x95EC, 0x95EC,
  0x95EC, 0x95CB, 0x95CB, 0x9E0C, 0xA62D, 0xAE8E, 0xB6CF, 0xBF10, 0xBF10, 0xB6CF, 0xBEF0, 0xBF10,
  0xBEF0, 0xB6F0, 0xB6CF, 0xBF10, 0xB6F0, 0xBF11, 0x8D6B, 0x4303, 0x4B04, 0x4B04, 0x4B04, 0x4B45,
  0x42E3, 0x958D, 0xD795, 0x850B, 0x42E3, 0x4B45, 0x42E4, 0x84EC, 0xDFD7, 0x63E7, 0x3AC3, 0x4324,
  0x4304, 0xBEB3, 0x5BA7, 0x3AC3, 0x4B05, 0x4B05, 0x4B05, 0x4B05, 0x4B05, 0x4B05, 0x4B04, 0x4B04,
  0x4B04, 0x4B04, 0x4B05, 0x4B05, 0x4B05, 0x4B05, 0x4B05, 0x4B05, 0x4B25, 0x4B45, 0xBEB2, 0xBED2,
  0x6C47, 0x4302, 0x5BE6, 0xBF11, 0xBEF0, 0xBEF0, 0xBEF0, 0xBEF0, 0xBEF0, 0xBEF0, 0xBEF0, 0xBEF0,
  0xBEF0, 0xBEF0, 0xBEF0, 0xBEF0, 0xBEF0, 0xBEF0, 0xBEF0, 0xBEF0, 0xBEF0, 0xBEF0, 0xBEF0, 0xBEF0,
  0xBEF0, 0xBEF0, 0xBEF0, 0xBEF0, 0xB6F0, 0xB6F0, 0xB6CF, 0xAE8E, 0x9E2D, 0x95EC, 0x95CC, 0x95EC,
  0x9E0C, 0x9E0C, 0x9E0C, 0x9E0C, 0x9DEC, 0x9DEC, 0x95EC, 0x95EC, 0x9E0D, 0x9E0C, 0x9E0C, 0x9E0C,
  0x9E0C, 0x9DEC, 0x9E0C, 0x9E0D, 0x9E0C, 0x9E0C, 0x9E0C, 0x9E0C, 0x9E0C, 0x9E0C, 0x9E0C, 0x9E0C,
  0x9E0C, 0x9DEC, 0x95EC, 0x95EC, 0x9DEC, 0x9DEC, 0x9E0C, 0x9E0C, 0x9E0D, 0x9E0C, 0x95EC, 0x95EB,
  0x95EC, 0x9E0C, 0xA66D, 0xAEAE, 0xB6CF, 0xBF10, 0xBF10, 0xBF10, 0xBF10, 0xBF10, 0xBF10, 0xB6F0,
  0xBEF0, 0xB6D0, 0x5BC5, 0x3AA2, 0x4B24, 0x4B25, 0x42E4, 0x4B25, 0x4303, 0x53A6, 0xD7B5, 0x8D4C,
  0x4304, 0x5386, 0x3262, 0x6C29, 0xBE92, 0x5386, 0x4304, 0x4304, 0x4B04, 0xB672, 0x5B87, 0x4304,
  0x4B05, 0x4B05, 0x4B05, 0x4B05, 0x4B05, 0x4B05, 0x4B04, 0x4B04, 0x4B04, 0x4B05, 0x4B05, 0x4B05,
  0x4B05, 0x4B05, 0x4B05, 0x4B05, 0x42E4, 0x4B04, 0xBEB2, 0x8D4C, 0x4303, 0x4323, 0x6427, 0xBEF1,
  0xBEF0, 0xBEF0, 0xBEF0, 0xBEF0, 0xBEF0, 0xBEF0, 0xBEF0, 0xBEF0, 0xBEF0, 0xBEF0, 0xBEF0, 0xBEF0,
  0xBEF0, 0xBEF0, 0xBEF0, 0xBEF0, 0xBEF0, 0xBEF0, 0xBEF0, 0xBEF0, 0xBEF0, 0xBEF0, 0xBEF0, 0xBEF0,
  0xBF31, 0xB6AF, 0xA62D, 0x95EC, 0x95EC, 0x9DEC, 0x9E0C, 0x9E0C, 0x95EC, 0x95EC, 0x95EC, 0x9DEC,
  0x95EC, 0x95EC, 0x95EC, 0x9DEC, 0x9DEC, 0x95EC, 0x95EC, 0x95EC, 0x9DEC, 0x95EC, 0x95EC, 0x95EC,
  0x9DEC, 0x9DEC, 0x9DEC, 0x9DEC, 0x9DEC, 0x9DEC, 0x9DEC, 0x9DEC, 0x9DEC, 0x95EC, 0x95EC, 0x9DEC,
  0x9DEC, 0x95EC, 0x95EC, 0x9DEC, 0x95EC, 0x95EC, 0x9E0C, 0x9E0C, 0x95EC, 0x95CB, 0x95EC, 0x9E0C,
  0xAE8E, 0xBF10, 0xBF10, 0xB6F0, 0xB6EF, 0xBF10, 0xBF30, 0xB6CF, 0xBF11, 0xB6B0, 0x4323, 0x4B44,
  0x4B25, 0x4B05, 0x4B04, 0x4B05, 0x4B04, 0x4B44, 0xAE71, 0x956D, 0x3AC2, 0x4B04, 0x4B25, 0x4B05,
  0x4B25, 0x4B45, 0x4B24, 0x4B25, 0x4B25, 0x42E4, 0x4B05, 0x4B05, 0x4B05, 0x4B05, 0x4B05, 0x4B05,
  0x4B05, 0x4B05, 0x4B05, 0x4B04, 0x4B05, 0x4B05, 0x4B05, 0x4B05, 0x4B05, 0x4B05, 0x4B05, 0x4B05,
  0x4B25, 0x5345, 0xA5F0, 0x4B44, 0x4323, 0x42E2, 0x6406, 0xBEF1, 0xBEF0, 0xBEF0, 0xBEF0, 0xBEF0,
  0xBEF0, 0xBEF0, 0xBEF0, 0xBF10, 0xBEF0, 0xBEF0, 0xBEF0, 0xBEF0, 0xBEF0, 0xBEF0, 0xBEF0, 0xBEF0,
  0xB6F0, 0xB6F0, 0xBF10, 0xBF10, 0xB6EF, 0xBEF0, 0xBF10, 0xBEF0, 0xB6F0, 0xA64D, 0x95EC, 0x9DEC,
  0x9E0C, 0x95EC, 0x95EC, 0x9E0C, 0x9DEC, 0x9DEC, 0x9DEC, 0x9DEC, 0x9DEC, 0x9DEC, 0x9DEC, 0x9DEC,
  0x9DEC, 0x9DEC, 0x9DEC, 0x9DEC, 0x9DEC, 0x9DEC, 0x9DEC, 0x9DEC, 0x9DEC, 0x9DEC, 0x9DEC, 0x9DEC,
  0x9DEC, 0x9DEC, 0x9DEC, 0x9DEC, 0x9DEC, 0x9DEC, 0x9DEC, 0x9DEC, 0x9DEC, 0x9DEC, 0x9DEC, 0x9DEC,
  0x9DEC, 0x9DEC, 0x9DEC, 0x9DEC, 0x9DEC, 0x9DEC, 0x9DEC, 0x9DEC, 0x9E0C, 0x9E0C, 0xBF30, 0xBF10,
  0xBEF0, 0xB6F0, 0xBF10, 0xB6F0, 0xBF11, 0xB6B0, 0x5384, 0x4303, 0x4B24, 0x4B05, 0x4B05, 0x4B05,
  0x4B24, 0x4B24, 0x4B24, 0x4B24, 0x4B24, 0x4B25, 0x4B05, 0x4B25, 0x4B24, 0x4B24, 0x4B24, 0x4B24,
  0x4B25, 0x4B05, 0x4B05, 0x4B05, 0x4B05, 0x4B05, 0x4B05, 0x4B05, 0x4B05, 0x4B05, 0x4B05, 0x4B05,
  0x4B05, 0x4B05, 0x4B05, 0x4B05, 0x4B05, 0x4B05, 0x4B05, 0x4B05, 0x4AE4, 0xA5CF, 0x9DCF, 0x4304,
  0x4B24, 0x4323, 0x6427, 0xBEF1, 0xBEF0, 0xBEF0, 0xBEF0, 0xBEF0, 0xBEF0, 0xBEF0, 0xBEF0, 0xBF10,
  0xBEF0, 0xBEF0, 0xBEF0, 0xBEF0, 0xBEF0, 0xBEF0, 0xBEF0, 0xBEF0, 0xBEF0, 0xB6F0, 0xBF10, 0xBF10,
  0xB6F0, 0xBEF0, 0xBF10, 0xB6F0, 0xAE6E, 0x9E0D, 0x95CC, 0x95EC, 0x9E0C, 0x9DEC, 0x95EC, 0x9E0C,
  0x9DEC, 0x9DEC, 0x9DEC, 0x9DEC, 0x9DEC, 0x9DEC, 0x9DEC, 0x9DEC, 0x9DEC, 0x9DEC, 0x9DEC, 0x9DEC,
  0x9DEC, 0x9DEC, 0x9DEC, 0x9DEC, 0x9DEC, 0x9DEC, 0x9DEC, 0x9DEC, 0x9DEC, 0x9DEC, 0x9DEC, 0x9DEC,
  0x9DEC, 0x9DEC, 0x9DEC, 0x9DEC, 0x9DEC, 0x9DEC, 0x9DEC, 0x9DEC, 0x9DEC, 0x9DEC, 0x9DEC, 0x9DEC,
  0x9DEC, 0x9DEC, 0x9DEC, 0x9DEC, 0x9E0C, 0x95EC, 0xAEAF, 0xAEAF, 0xC731, 0xB6F0, 0xBF10, 0xBF10,
  0xBF11, 0xB6B0, 0x5384, 0x4303, 0x4B24, 0x4B05, 0x4B05, 0x4B05, 0x4B04, 0x4B24, 0x4B24, 0x4B24,
  0x4B24, 0x4B05, 0x4B05, 0x4B05, 0x4B05, 0x4B24, 0x4B04, 0x4B05, 0x4B05, 0x4B05, 0x4B05, 0x4B05,
  0x4B05, 0x4B05, 0x4B05, 0x4B05, 0x4B05, 0x4B05, 0x4B05, 0x4B05, 0x4B05, 0x4B05, 0x4B05, 0x4B05,
  0x4B05, 0x4B05, 0x4B05, 0x4B05, 0x42E4, 0xA5F0, 0x6C49, 0x42E3, 0x4B44, 0x4303, 0x5BE6, 0xBF11,
  0xBEF0, 0xBEF0, 0xBEF0, 0xBEF0, 0xBEF0, 0xBEF0, 0xBEF0, 0xBF10, 0xBEF0, 0xBEF0, 0xBEF0, 0xBEF0,
  0xBEF0, 0xBEF0, 0xBEF0, 0xBEF0, 0xBF10, 0xB6F0, 0xBEF0, 0xBF10, 0xB6F0, 0xBEF0, 0xBEF0, 0xB6CF,
  0x9E0C, 0x95EC, 0x95EC, 0x95EC, 0x9E0C, 0x9E0C, 0x9DEC, 0x9DEC, 0x9DEC, 0x9DEC, 0x9DEC, 0x9DEC,
  0x9DEC, 0x9DEC, 0x9DEC, 0x9DEC, 0x9DEC, 0x9DEC, 0x9DEC, 0x9DEC, 0x9DEC, 0x9DEC, 0x9DEC, 0x9DEC,
  0x9DEC, 0x9DEC, 0x9DEC, 0x9DEC, 0x9DEC, 0x9DEC, 0x9DEC, 0x9DEC, 0x9DEC, 0x9DEC, 0x9DEC, 0x9DEC,
  0x9DEC, 0x9DEC, 0x9DEC, 0x9DEC, 0x9DEC, 0x9DEC, 0x9DEC, 0x9DEC, 0x9DEC, 0x9DEC, 0x9DEC, 0x9DEC,
  0x95CB, 0x9E0C, 0xAEAF, 0xBEF0, 0xBF10, 0xB6F0, 0xBF10, 0xB6CF, 0xBF11, 0xB6B0, 0x5384, 0x4303,
  0x4B25, 0x4B05, 0x4B05, 0x4B05, 0x4B05, 0x4B24, 0x4B24, 0x4B24, 0x4B24, 0x4B05, 0x4B05, 0x4B05,
  0x4B05, 0x4B05, 0x4B05, 0x4B05, 0x4B05, 0x4B05, 0x4B05, 0x4B05, 0x4B05, 0x4B05, 0x4B05, 0x4B05,
  0x4B05, 0x4B05, 0x4B05, 0x4B05, 0x4B05, 0x4B05, 0x4B05, 0x4B05, 0x4B04, 0x4B04, 0x4B05, 0x4B05,
  0x4B25, 0x5BA7, 0x42E4, 0x4B04, 0x4B44, 0x4303, 0x6C47, 0xC711, 0xBEF0, 0xBEF0, 0xBEF0, 0xBEF0,
  0xBEF0, 0xBEF0, 0xBEF0, 0xBF10, 0xBEF0, 0xBEF0, 0xBEF0, 0xBEF0, 0xBEF0, 0xBEF0, 0xBEF0, 0xBEF0,
  0xBF10, 0xB6F0, 0xB6F0, 0xBEF0, 0xB6F0, 0xBF10, 0xB6F0, 0xAEAF, 0x95EC, 0x9E0C, 0x9E0C, 0x9DEC,
  0x9DEC, 0x9E0C, 0x9E0C, 0x95EC, 0x9DEC, 0x9DEC, 0x9DEC, 0x9DEC, 0x9DEC, 0x9DEC, 0x9DEC, 0x9DEC,
  0x9DEC, 0x9DEC, 0x9DEC, 0x9DEC, 0x9DEC, 0x9DEC, 0x9DEC, 0x9DEC, 0x9DEC, 0x9DEC, 0x9DEC, 0x9DEC,
  0x9DEC, 0x9DEC, 0x9DEC, 0x9DEC, 0x9DEC, 0x9DEC, 0x9DEC, 0x9DEC, 0x9DEC, 0x9DEC, 0x9DEC, 0x9DEC,
  0x9DEC, 0x9DEC, 0x9DEC, 0x9DEC, 0x9DEC, 0x9DEC, 0x9DEC, 0x9DEC, 0x9E0C, 0x95CB, 0x95EC, 0xBF11,
  0xAEAF, 0xB6F0, 0xC731, 0xB6D0, 0xBF11, 0xB6B0, 0x5384, 0x4303, 0x4B05, 0x4B05, 0x4B05, 0x4B05,
  0x4B05, 0x4B24, 0x4B24, 0x4B24, 0x4B24, 0x4B05, 0x4B05, 0x4B05, 0x4B05, 0x4B05, 0x4B05, 0x4B05,
  0x4B05, 0x4B05, 0x4B05, 0x4B05, 0x4B05, 0x4B05, 0x4B05, 0x4B05, 0x4B05, 0x4B05, 0x4B05, 0x4B05,
  0x4B05, 0x4B05, 0x4B05, 0x4B05, 0x4B04, 0x4B04, 0x4B04, 0x4B05, 0x5346, 0x42A3, 0x4B25, 0x4B04,
  0x4B24, 0x5364, 0x9DCD, 0xBEF1, 0xBEF0, 0xBEF0, 0xBEF0, 0xBEF0, 0xBEF0, 0xBEF0, 0xBEF0, 0xBF10,
  0xBEF0, 0xBEF0, 0xBEF0, 0xBEF0, 0xBEF0, 0xBEF0, 0xBEF0, 0xBEF0, 0xBF10, 0xB6F0, 0xB6F0, 0xBEF0,
  0xBEF0, 0xBF10, 0xB6F0, 0xAE8E, 0x95EC, 0x9E0C, 0x9E0C, 0x9DEC, 0x95EC, 0x9E0C, 0x9E0C, 0x9DEC,
  0x9DEC, 0x9DEC, 0x9DEC, 0x9DEC, 0x9DEC, 0x9DEC, 0x9DEC, 0x9DEC, 0x9DEC, 0x9DEC, 0x9DEC, 0x9DEC,
  0x9DEC, 0x9DEC, 0x9DEC, 0x9DEC, 0x9DEC, 0x9DEC, 0x9DEC, 0x9DEC, 0x9DEC, 0x9DEC, 0x9DEC, 0x9DEC,
  0x9DEC, 0x9DEC, 0x9DEC, 0x9DEC, 0x9DEC, 0x9DEC, 0x9DEC, 0x9DEC, 0x9DEC, 0x9DEC, 0x9DEC, 0x9DEC,
  0x9DEC, 0x9DEC, 0x9DEC, 0x9DEC, 0x9E0D, 0x9E0C, 0x9E0D, 0xC732, 0xC732, 0xB6AF, 0xB6D0, 0xBF11,
  0xBF11, 0xB6B0, 0x5364, 0x4303, 0x4B05, 0x4B05, 0x4B05, 0x4B05, 0x4B05, 0x4B24, 0x4B24, 0x4B24,
  0x4B24, 0x4B05, 0x4B05, 0x4B05, 0x4B05, 0x4B05, 0x4B05, 0x4B05, 0x4B05, 0x4B05, 0x4B05, 0x4B05,
  0x4B05, 0x4B05, 0x4B05, 0x4B05, 0x4B05, 0x4B05, 0x4B05, 0x4B05, 0x4B05, 0x4B05, 0x4B05, 0x4B05,
  0x4B04, 0x4B04, 0x4B04, 0x4B04, 0x4B05, 0x4B05, 0x5366, 0x42E4, 0x4B24, 0x5364, 0xBED1, 0xBF11,
  0xBEF0, 0xBEF0, 0xBEF0, 0xBEF0, 0xBEF0, 0xBEF0, 0xBEF0, 0xBF10, 0xBEF0, 0xBEF0, 0xBEF0, 0xBEF0,
  0xBEF0, 0xBEF0, 0xBEF0, 0xBEF0, 0xBF10, 0xB6F0, 0xB6F0, 0xBEF0, 0xBEF0, 0xBF10, 0xB6F0, 0xAEAF,
  0x95EC, 0x9DEC, 0x9DEC, 0x95EC, 0x95EC, 0x9DEC, 0x9E0C, 0x9E0C, 0x9DEC, 0x9DEC, 0x9DEC, 0x9DEC,
  0x9DEC, 0x9DEC, 0x9DEC, 0x9DEC, 0x9DEC, 0x9DEC, 0x9DEC, 0x9DEC, 0x9DEC, 0x9DEC, 0x9DEC, 0x9DEC,
  0x9DEC, 0x9DEC, 0x9DEC, 0x9DEC, 0x9DEC, 0x9DEC, 0x9DEC, 0x9DEC, 0x9DEC, 0x9DEC, 0x9DEC, 0x9DEC,
  0x9DEC, 0x9DEC, 0x9DEC, 0x9DEC, 0x9DEC, 0x9DEC, 0x9DEC, 0x9DEC, 0x9DEC, 0x9DEC, 0x9DEC, 0x9DEC,
  0x95EC, 0x9E2D, 0x8DAB, 0x8D6B, 0xC752, 0xBF32, 0xB6F1, 0xB6F0, 0xBF11, 0xB6B0, 0x5364, 0x4303,
  0x4B05, 0x4B05, 0x4B05, 0x4B05, 0x4B05, 0x4B25, 0x4B24, 0x4B24, 0x4B24, 0x4B05, 0x4B05, 0x4B05,
  0x4B05, 0x4B05, 0x4B05, 0x4B05, 0x4B05, 0x4B05, 0x4B05, 0x4B05, 0x4B05, 0x4B05, 0x4B05, 0x4B05,
  0x4B05, 0x4B05, 0x4B05, 0x4B05, 0x4B05, 0x4B05, 0x4B05, 0x4B04, 0x4B04, 0x4B04, 0x4B04, 0x4B04,
  0x4AE4, 0x4B25, 0x4B05, 0x4B04, 0x4B24, 0x4B44, 0xBEB0, 0xC711, 0xBEF0, 0xBEF0, 0xBEF0, 0xBEF0,
  0xBEF0, 0xBEF0, 0xBEF0, 0xBF10, 0xBEF0, 0xBEF0, 0xBEF0, 0xBEF0, 0xBEF0, 0xBEF0, 0xBEF0, 0xBEF0,
  0xBEF0, 0xB6F0, 0xBEF0, 0xBF10, 0xB6F0, 0xBF10, 0xBEF0, 0xB6AF, 0x9DEC, 0x95EC, 0x95EC, 0x9DEC,
  0x9DEC, 0x9DEC, 0x9DEC, 0x9E0C, 0x9DEC, 0x9DEC, 0x9DEC, 0x9DEC, 0x9DEC, 0x9DEC, 0x9DEC, 0x9DEC,
  0x9DEC, 0x9DEC, 0x9DEC, 0x9DEC, 0x9DEC, 0x9DEC, 0x9DEC, 0x9DEC, 0x9DEC, 0x9DEC, 0x9DEC, 0x9DEC,
  0x9DEC, 0x9DEC, 0x9DEC, 0x9DEC, 0x9DEC, 0x9DEC, 0x9DEC, 0x9DEC, 0x9DEC, 0x9DEC, 0x9DEC, 0x9DEC,
  0x9DEC, 0x9DEC, 0x9DEC, 0x9DEC, 0x9DEC, 0x9DEC, 0x9DEC, 0x9DEC, 0x9E0D, 0x8DAB, 0x5C25, 0x4322,
  0x7D09, 0xB6D0, 0xBEF1, 0xB6F1, 0xBF11, 0xB6B0, 0x5364, 0x4303, 0x4B05, 0x4B05, 0x4B05, 0x4B05,
  0x4B05, 0x4B05, 0x4B24, 0x4B24, 0x4B24, 0x4B05, 0x4B05, 0x4B05, 0x4B05, 0x4B05, 0x4B05, 0x4B05,
  0x4B05, 0x4B05, 0x4B05, 0x4B05, 0x4B05, 0x4B05, 0x4B05, 0x4B05, 0x4B05, 0x4B05, 0x4B05, 0x4B05,
  0x4B05, 0x4B05, 0x4B05, 0x4B04, 0x4B04, 0x4B04, 0x4B04, 0x4B05, 0x5325, 0x4AE4, 0x42E4, 0x5345,
  0x4303, 0x5BA5, 0xB66F, 0xBED0, 0xBEF0, 0xBF10, 0xBF10, 0xBF10, 0xBF10, 0xBEF0, 0xBEF0, 0xBF10,
  0xBEF0, 0xBEF0, 0xBEF0, 0xBEF0, 0xBEF0, 0xBEF0, 0xBEF0, 0xBEF0, 0xBEF0, 0xB6F0, 0xBEF0, 0xBF10,
  0xB6F0, 0xBF10, 0xBEF0, 0xB6CF, 0x9E0C, 0x9E0C, 0x9DEC, 0x9E0C, 0x9E0C, 0x95EC, 0x95EC, 0x95EC,
  0x9DEC, 0x9DEC, 0x9DEC, 0x9DEC, 0x9DEC, 0x9DEC, 0x9DEC, 0x9DEC, 0x9DEC, 0x9DEC, 0x9DEC, 0x9DEC,
  0x9DEC, 0x9DEC, 0x9DEC, 0x9DEC, 0x9DEC, 0x9DEC, 0x9DEC, 0x9DEC, 0x9DEC, 0x9DEC, 0x9DEC, 0x9DEC,
  0x9DEC, 0x9DEC, 0x9DEC, 0x9DEC, 0x9DEC, 0x9DEC, 0x9DEC, 0x9DEC, 0x9DEC, 0x9DEC, 0x9DEC, 0x9DEC,
  0x9DEC, 0x9DEC, 0x9DEC, 0x9DEC, 0x9E0D, 0x95CC, 0x8529, 0x6C87, 0x3AE1, 0x6C67, 0x95AD, 0xC733,
  0xBEF2, 0xB690, 0x5365, 0x4304, 0x4B05, 0x4B05, 0x4B05, 0x4B05, 0x4B05, 0x4B05, 0x4B04, 0x4B04,
  0x4B04, 0x4B05, 0x4B05, 0x4B05, 0x4B05, 0x4B05, 0x4B05, 0x4B05, 0x4B05, 0x4B05, 0x4B05, 0x4B05,
  0x4B05, 0x4B05, 0x4B05, 0x4B05, 0x4B05, 0x4B05, 0x4B05, 0x4B05, 0x4B05, 0x4B05, 0x4B04, 0x4B05,
  0x4B05, 0x4B05, 0x4B05, 0x4B05, 0x4B05, 0x4AE4, 0x4B25, 0x4B04, 0x4B04, 0x5344, 0xC6F2, 0xC712,
  0xB6CF, 0xC771, 0xBF0F, 0xB6CE, 0xBF30, 0xB6CF, 0xBF10, 0xBF10, 0xB6CF, 0xC731, 0xAEAF, 0xBF31,
  0xBEF0, 0xB6EF, 0xBF30, 0xBF10, 0xBEF0, 0xBEF0, 0xBEF0, 0xBEF0, 0xBEF0, 0xBEF0, 0xBEF0, 0xBEF0,
  0xAEAE, 0x9E2D, 0x95CB, 0x95EC, 0x9E0C, 0x9DEC, 0x95EC, 0x9E0C, 0x95EC, 0x9DEC, 0x9E0C, 0x9E0C,
  0x9DEC, 0x9DEC, 0x9DEC, 0x9DEC, 0x95EC, 0x95EC, 0x95EC, 0x9DEC, 0x9DEC, 0x95EC, 0x95EC, 0x9DEC,
  0x9DEC, 0x9DEC, 0x9DEC, 0x95EC, 0x95EC, 0x95EC, 0x95EC, 0x9DEC, 0x9E0C, 0x9E0C, 0x95EC, 0x95EC,
  0x95EC, 0x95EC, 0x9DEC, 0x9E0C, 0x9E0D, 0x95CC, 0x95EB, 0x9E0C, 0x9E0C, 0x95EC, 0x9E0C, 0x95CC,
  0x9DEC, 0xAE6E, 0xCF92, 0x8549, 0x4302, 0x4303, 0x4B45, 0x84EC, 0xA610, 0xCF14, 0x5365, 0x4B04,
  0x4B25, 0x42E4, 0x4B05, 0x4B25, 0x4B05, 0x4B05, 0x4B05, 0x4B05, 0x4B05, 0x4B05, 0x4B05, 0x4B05,
  0x4B05, 0x4B05, 0x4B05, 0x4B05, 0x4B05, 0x4B05, 0x4B05, 0x4B05, 0x4B05, 0x4B05, 0x4B05, 0x4B05,
  0x4B05, 0x4B05, 0x4B05, 0x4B05, 0x4B04, 0x4B04, 0x4B04, 0x4B05, 0x4B05, 0x4B05, 0x4B05, 0x4B05,
  0x42E4, 0x4B05, 0x4B05, 0x4B25, 0x4B24, 0x5344, 0x8D0B, 0xA60E, 0xC751, 0xAEAE, 0xBF30, 0xBF10,
  0xBF30, 0xAEAE, 0xBEF0, 0xB6AF, 0xBEF0, 0xBEF0, 0xBF10, 0xB6CF, 0xBEF0, 0xBF10, 0xB6EF, 0xB6CF,
  0xBEF0, 0xBEF0, 0xBEF0, 0xBEF0, 0xBEF0, 0xBEF0, 0xBEF0, 0xBEF0, 0xBF10, 0xAE6E, 0x95EC, 0x95CB,
  0x9DEC, 0x9E0C, 0x9E0C, 0x9DEC, 0x9DEC, 0x9E0C, 0x9E0C, 0x9DEC, 0x95EC, 0x95EC, 0x95EC, 0x95EC,
  0x9E0C, 0x9E0C, 0x9DEC, 0x9DEC, 0x9DEC, 0x9DEC, 0x9DEC, 0x9DEC, 0x9DEC, 0x9DEC, 0x9DEC, 0x9DEC,
  0x9DEC, 0x9E0C, 0x9E0C, 0x9E0C, 0x95CB, 0x95CC, 0x95EC, 0x9DEC, 0x9E0C, 0x9E0C, 0x9E0C, 0x9E0C,
  0x95CC, 0x95EC, 0x9E0C, 0x9E0C, 0x9E0B, 0x9DEC, 0x9E0C, 0x9DEC, 0x9E0C, 0xB6AF, 0xC730, 0xA60C,
  0x5BC5, 0x4B44, 0x4B46, 0x3A84, 0x746A, 0x8D0C, 0x4B04, 0x4B04, 0x4B04, 0x4B25, 0x4B04, 0x4B05,
  0x4B05, 0x4B05, 0x4B05, 0x4B05, 0x4B05, 0x4B05, 0x4B05, 0x4B05, 0x4B05, 0x4B05, 0x4B05, 0x4B05,
  0x4B05, 0x4B05, 0x4B05, 0x4B05, 0x4B05, 0x4B05, 0x4B05, 0x4B05, 0x4B05, 0x4B05, 0x4B05, 0x4B05,
  0x4B04, 0x4B04, 0x4B04, 0x4B05, 0x4B05, 0x4B05, 0x4B05, 0x4B05, 0x4B05, 0x4B25, 0x4B04, 0x4B04,
  0x4B24, 0x4303, 0x42C2, 0x7488, 0xC731, 0xB70F, 0xBF30, 0xB6CF, 0xBF10, 0xBF31, 0xBEF0, 0xC731,
  0xB6D0, 0xBEF0, 0xBF10, 0xBF10, 0xBF10, 0xB6EF, 0xB6EF, 0xC751, 0xBEF0, 0xBEF0, 0xBEF0, 0xBEF0,
  0xBEF0, 0xBEF0, 0xBEF0, 0xBEF0, 0xBF10, 0xB6CF, 0xAE6E, 0x9E2D, 0x95EC, 0x95EB, 0x95EC, 0x95EC,
  0x95EC, 0x95EC, 0x95EC, 0x95EC, 0x9DEC, 0x9E0C, 0x9E0C, 0x9E0C, 0x95EC, 0x95EC, 0x95EC, 0x95EC,
  0x9DEC, 0x9E0C, 0x9E0C, 0x9E0C, 0x95EC, 0x95EC, 0x95EC, 0x9DEC, 0x9DEC, 0x9DEC, 0x9DEC, 0x9DEC,
  0x9E0C, 0x9E0C, 0x9E0C, 0x95EC, 0x95EC, 0x95EC, 0x95EC, 0x95EC, 0x9DED, 0x9E0C, 0x9E0C, 0x95EB,
  0x95EB, 0x9E0C, 0x95AB, 0x8D8B, 0xC731, 0xBEF0, 0xBEEF, 0xC731, 0x74A8, 0x3AC2, 0x4B25, 0x4B05,
  0x4B05, 0x4B25, 0x4B04, 0x4B25, 0x4B04, 0x5345, 0x4B04, 0x4B05, 0x4B05, 0x4B05, 0x4B05, 0x4B05,
  0x4B05, 0x4B05, 0x4B05, 0x4B05, 0x4B05, 0x4B05, 0x4B05, 0x4B05, 0x4B05, 0x4B05, 0x4B05, 0x4B05,
  0x4B05, 0x4B05, 0x4B05, 0x4B05, 0x4B05, 0x4B05, 0x4B05, 0x4B05, 0x4B04, 0x4B04, 0x4B04, 0x4B05,
  0x4B05, 0x4B05, 0x4B05, 0x4B05, 0x4B05, 0x4B25, 0x4B04, 0x4B04, 0x5345, 0x5345, 0x3AA2, 0x7CA9,
  0xBF31, 0xBF10, 0xB6EF, 0xBEF0, 0xBF10, 0xBF10, 0xAE8F, 0xC731, 0xC732, 0xC731, 0xB6AF, 0xBEF0,
  0xBF10, 0xBF10, 0xB6EF, 0xB6CF, 0xBEF0, 0xBEF0, 0xBEF0, 0xBEF0, 0xBEF0, 0xBEF0, 0xBEF0, 0xBEF0,
  0xB6CF, 0xBF10, 0xBF10, 0xB6AF, 0xA66D, 0x9E2D, 0x9DEC, 0x95CB, 0x9E0C, 0x9E0C, 0x9DEC, 0x9DEC,
  0x9DEC, 0x95EC, 0x95EC, 0x95EC, 0x95EC, 0x9DEC, 0x9E0C, 0x9DEC, 0x9DEC, 0x9E0C, 0x9E0C, 0x9DEC,
  0x95EC, 0x95EC, 0x9DEC, 0x9DEC, 0x9DEC, 0x9DEC, 0x9DEC, 0x9DEC, 0x95EC, 0x9DEC, 0x9DEC, 0x9DEC,
  0x9DEC, 0x9DEC, 0x9E0C, 0x9E0C, 0x9DEC, 0x95EC, 0x95EB, 0x95EB, 0xA64D, 0xA64D, 0x74A8, 0x6426,
  0xAE6F, 0xBED0, 0xBF10, 0xC731, 0x8D6B, 0x4B44, 0x4304, 0x4B46, 0x42E4, 0x42C3, 0x4B25, 0x4B25,
  0x4B04, 0x4B25, 0x4B04, 0x4B25, 0x4B05, 0x4B05, 0x4B05, 0x4B05, 0x4B05, 0x4B05, 0x4B05, 0x4B05,
  0x4B05, 0x4B05, 0x4B05, 0x4B05, 0x4B05, 0x4B05, 0x4B05, 0x4B05, 0x4B05, 0x4B05, 0x4B05, 0x4B05,
  0x4B05, 0x4B05, 0x4B05, 0x4B05, 0x4B04, 0x4B04, 0x4B05, 0x4B05, 0x4B05, 0x4B05, 0x4B05, 0x4B05,
  0x4B05, 0x4B25, 0x4B04, 0x42E4, 0x5345, 0x5344, 0x4B04, 0x7CCA, 0xC752, 0xB6F0, 0xB6F0, 0xBEF0,
  0xB6D0, 0xBF11, 0xCF73, 0xB68F, 0x95CC, 0xA62E, 0xC732, 0xB6F0, 0xBEF0, 0xC751, 0xBF31, 0xBF10,
  0xBEF0, 0xBEF0, 0xBEF0, 0xBEF0, 0xBEF0, 0xBEF0, 0xBEF0, 0xBEF0, 0xBF10, 0xBF10, 0xBF10, 0xBEF0,
  0xBF10, 0xB6F0, 0xAE8E, 0x9E0C, 0x9E0C, 0x9DEC, 0x95EC, 0x9DEC, 0x9E0C, 0x9DEC, 0x9DEC, 0x9E0C,
  0x9DEC, 0x9E0C, 0x9E0C, 0x9E0C, 0x9DEC, 0x9E0C, 0x95EC, 0x95CC, 0x9E0C, 0x9E0C, 0x9E0C, 0x9E0C,
  0x9E0C, 0x9E0C, 0x9E0C, 0x9DEC, 0x95CC, 0x95EC, 0x9E0C, 0x9E0C, 0x9E0C, 0x9DEC, 0x95EC, 0x95EC,
  0x95CC, 0x95EC, 0x9E2D, 0xA66D, 0xB6CF, 0xAE8F, 0x53C5, 0x3AC1, 0x9DCD, 0xBF11, 0xB6AF, 0xBED0,
  0xB6B0, 0x6C48, 0x3AC3, 0x42E4, 0x4B25, 0x4B25, 0x4B25, 0x4B04, 0x4B25, 0x4B04, 0x4B04, 0x4B25,
  0x4B05, 0x4B05, 0x4B05, 0x4B05, 0x4B05, 0x4B05, 0x4B05, 0x4B05, 0x4B05, 0x4B05, 0x4B05, 0x4B05,
  0x4B05, 0x4B05, 0x4B05, 0x4B05, 0x4B05, 0x4B05, 0x4B05, 0x4B05, 0x4B05, 0x4B05, 0x4B05, 0x4B05,
  0x4B04, 0x4B04, 0x4B05, 0x4B05, 0x4B05, 0x4B05, 0x4B05, 0x4B05, 0x4B25, 0x4B25, 0x4B25, 0x42E4,
  0x4B04, 0x42E3, 0x4303, 0x6C48, 0xC732, 0xBEF0, 0xC731, 0xB6D0, 0xC732, 0xA62E, 0xAE6F, 0x7D0A,
  0x3AE1, 0x4B63, 0xBED0, 0xB6D0, 0xBEF0, 0xBF10, 0xB6CF, 0xBF31, 0xBEF0, 0xBEF0, 0xBEF0, 0xBEF0,
  0xBEF0, 0xBEF0, 0xBEF0, 0xBEF0, 0xBF10, 0xBF10, 0xB6F0, 0xB6F0, 0xBF10, 0xBF10, 0xBF10, 0xB6CF,
  0xA66E, 0xA64D, 0xA62D, 0xA62D, 0x9E2D, 0x95EC, 0x95EC, 0x9E0C, 0x95CB, 0x95EC, 0x95EC, 0x95EC,
  0x95EC, 0x9E0C, 0x9E0C, 0x95EC, 0x9E0C, 0x9DEC, 0x9DEC, 0x95EC, 0x95EC, 0x95EC, 0x9DEC, 0x9DEC,
  0x9DEC, 0x9DEC, 0x95EC, 0x95CC, 0x95CC, 0x95EC, 0x9E2D, 0xA64D, 0xA64D, 0xA66E, 0xB6CF, 0xB6CF,
  0xBF11, 0xB6B0, 0x4B84, 0x3AE2, 0x850B, 0xC733, 0xBED1, 0xBED1, 0xC732, 0x63E6, 0x4304, 0x4B45,
  0x4B25, 0x5345, 0x4B04, 0x42E4, 0x4B25, 0x4B04, 0x4B04, 0x4B25, 0x4B05, 0x4B05, 0x4B05, 0x4B05,
  0x4B05, 0x4B05, 0x4B05, 0x4B05, 0x4B05, 0x4B05, 0x4B05, 0x4B05, 0x4B05, 0x4B05, 0x4B05, 0x4B05,
  0x4B05, 0x4B05, 0x4B05, 0x4B05, 0x4B05, 0x4B05, 0x4B05, 0x4B05, 0x4B04, 0x4B04, 0x4B05, 0x4B05,
  0x4B05, 0x4B05, 0x4B05, 0x4B05, 0x4B05, 0x4B04, 0x4B25, 0x4B04, 0x5345, 0x4B24, 0x4B04, 0x7CAA,
  0xC732, 0xB6B0, 0xBEF1, 0xBED1, 0xAE6F, 0x6406, 0x4323, 0x4323, 0x4323, 0x5BC5, 0xB6B0, 0xC732,
  0xB6B0, 0xBF11, 0xBF10, 0xB6CF, 0xBEF0, 0xBEF0, 0xBEF0, 0xBEF0, 0xBEF0, 0xBEF0, 0xBEF0, 0xBEF0,
  0xB6EF, 0xBEF0, 0xBF10, 0xB6F0, 0xB6CF, 0xB6F0, 0xBF10, 0xBF31, 0xBF31, 0xBF10, 0xB6F0, 0xB6CF,
  0xAE6E, 0x9E0D, 0x9DEC, 0x9E0C, 0x9E2D, 0x9E2D, 0x9E0D, 0x95EC, 0x95EC, 0x9E0C, 0x9E0C, 0x9E0C,
  0x9DEC, 0x95EC, 0x95EC, 0x95EC, 0x95EC, 0x9DEC, 0x9E0C, 0x9E0C, 0x9E2D, 0x9E2D, 0x9E0D, 0x9E0C,
  0x9E2D, 0xA66E, 0xB6CF, 0xBF11, 0xB6F0, 0xB6F0, 0xBF30, 0xB6F0, 0xBF11, 0xB6B0, 0x4B84, 0x4B44,
  0x4324, 0x9DCE, 0xCF33, 0xBEF1, 0xBED1, 0x5BC6, 0x4304, 0x42E3, 0x4B04, 0x4B04, 0x4B04, 0x4B04,
  0x4B04, 0x4B25, 0x4B05, 0x4B25, 0x4B05, 0x4B05, 0x4B05, 0x4B05, 0x4B05, 0x4B05, 0x4B05, 0x4B05,
  0x4B05, 0x4B05, 0x4B05, 0x4B05, 0x4B05, 0x4B05, 0x4B05, 0x4B05, 0x4B05, 0x4B05, 0x4B05, 0x4B05,
  0x4B05, 0x4B05, 0x4B05, 0x4B05, 0x4B04, 0x4B05, 0x4B05, 0x4B05, 0x4B05, 0x4B05, 0x4B05, 0x4B05,
  0x4B25, 0x4B04, 0x4B05, 0x4B04, 0x4B25, 0x5345, 0x3AA2, 0x7CAA, 0xC712, 0xBEF1, 0xBED1, 0x8D6C,
  0x4303, 0x4323, 0x4B23, 0x4B23, 0x4B44, 0x9DEE, 0xC712, 0xC712, 0x6C87, 0x95CC, 0xC772, 0xB6F0,
  0xBEF0, 0xBEF0, 0xBEF0, 0xBEF0, 0xBEF0, 0xBEF0, 0xBEF0, 0xBEF0, 0xBF10, 0xBEF0, 0xBEF0, 0xBF10,
  0xBF10, 0xBF10, 0xB6F0, 0xB6EF, 0xB6F0, 0xB6F0, 0xBF10, 0xBF10, 0xBF10, 0xB6CF, 0xB6F0, 0xBF31,
  0xB6F0, 0xB6F0, 0xAE8E, 0x9E2D, 0x9E0C, 0x9E0C, 0x9E0C, 0x9DEC, 0x9E0C, 0x9E0C, 0x9E0C, 0x9E0C,
  0x9E0C, 0x9E2D, 0x9E2D, 0xA64D, 0xB6F0, 0xBEF0, 0xBF10, 0xBF10, 0xB6F0, 0xB6F0, 0xB6F0, 0xBEF0,
  0xB6F0, 0xB6F0, 0xBF10, 0xB6F0, 0xBF31, 0xB6B0, 0x4324, 0x4324, 0x4324, 0x5365, 0xAE50, 0xBEF2,
  0xC712, 0x6C27, 0x42E3, 0x4B25, 0x4B25, 0x42C4, 0x5345, 0x5345, 0x42C3, 0x5346, 0x4B05, 0x4B04,
  0x4B05, 0x4B05, 0x4B05, 0x4B05, 0x4B05, 0x4B05, 0x4B05, 0x4B05, 0x4B05, 0x4B05, 0x4B05, 0x4B05,
  0x4B05, 0x4B05, 0x4B05, 0x4B05, 0x4B05, 0x4B05, 0x4B05, 0x4B05, 0x4B05, 0x4B05, 0x4B05, 0x4B05,
  0x4B05, 0x4B05, 0x4B05, 0x4B05, 0x4B05, 0x4B05, 0x4B05, 0x4B05, 0x4B05, 0x4B05, 0x4B04, 0x4B25,
  0x4B04, 0x5366, 0x42C3, 0x7CAA, 0xC733, 0xAE70, 0x53A5, 0x4B44, 0x4303, 0x4303, 0x5365, 0x3AC2,
  0x850B, 0xC713, 0xC712, 0x958C, 0x3B01, 0xAE6E, 0xC731, 0xB6CF, 0xBEF0, 0xBEF0, 0xBEF0, 0xBEF0,
  0xBEF0, 0xBEF0, 0xBEF0, 0xBEF0, 0xBEF0, 0xBEF0, 0xBEF0, 0xBEF0, 0xBEF0, 0xBEF0, 0xBEF0, 0xBEF0,
  0xBEF0, 0xBEF0, 0xBEF0, 0xBEF0, 0xBEF0, 0xBEF0, 0xBEF0, 0xBEF0, 0xB6F0, 0xB6F0, 0xB6F0, 0xB6F0,
  0xB6F0, 0xB6F0, 0xB6F0, 0xB6F0, 0xB6F0, 0xB6F0, 0xB6F0, 0xB6F0, 0xB6F0, 0xB6F0, 0xB6F0, 0xB6F0,
  0xBEF0, 0xBEF0, 0xBEF0, 0xBEF0, 0xBEF0, 0xBEF0, 0xBEF0, 0xBEF0, 0xBF11, 0xB6CF, 0xBF10, 0xB6EF,
  0xB6F0, 0xB6B0, 0x4B65, 0x4304, 0x4B25, 0x42E4, 0x6C28, 0xBED2, 0xBEB1, 0x6407, 0x42E3, 0x4B25,
  0x4B05, 0x4B05, 0x4B05, 0x4B05, 0x4B05, 0x4B05, 0x4B05, 0x4B05, 0x4B05, 0x4B05, 0x4B05, 0x4B05,
  0x4B05, 0x4B05, 0x4B05, 0x4B05, 0x4B05, 0x4B05, 0x4B05, 0x4B05, 0x4B05, 0x4B05, 0x4B05, 0x4B05,
  0x4B05, 0x4B05, 0x4B05, 0x4B05, 0x4B05, 0x4B05, 0x4B05, 0x4B05, 0x4B05, 0x4B05, 0x4B05, 0x4B05,
  0x4B05, 0x4B05, 0x4B05, 0x4B05, 0x4B25, 0x4B05, 0x4B05, 0x4B25, 0x42E4, 0x4B25, 0x3AA3, 0x7C8A,
  0xC713, 0x7489, 0x42E3, 0x4B24, 0x5365, 0x4303, 0x42E3, 0x42E3, 0x958D, 0xCF54, 0x9DEE, 0x4B63,
  0x4343, 0x95CC, 0xC752, 0xB6F0, 0xBEF0, 0xBEF0, 0xBEF0, 0xBEF0, 0xBEF0, 0xBEF0, 0xBEF0, 0xBEF0,
  0xBEF0, 0xBEF0, 0xBEF0, 0xBEF0, 0xBEF0, 0xBEF0, 0xBEF0, 0xBEF0, 0xBEF0, 0xBEF0, 0xBEF0, 0xBEF0,
  0xBEF0, 0xBEF0, 0xBEF0, 0xBEF0, 0xBEF0, 0xBEF0, 0xBEF0, 0xBEF0, 0xBEF0, 0xBEF0, 0xBEF0, 0xBEF0,
  0xB6F0, 0xB6F0, 0xB6F0, 0xB6F0, 0xB6F0, 0xB6F0, 0xB6F0, 0xB6F0, 0xBEF0, 0xBEF0, 0xBEF0, 0xBEF0,
  0xBEF0, 0xBEF0, 0xBEF0, 0xBEF0, 0xB6F0, 0xB6F0, 0xBF10, 0xBF30, 0xC731, 0xB6B0, 0x5385, 0x4324,
  0x4B25, 0x4B25, 0x4B24, 0x5BA6, 0x5BA6, 0x4B24, 0x4B24, 0x4B25, 0x4B05, 0x4B05, 0x4B05, 0x4B05,
  0x4B05, 0x4B05, 0x4B05, 0x4B05, 0x4B05, 0x4B05, 0x4B05, 0x4B05, 0x4B05, 0x4B05, 0x4B05, 0x4B05,
  0x4B05, 0x4B05, 0x4B05, 0x4B05, 0x4B05, 0x4B05, 0x4B05, 0x4B05, 0x4B05, 0x4B05, 0x4B05, 0x4B05,
  0x4B05, 0x4B05, 0x4B05, 0x4B05, 0x4B05, 0x4B05, 0x4B05, 0x4B05, 0x4B05, 0x4B05, 0x4B05, 0x4B05,
  0x4B05, 0x4B04, 0x4B04, 0x4B25, 0x4B04, 0x4B25, 0x42C4, 0x7CAB, 0xD754, 0x5BA5, 0x42E3, 0x42E3,
  0x4B45, 0x4B24, 0x4B24, 0x6C28, 0xB692, 0xC6F3, 0xA60F, 0x3AE1, 0x850A, 0xC752, 0xBEF0, 0xBF10,
  0xBEF0, 0xBEF0, 0xBEF0, 0xBEF0, 0xBEF0, 0xBEF0, 0xBEF0, 0xBEF0, 0xBEF0, 0xBEF0, 0xBEF0, 0xBEF0,
  0xBEF0, 0xBEF0, 0xBEF0, 0xBEF0, 0xBEF0, 0xBEF0, 0xBEF0, 0xBEF0, 0xBEF0, 0xBEF0, 0xBEF0, 0xBEF0,
  0xBEF0, 0xBEF0, 0xBEF0, 0xBEF0, 0xBEF0, 0xBEF0, 0xBEF0, 0xBEF0, 0xBF10, 0xBF10, 0xBF10, 0xBF10,
  0xBF10, 0xBF10, 0xBF10, 0xBF10, 0xBEF0, 0xBEF0, 0xBEF0, 0xBEF0, 0xBEF0, 0xBEF0, 0xBEF0, 0xBEF0,
  0xB6F0, 0xBF11, 0xB6EF, 0xBEEF, 0xBF10, 0xA64E, 0x53A5, 0x3AE3, 0x4305, 0x4B25, 0x42E4, 0x4303,
  0x4B03, 0x4B04, 0x4B24, 0x4AE4, 0x4B05, 0x4B05, 0x4B05, 0x4B05, 0x4B05, 0x4B05, 0x4B05, 0x4B05,
  0x4B05, 0x4B05, 0x4B05, 0x4B05, 0x4B05, 0x4B04, 0x4B04, 0x4B05, 0x4B05, 0x4B05, 0x4B05, 0x4B05,
  0x4B05, 0x4B05, 0x4B05, 0x4B05, 0x4B05, 0x4B05, 0x4B05, 0x4B05, 0x4B05, 0x4B05, 0x4B05, 0x4B05,
  0x4B05, 0x4B05, 0x4B05, 0x4B05, 0x4B05, 0x4B05, 0x4B05, 0x4B05, 0x4B04, 0x4B04, 0x4B05, 0x4B25,
  0x4B25, 0x5345, 0x4B05, 0x7C8A, 0x9D8E, 0x4B04, 0x4B45, 0x4B24, 0x4B24, 0x4B25, 0x42E4, 0x748A,
  0xCF34, 0xB671, 0x6C48, 0x3AC1, 0x958C, 0xC752, 0xB6F0, 0xB6CF, 0xBEF0, 0xBEF0, 0xBEF0, 0xBEF0,
  0xBEF0, 0xBEF0, 0xBEF0, 0xBEF0, 0xBEF0, 0xBEF0, 0xBEF0, 0xBEF0, 0xBEF0, 0xBEF0, 0xBEF0, 0xBEF0,
  0xBEF0, 0xBEF0, 0xBEF0, 0xBEF0, 0xBEF0, 0xBEF0, 0xBEF0, 0xBEF0, 0xBEF0, 0xBEF0, 0xBEF0, 0xBEF0,
  0xBEF0, 0xBEF0, 0xBEF0, 0xBEF0, 0xBF10, 0xBF10, 0xBF10, 0xBF10, 0xBF10, 0xBF10, 0xBF10, 0xBF10,
  0xBEF0, 0xBEF0, 0xBEF0, 0xBEF0, 0xBEF0, 0xBEF0, 0xBEF0, 0xBEF0, 0xB6F0, 0xBF11, 0xB6EF, 0xB6EF,
  0xBF30, 0xBF11, 0x8D4B, 0x4B45, 0x4B46, 0x4B05, 0x4304, 0x4B45, 0x5345, 0x4B04, 0x4B04, 0x4B05,
  0x4B05, 0x4B05, 0x4B05, 0x4B05, 0x4B05, 0x4B05, 0x4B05, 0x4B05, 0x4B05, 0x4B05, 0x4B05, 0x4B05,
  0x4B04, 0x4B04, 0x4B04, 0x4B04, 0x4B05, 0x4B05, 0x4B05, 0x4B05, 0x4B05, 0x4B05, 0x4B05, 0x4B05,
  0x4B05, 0x4B05, 0x4B05, 0x4B05, 0x4B05, 0x4B05, 0x4B05, 0x4B05, 0x4B05, 0x4B05, 0x4B05, 0x4B05,
  0x4B05, 0x4B05, 0x4B05, 0x4B05, 0x4B05, 0x4B25, 0x4B25, 0x4B05, 0x4B05, 0x4B25, 0x42E4, 0x5BA7,
  0x5365, 0x42C3, 0x4B45, 0x4B25, 0x4B04, 0x4B25, 0x42C3, 0x7C8A, 0xCF14, 0x7CCB, 0x3AE2, 0x3AE2,
  0x8D6B, 0xBEF1, 0xBEF0, 0xBF10, 0xBEF0, 0xBEF0, 0xBEF0, 0xBEF0, 0xBEF0, 0xBEF0, 0xBEF0, 0xBEF0,
  0xBEF0, 0xBEF0, 0xBEF0, 0xBEF0, 0xBEF0, 0xBEF0, 0xBEF0, 0xBEF0, 0xBEF0, 0xBEF0, 0xBEF0, 0xBEF0,
  0xBEF0, 0xBEF0, 0xBEF0, 0xBEF0, 0xBEF0, 0xBEF0, 0xBEF0, 0xBEF0, 0xBEF0, 0xBEF0, 0xBEF0, 0xBEF0,
  0xBEF0, 0xBEF0, 0xBEF0, 0xBEF0, 0xBEF0, 0xBEF0, 0xBEF0, 0xBEF0, 0xBEF0, 0xBEF0, 0xBEF0, 0xBEF0,
  0xBEF0, 0xBEF0, 0xBEF0, 0xBEF0, 0xBF11, 0xBF10, 0xBF10, 0xB6EF, 0xBF0F, 0xCF72, 0xA64F, 0x4303,
  0x4B25, 0x4B25, 0x4B25, 0x4B04, 0x4AE4, 0x4B04, 0x4B05, 0x4B25, 0x4B05, 0x4B05, 0x4B05, 0x4B05,
  0x4B05, 0x4B05, 0x4B05, 0x4B05, 0x4B05, 0x4B05, 0x4B05, 0x4B04, 0x4B04, 0x4B04, 0x4B04, 0x4B04,
  0x4B05, 0x4B05, 0x4B05, 0x4B05, 0x4B05, 0x4B05, 0x4B05, 0x4B05, 0x4B05, 0x4B05, 0x4B05, 0x4B05,
  0x4B05, 0x4B05, 0x4B05, 0x4B05, 0x4B05, 0x4B05, 0x4B05, 0x4B05, 0x4B05, 0x4B05, 0x4B05, 0x4B05,
  0x4B05, 0x4B25, 0x4B25, 0x42E4, 0x4B05, 0x4B25, 0x42E4, 0x4B25, 0x4B24, 0x4B24, 0x4B04, 0x4B04,
  0x4B04, 0x4B25, 0x4B05, 0x84CB, 0x9DAF, 0x4304, 0x4303, 0x6C27, 0xAE6F, 0xC752, 0xBEF0, 0xBF10,
  0xBEF0, 0xBEF0, 0xBEF0, 0xBEF0, 0xBEF0, 0xBEF0, 0xBEF0, 0xBEF0, 0xBEF0, 0xBEF0, 0xBEF0, 0xBEF0,
  0xBEF0, 0xBEF0, 0xBEF0, 0xBEF0, 0xBEF0, 0xBEF0, 0xBEF0, 0xBEF0, 0xBEF0, 0xBEF0, 0xBEF0, 0xBEF0,
  0xBEF0, 0xBEF0, 0xBEF0, 0xBEF0, 0xBEF0, 0xBEF0, 0xBEF0, 0xBEF0, 0xBEF0, 0xBEF0, 0xBEF0, 0xBEF0,
  0xBEF0, 0xBEF0, 0xBEF0, 0xBEF0, 0xBEF0, 0xBEF0, 0xBEF0, 0xBEF0, 0xBEF0, 0xBEF0, 0xBEF0, 0xBEF0,
  0xBF11, 0xB6F0, 0xBF30, 0xBF0F, 0xB6CE, 0xBF10, 0xA62E, 0x32A2, 0x42E4, 0x42E4, 0x5345, 0x5325,
  0x5325, 0x5325, 0x4AE5, 0x4B05, 0x4B05, 0x4B05, 0x4B05, 0x4B05, 0x4B05, 0x4B05, 0x4B05, 0x4B05,
  0x4B05, 0x4B05, 0x4B04, 0x4B04, 0x4B04, 0x4B04, 0x4B04, 0x4B04, 0x4B05, 0x4B05, 0x4B05, 0x4B05,
  0x4B05, 0x4B05, 0x4B05, 0x4B05, 0x4B05, 0x4B05, 0x4B05, 0x4B05, 0x4B05, 0x4B05, 0x4B05, 0x4B05,
  0x4B05, 0x4B05, 0x4B05, 0x4B05, 0x4B05, 0x4B05, 0x4B05, 0x4B05, 0x4B05, 0x4B05, 0x4B05, 0x4B04,
  0x4B25, 0x4B25, 0x4AE4, 0x4B25, 0x4B24, 0x4B04, 0x4B24, 0x4B25, 0x4B25, 0x4B25, 0x42E4, 0x63C7,
  0x5BA7, 0x42E3, 0x3AC2, 0x850A, 0xBEF1, 0xB6AF, 0xC731, 0xB6CF, 0xBEF0, 0xBEF0, 0xBEF0, 0xBEF0,
  0xBEF0, 0xBEF0, 0xBEF0, 0xBEF0, 0xBEF0, 0xBEF0, 0xBEF0, 0xBEF0, 0xBEF0, 0xBEF0, 0xBEF0, 0xBEF0,
  0xBEF0, 0xBEF0, 0xBEF0, 0xBEF0, 0xBEF0, 0xBEF0, 0xBEF0, 0xBEF0, 0xBEF0, 0xBEF0, 0xBEF0, 0xBEF0,
  0xBEF0, 0xBEF0, 0xBEF0, 0xBEF0, 0xBEF0, 0xBEF0, 0xBEF0, 0xBEF0, 0xBEF0, 0xBEF0, 0xBEF0, 0xBEF0,
  0xBEF0, 0xBEF0, 0xBEF0, 0xBEF0, 0xBEF0, 0xBEF0, 0xBEF0, 0xBEF0, 0xB6F0, 0xAEAF, 0xBF30, 0xBF0F,
  0xBF0F, 0xBF10, 0xBED0, 0x7489, 0x4B45, 0x42E4, 0x4B04, 0x4B04, 0x4B05, 0x4B05, 0x42C4, 0x4B06,
  0x4B05, 0x4B05, 0x4B05, 0x4B05, 0x4B05, 0x4B05, 0x4B05, 0x4B05, 0x4B05, 0x4B05, 0x4B04, 0x4B04,
  0x4B04, 0x4B04, 0x4B04, 0x4B04, 0x4B05, 0x4B05, 0x4B05, 0x4B05, 0x4B05, 0x4B05, 0x4B05, 0x4B05,
  0x4B05, 0x4B05, 0x4B05, 0x4B05, 0x4B05, 0x4B05, 0x4B05, 0x4B05, 0x4B05, 0x4B05, 0x4B05, 0x4B05,
  0x4B05, 0x4B05, 0x4B05, 0x4B05, 0x4B25, 0x4B05, 0x4B04, 0x4B05, 0x4B25, 0x4B05, 0x42E4, 0x4B25,
  0x4B25, 0x42E3, 0x5345, 0x42E4, 0x4B05, 0x4B05, 0x4B05, 0x4B05, 0x42E4, 0x4B25, 0x5365, 0x958C,
  0xC712, 0xC731, 0xB6AF, 0xBF31, 0xBEF0, 0xBEF0, 0xBEF0, 0xBEF0, 0xBEF0, 0xBEF0, 0xBEF0, 0xBEF0,
  0xBEF0, 0xBEF0, 0xBEF0, 0xBEF0, 0xBEF0, 0xBEF0, 0xBEF0, 0xBEF0, 0xBEF0, 0xBEF0, 0xBEF0, 0xBEF0,
  0xBEF0, 0xBEF0, 0xBEF0, 0xBEF0, 0xBF10, 0xBF10, 0xBF10, 0xBF10, 0xBF10, 0xBF10, 0xBF10, 0xBF10,
  0xBEF0, 0xBEF0, 0xBEF0, 0xBEF0, 0xBEF0, 0xBEF0, 0xBEF0, 0xBEF0, 0xBEF0, 0xBEF0, 0xBEF0, 0xBEF0,
  0xBEF0, 0xBEF0, 0xBEF0, 0xBEF0, 0xBF11, 0xB6D0, 0xBF30, 0xB6EE, 0xBF2F, 0xB6CF, 0xC732, 0xAE50,
  0x5366, 0x4B25, 0x4B25, 0x42E4, 0x4B04, 0x5346, 0x4AE5, 0x4AE5, 0x4B05, 0x4B05, 0x4B05, 0x4B05,
  0x4B05, 0x4B05, 0x4B05, 0x4B05, 0x4B05, 0x4B05, 0x4B04, 0x4B04, 0x4B04, 0x4B04, 0x4B04, 0x4B04,
  0x4B05, 0x4B05, 0x4B05, 0x4B05, 0x4B05, 0x4B05, 0x4B05, 0x4B05, 0x4B05, 0x4B05, 0x4B05, 0x4B05,
  0x4B05, 0x4B05, 0x4B05, 0x4B05
};


const uint16_t frame3_bg_g[] = {
  0xE79F, 0xE79F, 0xE79F, 0xE79F, 0xE79F, 0xE79F, 0xE79F, 0xE79F, 0xE79F, 0xE79F, 0xE79F, 0xE79F,
  0xE79F, 0xE79F, 0xE79F, 0xE79F, 0xE79F, 0xE79F, 0xE79F, 0xE79F, 0xE79F, 0xE79F, 0xE79F, 0xE79F,
  0xDF5F, 0xDF5F, 0xDF5F, 0xDF5F, 0xDF5F, 0xD75F, 0xD75F, 0xD75F, 0xD75F, 0xDF5F, 0xDF7F, 0xDF7F,
  0xD75F, 0xD75F, 0xDF5F, 0xDF7F, 0xD75F, 0xD75F, 0xD77F, 0xD77F, 0xD77F, 0xCF3F, 0xCF1F, 0xC6FF,
  0xBF1F, 0xBEFF, 0xBEFF, 0xBEFF, 0xBEFF, 0xBEFF, 0xBEFF, 0xBEFF, 0xBEFF, 0xBEFF, 0xBEFF, 0xBEFF,
  0xBEFF, 0xBEFF, 0xBEFF, 0xBEFF, 0xBEFF, 0xBEFF, 0xBEFF, 0xBEFF, 0xBEFF, 0xBEFF, 0xBEFF, 0xBEFF,
  0xBEDF, 0xBEDF, 0xBEDF, 0xBEDF, 0xBEDF, 0xBEFF, 0xC71F, 0xC73F, 0xCF3F, 0xCF5F, 0xD77F, 0xD77F,
  0xD75F, 0xD77F, 0xDF5F, 0xDF5F, 0xDF3F, 0xDF5F, 0xDF5F, 0xDF5F, 0xDF5F, 0xD73F, 0xDF5F, 0xDF7F,
  0xDF5F, 0xDF5F, 0xDF5F, 0xDF5F, 0xDF5F, 0xDF7F, 0xE79F, 0xE79F, 0xE79F, 0xE79F, 0xE77F, 0xE77F,
  0xE77F, 0xEF9F, 0xEF9F, 0xEF9F, 0xE79F, 0xE79F, 0xE79F, 0xE79F, 0xE79F, 0xE79F, 0xE79F, 0xE79F,
  0xE79F, 0xE79F, 0xE79F, 0xE79F, 0xE79F, 0xE79F, 0xE79F, 0xE79F, 0xE79F, 0xE79F, 0xE79F, 0xE79F,
  0xE79F, 0xE79F, 0xE79F, 0xE79F, 0xE79F, 0xE79F, 0xE79F, 0xE79F, 0xE79F, 0xE79F, 0xE79F, 0xE79F,
  0xE79F, 0xE79F, 0xE79F, 0xE79F, 0xE79F, 0xE79F, 0xE79F, 0xE77F, 0xDF5F, 0xDF5F, 0xDF5F, 0xDF5F,
  0xDF5F, 0xD75F, 0xD75F, 0xD75F, 0xDF5F, 0xD75F, 0xD75F, 0xD75F, 0xD75F, 0xD75F, 0xDF7F, 0xDF7F,
  0xDF7F, 0xD75F, 0xD73F, 0xCF1F, 0xC71F, 0xC6FF, 0xC6DF, 0xBEDF, 0xBEFF, 0xBEFF, 0xBEFF, 0xBEFF,
  0xBEFF, 0xBEFF, 0xB6DF, 0xB6DF, 0xBEDF, 0xBEDF, 0xBEDF, 0xBEDF, 0xBEDF, 0xBEDF, 0xBEDF, 0xBEDF,
  0xBEDF, 0xBEDF, 0xBEDF, 0xBEDF, 0xBEDF, 0xBEDF, 0xBEDF, 0xBEDF, 0xBEFF, 0xBEFF, 0xBEFF, 0xBEFF,
  0xBEFF, 0xBEFF, 0xBEFF, 0xBEFF, 0xBEDE, 0xC71E, 0xCF5F, 0xD75F, 0xD75F, 0xD75F, 0xD75F, 0xD75F,
  0xDF7F, 0xDF5F, 0xD73F, 0xD73F, 0xDF5F, 0xDF7F, 0xDF5F, 0xD73F, 0xDF5F, 0xDF5F, 0xD75F, 0xDF5F,
  0xDF5F, 0xDF5F, 0xDF7F, 0xE77F, 0xE79F, 0xE79F, 0xE79F, 0xE79F, 0xE79F, 0xEF9F, 0xEF9F, 0xE79F,
  0xE79F, 0xE79F, 0xE79F, 0xE79F, 0xE79F, 0xE79F, 0xE79F, 0xE79F, 0xE79F, 0xE79F, 0xE79F, 0xE79F,
  0xE79F, 0xE79F, 0xE79F, 0xE79F, 0xE79F, 0xE79F, 0xE79F, 0xE79F, 0xE79F, 0xE79F, 0xE79F, 0xE79F,
  0xE79F, 0xE79F, 0xE79F, 0xE79F, 0xE79F, 0xE79F, 0xE79F, 0xE79F, 0xE79F, 0xE79F, 0xE79F, 0xE79F,
  0xE79F, 0xE77F, 0xDF5F, 0xDF5F, 0xDF5F, 0xDF5F, 0xDF5F, 0xDF5F, 0xDF5F, 0xDF5F, 0xDF5F, 0xDF5F,
  0xDF5F, 0xD75F, 0xD75F, 0xD75F, 0xDF7F, 0xDF7F, 0xD77F, 0xD75F, 0xCF3F, 0xCF1F, 0xC6FF, 0xC6DF,
  0xC6DF, 0xBEDF, 0xC6DF, 0xBEFF, 0xBEDF, 0xB6DF, 0xB6DF, 0xBEFF, 0xBEDF, 0xB6DF, 0xB6BF, 0xB6BF,
  0xB6BF, 0xB6BF, 0xB6BF, 0xB6BF, 0xB69F, 0xB69F, 0xB69F, 0xB69F, 0xB69F, 0xB69F, 0xB69F, 0xB69F,
  0xB69F, 0xB69F, 0xB69F, 0xB6BF, 0xB6BF, 0xB6DF, 0xB6DF, 0xBEDF, 0xBEDF, 0xBEDF, 0xBEDF, 0xBEFF,
  0xBEDF, 0xBEFF, 0xC6FF, 0xC6FF, 0xC6FF, 0xCF1F, 0xD75F, 0xD75F, 0xDF7F, 0xDF5F, 0xD75F, 0xD75F,
  0xDF5F, 0xDF7F, 0xDF5F, 0xD73F, 0xDF5F, 0xDF5F, 0xDF5F, 0xD75F, 0xDF5F, 0xDF5F, 0xDF5F, 0xDF5F,
  0xE77F, 0xE77F, 0xE79F, 0xE79F, 0xEF9F, 0xE79F, 0xE79F, 0xE79F, 0xE79F, 0xE79F, 0xE79F, 0xE79F,
  0xE79F, 0xE79F, 0xE79F, 0xE79F, 0xE79F, 0xE79F, 0xE79F, 0xE79F, 0xE79F, 0xE79F, 0xE79F, 0xE79F,
  0xE79F, 0xE79F, 0xE79F, 0xE79F, 0xE79F, 0xE79F, 0xE79F, 0xE79F, 0xE79F, 0xE79F, 0xE79F, 0xE79F,
  0xE79F, 0xE79F, 0xE79F, 0xE79F, 0xE79F, 0xE79F, 0xE79F, 0xE79F, 0xE79F, 0xDF7F, 0xDF5F, 0xDF3F,
  0xDF5F, 0xDF5F, 0xDF5F, 0xDF5F, 0xDF5F, 0xDF5F, 0xDF5F, 0xDF5F, 0xD75F, 0xD75F, 0xD75F, 0xDF7F,
  0xDF7F, 0xD75F, 0xCF3F, 0xCF1F, 0xC6DE, 0xC6DF, 0xC6DF, 0xC6DF, 0xBEFF, 0xBEDF, 0xBEDF, 0xBEDF,
  0xBEDF, 0xB6DF, 0xB6BF, 0xB6BF, 0xB6BF, 0xB69F, 0xB69F, 0xB6BF, 0xB69F, 0xB69F, 0xB69F, 0xB69F,
  0xB69F, 0xB69F, 0xB69F, 0xB69F, 0xB69F, 0xB69F, 0xB69F, 0xB69F, 0xB69F, 0xB69F, 0xB69F, 0xB69F,
  0xB69F, 0xB69F, 0xB69F, 0xB69F, 0xB6BF, 0xB6BF, 0xBEDF, 0xBEFF, 0xBEFF, 0xBEFF, 0xBEDF, 0xBEBE,
  0xBEBE, 0xC6DF, 0xCF1F, 0xCF3F, 0xD73F, 0xD75F, 0xDF7F, 0xDF7F, 0xD75F, 0xD75F, 0xD75F, 0xD75F,
  0xD75F, 0xD75F, 0xD75F, 0xDF5F, 0xDF5F, 0xDF5F, 0xDF5F, 0xDF5F, 0xDF7F, 0xE77F, 0xE77F, 0xE79F,
  0xE79F, 0xE79F, 0xE79F, 0xE79F, 0xE79F, 0xE79F, 0xE79F, 0xE79F, 0xE79F, 0xE79F, 0xE79F, 0xE79F,
  0xE79F, 0xE79F, 0xE79F, 0xE79F, 0xE79F, 0xE79F, 0xE79F, 0xE79F, 0xE79F, 0xE79F, 0xE79F, 0xE79F,
  0xE79F, 0xE79F, 0xE79F, 0xE79F, 0xE79F, 0xE79F, 0xE79F, 0xE79F, 0xE79F, 0xE79F, 0xE79F, 0xE79F,
  0xE7BF, 0xE79F, 0xE79F, 0xE77F, 0xDF7F, 0xDF5F, 0xDF5F, 0xDF5F, 0xDF5F, 0xDF5F, 0xDF5F, 0xDF5F,
  0xDF5F, 0xDF5F, 0xDF5F, 0xDF5F, 0xDF5F, 0xD75F, 0xD77F, 0xD75F, 0xD73F, 0xCF1F, 0xC6FF, 0xC6FF,
  0xC6DF, 0xC6FF, 0xBEFF, 0xBEDF, 0xBEDF, 0xB6BF, 0xB6BF, 0xB6BF, 0xB6DF, 0xB6BF, 0xB69F, 0xB69F,
  0xB6BF, 0xB69F, 0xB6BF, 0xB6BF, 0xB6BF, 0xB6BF, 0xB6BF, 0xB6BF, 0xB6BF, 0xB6BF, 0xB6BF, 0xB6BF,
  0xB6BF, 0xB6BF, 0xB6BF, 0xB6BF, 0xB6BF, 0xB6BF, 0xB6BF, 0xB6BF, 0xB6BF, 0xB6BF, 0xB6BF, 0xAE9F,
  0xAE9F, 0xB69F, 0xB6BF, 0xB6BF, 0xB6BF, 0xB6BF, 0xBEDF, 0xBEDF, 0xBEFF, 0xBEDF, 0xBEDF, 0xC6DE,
  0xC6FF, 0xCF1F, 0xD75F, 0xD77F, 0xD75F, 0xD75F, 0xD77F, 0xDF7F, 0xD75F, 0xD75F, 0xD75F, 0xDF5F,
  0xDF5F, 0xDF5F, 0xDF5F, 0xDF5F, 0xDF5F, 0xDF5F, 0xDF7F, 0xE77F, 0xE79F, 0xE79F, 0xE79F, 0xE79F,
  0xE79F, 0xE79F, 0xE79F, 0xE79F, 0xE79F, 0xE79F, 0xE79F, 0xE79F, 0xE79F, 0xE79F, 0xE79F, 0xE79F,
  0xE79F, 0xE79F, 0xE79F, 0xE79F, 0xE79F, 0xE79F, 0xE79F, 0xE79F, 0xE79F, 0xE79F, 0xE79F, 0xE79F,
  0xE79F, 0xE79F, 0xE79F, 0xE79F, 0xE79F, 0xE79F, 0xE79F, 0xE79F, 0xE7BF, 0xE79F, 0xDF7F, 0xDF7F,
  0xDF5F, 0xDF5F, 0xDF5F, 0xDF5F, 0xDF5F, 0xDF5F, 0xDF5F, 0xDF5F, 0xDF5F, 0xDF5F, 0xDF5F, 0xDF5F,
  0xDF7F, 0xD75F, 0xCF3F, 0xCF1F, 0xC6FE, 0xC6DE, 0xBEDF, 0xBEFF, 0xBEDF, 0xBEDF, 0xBEDF, 0xB6BF,
  0xB6BF, 0xB6BF, 0xB6BF, 0xB6BF, 0xB6BF, 0xAE9F, 0xB6BF, 0xB6BF, 0xB6BF, 0xAEBF, 0xAE9F, 0xAE9F,
  0xAE9F, 0xAEBF, 0xAEBF, 0xAEBF, 0xAEBF, 0xAEBF, 0xAEBF, 0xAEBF, 0xAEBF, 0xAEBF, 0xAEBF, 0xAEBF,
  0xAEBF, 0xAEBF, 0xAEBF, 0xAEBF, 0xAEBF, 0xAEBF, 0xB6BF, 0xB6BF, 0xB6BF, 0xAE9F, 0xAE9F, 0xAE9F,
  0xB6BF, 0xB6BF, 0xB6BF, 0xB6DF, 0xBEDF, 0xBEDF, 0xBEDF, 0xC6DF, 0xBEDF, 0xC6DE, 0xC6FF, 0xCF3F,
  0xD75F, 0xD77F, 0xD77F, 0xD77F, 0xD75F, 0xD75F, 0xD75F, 0xD77F, 0xDF5F, 0xDF5F, 0xDF5F, 0xDF5F,
  0xDF5F, 0xDF5F, 0xDF5F, 0xDF7F, 0xE77F, 0xE79F, 0xE79F, 0xE79F, 0xE79F, 0xE79F, 0xE79F, 0xE79F,
  0xE79F, 0xE79F, 0xE79F, 0xE79F, 0xE79F, 0xE79F, 0xE79F, 0xE79F, 0xE79F, 0xE79F, 0xE79F, 0xE79F,
  0xE79F, 0xE79F, 0xE79F, 0xE79F, 0xE79F, 0xE79F, 0xE79F, 0xE79F, 0xE79F, 0xE79F, 0xE79F, 0xE79F,
  0xE79F, 0xE79F, 0xE79F, 0xE79F, 0xE79F, 0xDF7F, 0xDF7F, 0xDF5F, 0xDF5F, 0xDF5F, 0xDF5F, 0xDF5F,
  0xDF5F, 0xDF5F, 0xDF5F, 0xDF5F, 0xDF5F, 0xDF5F, 0xDF5F, 0xD75F, 0xD75F, 0xCF3F, 0xC6FF, 0xC6DE,
  0xBEDF, 0xBEDF, 0xBEDF, 0xBEDF, 0xB6BF, 0xB6BF, 0xB6BF, 0xAE9F, 0xAE9F, 0xAEBF, 0xB6BF, 0xB6BF,
  0xAE9F, 0xAE9F, 0xAE9F, 0xAEBF, 0xAEBF, 0xAE9F, 0xAE9F, 0xA69F, 0xA69F, 0xA69F, 0xA69F, 0xA69F,
  0xA69F, 0xA69F, 0xA69F, 0xA69F, 0xA69F, 0xA69F, 0xA69F, 0xA69F, 0xA69F, 0xA69F, 0xA69F, 0xA69F,
  0xA67F, 0xAE9F, 0xAE9F, 0xAEBF, 0xAEBF, 0xAEBF, 0xAE9F, 0xAE9F, 0xB6BF, 0xAE9F, 0xAE9F, 0xAE9F,
  0xB6BF, 0xB6BF, 0xBEDF, 0xBEFF, 0xBEDF, 0xBEDF, 0xBEDF, 0xC6FF, 0xC71F, 0xCF3F, 0xD75F, 0xD77F,
  0xD75F, 0xD75F, 0xD75F, 0xD75F, 0xD75F, 0xD75F, 0xDF5F, 0xDF5F, 0xDF5F, 0xDF5F, 0xDF5F, 0xDF5F,
  0xDF5F, 0xDF7F, 0xE79F, 0xE79F, 0xE79F, 0xE79F, 0xE79F, 0xE79F, 0xE79F, 0xE79F, 0xE79F, 0xE79F,
  0xE79F, 0xE79F, 0xE79F, 0xE79F, 0xE79F, 0xE79F, 0xE79F, 0xE79F, 0xE79F, 0xE79F, 0xE79F, 0xE79F,
  0xE79F, 0xE79F, 0xE79F, 0xE79F, 0xE79F, 0xE79F, 0xE79F, 0xE79F, 0xE79F, 0xE79F, 0xE79F, 0xE79F,
  0xDF7F, 0xDF7F, 0xDF5F, 0xDF5F, 0xDF5F, 0xDF5F, 0xDF5F, 0xDF5F, 0xDF5F, 0xDF5F, 0xD75F, 0xD75F,
  0xD75F, 0xD75F, 0xD75F, 0xD75F, 0xCF1F, 0xC6FF, 0xBEDF, 0xBEDF, 0xC6FF, 0xBEFF, 0xBEDF, 0xB6BF,
  0xB6BF, 0xB6BF, 0xB6BF, 0xAEBF, 0xAEBF, 0xAEBF, 0xAEBF, 0xAEBF, 0xAEBF, 0xAE9F, 0xA67F, 0xA67F,
  0xA67F, 0xA67F, 0xA67F, 0xA69F, 0xA69F, 0xA69F, 0xA69F, 0xA69F, 0xA69F, 0xA69F, 0xA69F, 0xA69F,
  0xA69F, 0xA69F, 0xA69F, 0xA69F, 0xA69F, 0xA69F, 0xA69F, 0xA69F, 0xA67F, 0xA67F, 0xA69F, 0xA67F,
  0xA67F, 0xAE9F, 0xAE9F, 0xAEBF, 0xAEBF, 0xAE9F, 0xAEBF, 0xAEBF, 0xB6BF, 0xB6BF, 0xAE9F, 0xB69F,
  0xBEDF, 0xBEDF, 0xBEFF, 0xBEDF, 0xBEDE, 0xBEDE, 0xCF1F, 0xD77F, 0xD75F, 0xD75F, 0xD75F, 0xD75F,
  0xD75F, 0xD75F, 0xD75F, 0xD75F, 0xDF7F, 0xDF5F, 0xD75F, 0xD75F, 0xDF5F, 0xDF7F, 0xE77F, 0xE79F,
  0xE79F, 0xE79F, 0xE79F, 0xE79F, 0xE79F, 0xE79F, 0xE79F, 0xE79F, 0xE79F, 0xE79F, 0xE79F, 0xE79F,
  0xE79F, 0xE79F, 0xE79F, 0xE79F, 0xE79F, 0xE79F, 0xE79F, 0xE79F, 0xE79F, 0xE79F, 0xE79F, 0xE79F,
  0xE79F, 0xE79F, 0xE79F, 0xE79F, 0xE79F, 0xE79F, 0xE79F, 0xE79F, 0xDF5F, 0xDF5F, 0xDF5F, 0xDF5F,
  0xDF5F, 0xDF5F, 0xDF5F, 0xDF5F, 0xDF7F, 0xD75F, 0xD75F, 0xD75F, 0xD77F, 0xD75F, 0xCF1F, 0xC6DF,
  0xC6DE, 0xC6DF, 0xBEDF, 0xBEDF, 0xBEBF, 0xB6BF, 0xB6BF, 0xAE9F, 0xAE9F, 0xAE9F, 0xB6DF, 0xAEBF,
  0xAEBF, 0xAEBF, 0xA67F, 0xA69F, 0xA69F, 0xAE9F, 0xA69F, 0xA67F, 0xA69F, 0xA6BF, 0x9E7F, 0x963F,
  0x963F, 0x963F, 0x963F, 0x963F, 0x963F, 0x963F, 0x963F, 0x963F, 0x963F, 0x963F, 0x963F, 0x963F,
  0x963F, 0x963F, 0x963F, 0x963F, 0x9E5F, 0xA67F, 0xA69F, 0xA67F, 0xA67F, 0xAE9F, 0xAE9F, 0xA67F,
  0xA69F, 0xAE9F, 0xAEBF, 0xAEBF, 0xAEBF, 0xAEBF, 0xAEBF, 0xAEBF, 0xB6BF, 0xB69F, 0xBEDF, 0xC71F,
  0xBEFF, 0xBEDF, 0xC6FF, 0xBEDE, 0xCF3F, 0xDF7F, 0xD77F, 0xD75F, 0xD77F, 0xD75F, 0xD73F, 0xDF7F,
  0xD75F, 0xD75F, 0xDF5F, 0xD75F, 0xD75F, 0xDF5F, 0xDF7F, 0xE79F, 0xE79F, 0xE79F, 0xE79F, 0xE79F,
  0xE79F, 0xE79F, 0xE79F, 0xE79F, 0xE79F, 0xE79F, 0xE79F, 0xE79F, 0xE79F, 0xE79F, 0xE79F, 0xE79F,
  0xE79F, 0xE79F, 0xE79F, 0xE79F, 0xE79F, 0xE79F, 0xE79F, 0xE79F, 0xE79F, 0xE79F, 0xE79F, 0xE79F,
  0xE79F, 0xE79F, 0xDF7F, 0xDF7F, 0xDF5F, 0xDF5F, 0xDF5F, 0xDF5F, 0xDF5F, 0xD75F, 0xD75F, 0xD75F,
  0xD73F, 0xD75F, 0xD77F, 0xD77F, 0xCF3F, 0xCF1F, 0xC6FF, 0xC6FF, 0xBEDF, 0xBEDF, 0xBEDF, 0xB6BF,
  0xB6BF, 0xB6BF, 0xAEBF, 0xAEBF, 0xB6DF, 0xAEBF, 0xAEBF, 0xA67F, 0xA67F, 0xAEBF, 0xAE9F, 0xA67F,
  0xA65F, 0x9E5F, 0x9E5F, 0x9E3F, 0x963F, 0x961F, 0x963F, 0x963F, 0x965F, 0x963F, 0x963F, 0x963F,
  0x963F, 0x963F, 0x963F, 0x963F, 0x963F, 0x963F, 0x963F, 0x963F, 0x963F, 0x963F, 0x963F, 0x963F,
  0x963F, 0x9E5F, 0x9E5F, 0x9E5F, 0x9E5F, 0xA67F, 0xA69F, 0xA67F, 0xA67F, 0xA69F, 0xA69F, 0xA6BF,
  0xAEBF, 0xAEBF, 0xAEBF, 0xAEBF, 0xB6BF, 0xAE9F, 0xB6BF, 0xB6BF, 0xBEBF, 0xBEDF, 0xC6FF, 0xC6DF,
  0xC6DE, 0xCF1F, 0xD73F, 0xD75F, 0xDF9F, 0xDF7F, 0xD75F, 0xD75F, 0xD75F, 0xDF7F, 0xDF5F, 0xDF5F,
  0xDF5F, 0xDF5F, 0xDF5F, 0xDF5F, 0xE79F, 0xE79F, 0xE79F, 0xE79F, 0xE79F, 0xE79F, 0xE79F, 0xE79F,
  0xE79F, 0xE79F, 0xE79F, 0xE79F, 0xE79F, 0xE79F, 0xE79F, 0xE79F, 0xE79F, 0xE79F, 0xE79F, 0xE79F,
  0xE79F, 0xE79F, 0xE79F, 0xE79F, 0xE77F, 0xE79F, 0xE79F, 0xE79F, 0xE79F, 0xDF7F, 0xDF5F, 0xDF5F,
  0xDF5F, 0xDF5F, 0xDF5F, 0xDF5F, 0xD75F, 0xD75F, 0xD75F, 0xD75F, 0xD75F, 0xD75F, 0xD75F, 0xCF3F,
  0xC6FF, 0xBEDF, 0xBEDF, 0xC6DF, 0xBEDF, 0xBEBF, 0xB6BF, 0xB69F, 0xAE9F, 0xAE9F, 0xAEBF, 0xAEBF,
  0xA67F, 0xA67F, 0xAEBF, 0xA69F, 0xA69F, 0xAE9F, 0x9E5E, 0x9E3E, 0xA65F, 0x9E1E, 0x961E, 0x963F,
  0x961F, 0x8DDE, 0x85DE, 0x85FF, 0x85DE, 0x85DE, 0x85FF, 0x85FE, 0x85DE, 0x85DE, 0x85DE, 0x85DE,
  0x85DE, 0x85DE, 0x85DE, 0x85DE, 0x85DE, 0x85DE, 0x85DE, 0x85DE, 0x8DDE, 0x8DFE, 0x961F, 0x95FE,
  0x961F, 0x9E3F, 0x9E5F, 0x9E5F, 0x9E7F, 0x9E7F, 0xA69F, 0xA69F, 0xA69F, 0xA69F, 0xAEBF, 0xAEBF,
  0xAEBF, 0xB6BF, 0xAE9F, 0xB69F, 0xB6BF, 0xBEFF, 0xBEDF, 0xC6DF, 0xC6FE, 0xCF1F, 0xCF1F, 0xD75F,
  0xDF7F, 0xDF7F, 0xD75F, 0xD75F, 0xD75F, 0xD75F, 0xD75F, 0xDF5F, 0xDF5F, 0xDF5F, 0xD75F, 0xD73F,
  0xDF7F, 0xDF7F, 0xE79F, 0xE7BF, 0xE79F, 0xE79F, 0xE79F, 0xE79F, 0xE79F, 0xE79F, 0xE79F, 0xE79F,
  0xE79F, 0xE79F, 0xE79F, 0xE79F, 0xE79F, 0xE79F, 0xE79F, 0xE79F, 0xE79F, 0xE79F, 0xE79F, 0xE79F,
  0xE77F, 0xE79F, 0xE79F, 0xE79F, 0xDF7F, 0xDF5F, 0xDF5F, 0xDF5F, 0xDF5F, 0xDF5F, 0xDF5F, 0xD75F,
  0xD75F, 0xD75F, 0xD77F, 0xD77F, 0xDF9F, 0xD75F, 0xC6FF, 0xC6DF, 0xC6FF, 0xC6FF, 0xBEDF, 0xBEDF,
  0xB69F, 0xB6BF, 0xB6BF, 0xB6BF, 0xB6BF, 0xAEBF, 0xAE9F, 0xA69F, 0xA69F, 0x9E5F, 0xA67F, 0xA67F,
  0x9E5F, 0x9E3E, 0xA65F, 0xB6DF, 0xA67F, 0x961E, 0x8DBD, 0x8DDD, 0x8DFE, 0x85DE, 0x7D9D, 0x7D9D,
  0x85BE, 0x85DE, 0x85DE, 0x85DE, 0x85BE, 0x85BE, 0x85BE, 0x85BE, 0x85DE, 0x85DE, 0x85DE, 0x85DE,
  0x85DE, 0x85DE, 0x85DE, 0x85BE, 0x85BE, 0x8DDE, 0x8DDE, 0x8DDE, 0x8DFE, 0x961F, 0x961F, 0x961F,
  0x9E5F, 0x9E5F, 0x9E7F, 0x9E7F, 0x9E7F, 0xA69F, 0xA69F, 0xAE9F, 0xAE9F, 0xAEBF, 0xAE9F, 0xB69F,
  0xBEDF, 0xB6BF, 0xB69F, 0xBEDF, 0xBEBE, 0xBEBD, 0xC6BD, 0xC6FE, 0xCF1F, 0xD73F, 0xD75F, 0xDF7F,
  0xD75F, 0xD75F, 0xD75F, 0xD75F, 0xDF5F, 0xDF5F, 0xDF5F, 0xD75F, 0xDF5F, 0xDF7F, 0xE79F, 0xE7BF,
  0xE79F, 0xE79F, 0xE79F, 0xE79F, 0xE79F, 0xE79F, 0xE79F, 0xE79F, 0xE79F, 0xE79F, 0xE79F, 0xE79F,
  0xE79F, 0xE79F, 0xE79F, 0xE79F, 0xE79F, 0xE79F, 0xE79F, 0xE79F, 0xE79F, 0xE79F, 0xE79F, 0xE79F,
  0xDF7F, 0xDF5F, 0xDF5F, 0xDF5F, 0xDF5F, 0xDF5F, 0xDF5F, 0xD75F, 0xD75F, 0xD77F, 0xD77F, 0xD77F,
  0xD77F, 0xCF3F, 0xBEDF, 0xBEBF, 0xBEDF, 0xBEFF, 0xBEDF, 0xB6BF, 0xB69F, 0xB69F, 0xAEBF, 0xAEBF,
  0xAEBF, 0xAEBF, 0xA69F, 0xA67F, 0xA6BF, 0xA67F, 0xA67F, 0x9E3E, 0x9E3E, 0xA67F, 0xAE9F, 0xB6FF,
  0xB6BF, 0xA65F, 0x95FD, 0x859C, 0x85BD, 0x8DDD, 0x8DDE, 0x85DE, 0x85DE, 0x85DE, 0x85DF, 0x85DE,
  0x85DE, 0x85DE, 0x85DE, 0x85DE, 0x85DE, 0x85DE, 0x85DE, 0x85DE, 0x85DE, 0x85DE, 0x85DE, 0x85DE,
  0x85BE, 0x85BE, 0x85BE, 0x85BE, 0x85DE, 0x8DDE, 0x8DDE, 0x8DFE, 0x8E1E, 0x963E, 0x963F, 0x9E5F,
  0x9E5F, 0x9E7F, 0xA67F, 0xA69F, 0xA69F, 0xAE9F, 0xAE7F, 0xAE9F, 0xB6BF, 0xB69E, 0xB67E, 0xC6FF,
  0xCF3F, 0xCF1E, 0xCF1F, 0xCF1F, 0xCF1F, 0xCF1F, 0xD75F, 0xD77F, 0xDF7F, 0xD75F, 0xD75F, 0xD75F,
  0xDF5F, 0xDF7F, 0xDF5F, 0xDF5F, 0xD75F, 0xDF5F, 0xDF7F, 0xE79F, 0xE79F, 0xE79F, 0xE79F, 0xE79F,
  0xE79F, 0xE79F, 0xE79F, 0xE79F, 0xE79F, 0xE79F, 0xE79F, 0xE79F, 0xE79F, 0xE79F, 0xE79F, 0xE79F,
  0xE79F, 0xE79F, 0xE79F, 0xE79F, 0xE7BF, 0xE79F, 0xE79F, 0xDF7F, 0xDF5F, 0xDF5F, 0xDF5F, 0xDF5F,
  0xDF5F, 0xDF5F, 0xDF5F, 0xD75F, 0xD75F, 0xD77F, 0xD77F, 0xCF5F, 0xC6FF, 0xC6FF, 0xBEDF, 0xBEDF,
  0xB6DF, 0xB6BF, 0xB6BF, 0xAE9F, 0xB6BF, 0xAEBF, 0xAE9F, 0xAE9F, 0xA69F, 0xA69F, 0xA67F, 0xA67F,
  0x9E3F, 0x9E3F, 0x9E3F, 0x95FD, 0x9E3E, 0xB6DF, 0xAE7F, 0x9E1D, 0xB6BF, 0xB6BF, 0xAE7F, 0x95FD,
  0x859C, 0x85BD, 0x8DDD, 0x85BE, 0x85BE, 0x85BE, 0x85BE, 0x85BE, 0x85BE, 0x85BE, 0x85BE, 0x85BE,
  0x85BE, 0x85BE, 0x85BE, 0x85BE, 0x85BE, 0x85BE, 0x85BE, 0x85BE, 0x85DE, 0x85DE, 0x85BE, 0x85DE,
  0x85DE, 0x85DE, 0x85DE, 0x85DE, 0x85DE, 0x8DDE, 0x8DFE, 0x961F, 0x963F, 0x9E5F, 0x9E7F, 0xA67F,
  0xA67F, 0xA69F, 0xAE7F, 0xAE9F, 0xB69F, 0xB69E, 0xBEDF, 0xCF3F, 0xD77F, 0xD75F, 0xDF7F, 0xDF9F,
  0xDF7F, 0xD75F, 0xD75F, 0xD73F, 0xDF7F, 0xDF7F, 0xDF5F, 0xD75F, 0xDF5F, 0xDF5F, 0xDF5F, 0xDF5F,
  0xDF5F, 0xDF5F, 0xDF7F, 0xDF7F, 0xE79F, 0xE79F, 0xE79F, 0xE79F, 0xE79F, 0xE79F, 0xE79F, 0xE79F,
  0xE79F, 0xE79F, 0xE79F, 0xE79F, 0xE79F, 0xE79F, 0xE79F, 0xE79F, 0xE79F, 0xE79F, 0xE79F, 0xE79F,
  0xE79F, 0xE79F, 0xDF7F, 0xDF5F, 0xDF5F, 0xDF5F, 0xDF5F, 0xDF5F, 0xDF5F, 0xDF5F, 0xDF5F, 0xD75F,
  0xD75F, 0xD77F, 0xD75F, 0xC71F, 0xBEDE, 0xBEDF, 0xBEFF, 0xBEDF, 0xB6BF, 0xAE9F, 0xAE9F, 0xAE9F,
  0xB6BF, 0xAE9F, 0xAE7F, 0xA67F, 0xA67F, 0xA67F, 0x9E5F, 0x9E5F, 0x963F, 0x961E, 0x95FD, 0x8DBC,
  0x961D, 0xAE9F, 0xA65E, 0x9E1D, 0xA63D, 0xB69F, 0xB6BF, 0xA63E, 0x95DD, 0x8DBD, 0x8DBD, 0x85BD,
  0x8DFE, 0x8DDE, 0x85BE, 0x85BE, 0x85BE, 0x8DDE, 0x8DBE, 0x85BE, 0x85DE, 0x85DE, 0x85DE, 0x85DE,
  0x85DE, 0x85DE, 0x85DE, 0x85DE, 0x85DE, 0x85DE, 0x85DE, 0x85DE, 0x85DE, 0x85BE, 0x85BE, 0x85BE,
  0x85BE, 0x85BE, 0x85DE, 0x8DDE, 0x8DFF, 0x961F, 0x963F, 0x9E5F, 0x9E5F, 0xA67F, 0xAE9F, 0xAE9E,
  0xAE9E, 0xB6DF, 0xC71F, 0xC73F, 0xBEBD, 0xBE9D, 0xCF1E, 0xDF9F, 0xDF9F, 0xDF9F, 0xDF7F, 0xD75F,
  0xD75F, 0xDF5F, 0xDF5F, 0xDF5F, 0xDF5F, 0xD75F, 0xD75F, 0xDF5F, 0xDF5F, 0xDF5F, 0xDF5F, 0xDF7F,
  0xDF9F, 0xE79F, 0xE79F, 0xE79F, 0xE79F, 0xE79F, 0xE79F, 0xE79F, 0xE79F, 0xE79F, 0xE79F, 0xE79F,
  0xE79F, 0xE79F, 0xE79F, 0xE79F, 0xE79F, 0xE79F, 0xE79F, 0xE79F, 0xE79F, 0xDF7F, 0xDF5F, 0xDF5F,
  0xDF5F, 0xDF5F, 0xDF5F, 0xD75F, 0xD75F, 0xDF5F, 0xDF5F, 0xD75F, 0xD77F, 0xD77F, 0xCF3F, 0xBEDE,
  0xBEFF, 0xBEFF, 0xB6DF, 0xB6BF, 0xB6BF, 0xB6BF, 0xAEBF, 0xAEBF, 0xAE9F, 0xAE9F, 0xA69F, 0xA69F,
  0xA67F, 0x9E5F, 0x9E3F, 0x961E, 0x8DDE, 0x8DBD, 0x9E1E, 0xA67F, 0xAE9F, 0xA67F, 0x9E1D, 0xA63D,
  0xAE5E, 0xB69F, 0xB6BF, 0xAE9F, 0xAE7F, 0xA67F, 0xA67F, 0xA67F, 0x95FE, 0x8DDE, 0x85BE, 0x85BE,
  0x8DBE, 0x8DDE, 0x8DBE, 0x85BE, 0x85BE, 0x85BE, 0x85BE, 0x85BE, 0x85BE, 0x85BE, 0x85BE, 0x85BE,
  0x85DE, 0x85BE, 0x85DE, 0x85DE, 0x85DE, 0x85DE, 0x85BE, 0x85DE, 0x85DE, 0x85BE, 0x85BE, 0x85BE,
  0x85BE, 0x8DDF, 0x961F, 0x963F, 0x961F, 0x9E3F, 0xA67F, 0xA67E, 0xAE7D, 0xBEFF, 0xC73F, 0xBEDE,
  0xBEBD, 0xBE9C, 0xCF1E, 0xE7BF, 0xE7BF, 0xE7BF, 0xDF7F, 0xD73F, 0xD71E, 0xD73F, 0xD75F, 0xDF5F,
  0xDF5F, 0xD75F, 0xD75F, 0xDF7F, 0xDF7F, 0xDF5F, 0xD75F, 0xDF5F, 0xDF7F, 0xE79F, 0xE7BF, 0xE79F,
  0xE79F, 0xE79F, 0xE79F, 0xE79F, 0xE79F, 0xE79F, 0xE79F, 0xE79F, 0xE79F, 0xE79F, 0xE79F, 0xE79F,
  0xE79F, 0xE79F, 0xE79F, 0xE79F, 0xDF7F, 0xDF5F, 0xDF5F, 0xDF5F, 0xDF5F, 0xDF5F, 0xDF5F, 0xDF5F,
  0xD75F, 0xDF5F, 0xDF7F, 0xD75F, 0xCF3F, 0xC6FF, 0xC6FF, 0xBEFF, 0xBEDF, 0xB6DF, 0xB6BF, 0xAEBF,
  0xB6BF, 0xB6BF, 0xAE9F, 0xAE9F, 0xA69F, 0xA69F, 0xA69F, 0x9E5F, 0x963F, 0x961F, 0x95FE, 0x8DDE,
  0x857C, 0xA65F, 0xA67F, 0xA65F, 0xAE7E, 0xA63D, 0xA65E, 0xB69F, 0xAE7E, 0xB69F, 0xB6BF, 0xB6BF,
  0xB6BF, 0xB6BF, 0xB6BF, 0xB6BF, 0xAEBF, 0x95DE, 0x859D, 0x8DDE, 0x85DE, 0x85BE, 0x85DE, 0x85BE,
  0x85BE, 0x85BE, 0x85BE, 0x85BE, 0x85BE, 0x85BE, 0x85BE, 0x85BE, 0x85DE, 0x85DE, 0x85DE, 0x85DE,
  0x85DE, 0x85DE, 0x85DE, 0x85DE, 0x85DE, 0x85DD, 0x85DE, 0x85DE, 0x7DBE, 0x85BE, 0x85DF, 0x8DDF,
  0x8DDE, 0x9E3F, 0x9E1E, 0xA65E, 0xB69F, 0xCF5F, 0xBEFF, 0xBEBD, 0xBE9C, 0xCEFD, 0xE79F, 0xDF9F,
  0xE79F, 0xE77F, 0xE79F, 0xD71E, 0xCEBD, 0xD6FE, 0xDF3F, 0xDF5F, 0xD75F, 0xD77F, 0xD77F, 0xD77F,
  0xD75F, 0xD75F, 0xD75F, 0xD75F, 0xDF7F, 0xDF7F, 0xDF9F, 0xE7BF, 0xE79F, 0xE79F, 0xE79F, 0xE79F,
  0xE79F, 0xE79F, 0xE79F, 0xE79F, 0xE79F, 0xE79F, 0xE79F, 0xE79F, 0xE79F, 0xE79F, 0xE79F, 0xE79F,
  0xDF5F, 0xDF5F, 0xDF5F, 0xD75F, 0xD75F, 0xD75F, 0xD75F, 0xD75F, 0xD75F, 0xDF7F, 0xDF7F, 0xCF3F,
  0xC6FF, 0xC6FF, 0xBEFF, 0xBEDF, 0xB6DF, 0xB6BF, 0xAE9F, 0xAE9F, 0xAEBF, 0xAE9F, 0xAE9F, 0xA67F,
  0x9E7F, 0x9E7F, 0x9E5F, 0x963F, 0x961F, 0x95FF, 0x8DDE, 0x8D9D, 0x95FE, 0xAE9F, 0xA65F, 0x9E1D,
  0xA63D, 0xA63D, 0xAE7E, 0xBEDF, 0xB69F, 0xB6BF, 0xB6BF, 0xB6BF, 0xB6BE, 0xB6BF, 0xB6BF, 0xB69F,
  0xB6DF, 0x9E1E, 0x8D9D, 0x8DBE, 0x85BE, 0x85BE, 0x85DF, 0x85DE, 0x85DE, 0x85BE, 0x85BE, 0x85BE,
  0x85BE, 0x85BE, 0x85BE, 0x85BE, 0x85DE, 0x85DE, 0x85DE, 0x85DE, 0x85DE, 0x85DE, 0x85DE, 0x85DE,
  0x85BD, 0x85BD, 0x85DE, 0x85DE, 0x85DE, 0x85DE, 0x85DF, 0x85BE, 0x8DFF, 0x95DE, 0x8D9C, 0xA61E,
  0xC73F, 0xC6FF, 0xB69D, 0xC6DE, 0xBE9C, 0xCEFD, 0xE79F, 0xE79F, 0xEFBF, 0xE7BF, 0xEFBF, 0xE77F,
  0xCEDD, 0xCEDD, 0xD6FE, 0xDF7F, 0xDF9F, 0xD75F, 0xD75F, 0xD77F, 0xD75F, 0xD75F, 0xD75F, 0xD75F,
  0xD75F, 0xDF7F, 0xDF9F, 0xE79F, 0xE79F, 0xE79F, 0xE79F, 0xE79F, 0xE79F, 0xE79F, 0xE79F, 0xE79F,
  0xE79F, 0xE79F, 0xE79F, 0xE79F, 0xE79F, 0xE79F, 0xE77F, 0xDF7F, 0xDF5F, 0xDF5F, 0xD75F, 0xD75F,
  0xD75F, 0xD75F, 0xD75F, 0xD75F, 0xD75F, 0xDF7F, 0xD75F, 0xC6FE, 0xBEDE, 0xBEFF, 0xBEFF, 0xB6DF,
  0xB6BF, 0xAEBF, 0xAE9F, 0xAE9F, 0xAE9F, 0xAE9F, 0xA67F, 0xA67F, 0x9E7F, 0x965F, 0x961F, 0x8DFE,
  0x8DFE, 0x8DDE, 0x859D, 0x859C, 0x9E1E, 0xAE9F, 0xA65E, 0x9E1E, 0xA63E, 0xA63D, 0xA65E, 0xAE7E,
  0xB69E, 0xB69F, 0xB69E, 0xB69E, 0xB69E, 0xB6BE, 0xB6BF, 0xB69F, 0xB6BF, 0x9DFE, 0x8D9D, 0x8DBD,
  0x85BE, 0x85BE, 0x85DE, 0x85DE, 0x85DE, 0x85BE, 0x85BE, 0x85BE, 0x85BE, 0x85BE, 0x85BE, 0x85BE,
  0x85DE, 0x85DE, 0x85DE, 0x85DE, 0x85DE, 0x85DE, 0x85DE, 0x85DE, 0x85DE, 0x85DE, 0x85BE, 0x85BE,
  0x85DE, 0x85BE, 0x85BD, 0x85BD, 0x857C, 0x8DBC, 0x95BC, 0xA61C, 0xD75F, 0xC6DF, 0xB65C, 0xBE9D,
  0xC6DD, 0xD75E, 0xE79F, 0xE79F, 0xE7BF, 0xE79F, 0xE79F, 0xE79F, 0xDF5F, 0xD6FE, 0xCEDD, 0xD71E,
  0xDF5F, 0xD75F, 0xD75F, 0xDF7F, 0xD75F, 0xD75F, 0xD75F, 0xD75F, 0xD75F, 0xDF7F, 0xDF7F, 0xDF7F,
  0xE79F, 0xE79F, 0xE79F, 0xE79F, 0xE79F, 0xE79F, 0xE79F, 0xE79F, 0xE79F, 0xE79F, 0xE79F, 0xE79F,
  0xE79F, 0xE79F, 0xDF7F, 0xDF5F, 0xDF5F, 0xDF5F, 0xD75F, 0xD75F, 0xD75F, 0xDF5F, 0xD75F, 0xD75F,
  0xD77F, 0xD75F, 0xCF3F, 0xC6FE, 0xBEDE, 0xBEDF, 0xBEDF, 0xB6BF, 0xAEBF, 0xAEBF, 0xAEBF, 0xAE9F,
  0xAE9F, 0xA67F, 0xA67F, 0x9E5F, 0x963F, 0x8E1F, 0x8DDE, 0x8DDE, 0x8DDD, 0x85BD, 0x8DBD, 0x8DBD,
  0x9E1E, 0xA65F, 0x9E3E, 0x9E3E, 0xA65E, 0xA63D, 0x9E1D, 0x9E1D, 0xAE7E, 0xB67E, 0xB69E, 0xB69E,
  0xB69E, 0xB6BE, 0xB6BF, 0xB69F, 0xAE5E, 0x95DD, 0x8D9C, 0x8DBD, 0x8DBE, 0x85DE, 0x85DE, 0x85DE,
  0x85BE, 0x85BE, 0x85BE, 0x85BE, 0x85BE, 0x85BE, 0x85BE, 0x85BE, 0x85DE, 0x85DE, 0x85DE, 0x85DE,
  0x85DE, 0x85DE, 0x85DE, 0x85DE, 0x7D9E, 0x7D9E, 0x85DE, 0x85DE, 0x8DFE, 0x859C, 0x859C, 0x95FD,
  0xB6DF, 0xC75F, 0xCF5F, 0xCF1F, 0xDF7F, 0xCEFF, 0xC69D, 0xCEDE, 0xDF5F, 0xE79F, 0xE79F, 0xDF7F,
  0xE79F, 0xE79F, 0xE77F, 0xE79F, 0xE79F, 0xDF7F, 0xD71E, 0xCEFE, 0xD71E, 0xDF7F, 0xDF7F, 0xD75F,
  0xD75F, 0xD75F, 0xD75F, 0xD75F, 0xD75F, 0xDF5F, 0xDF5F, 0xDF5F, 0xE79F, 0xE79F, 0xE79F, 0xE79F,
  0xE79F, 0xE79F, 0xE79F, 0xE79F, 0xE79F, 0xE79F, 0xE79F, 0xE79F, 0xE79F, 0xE77F, 0xDF7F, 0xDF5F,
  0xDF5F, 0xDF5F, 0xD75F, 0xD75F, 0xDF5F, 0xDF7F, 0xD75F, 0xD75F, 0xD77F, 0xCF3F, 0xC6FE, 0xC6FF,
  0xBEFF, 0xBEDF, 0xB6BF, 0xAEBF, 0xAEBF, 0xAEBF, 0xAEBF, 0xAE9F, 0xA69F, 0xA67F, 0x9E5F, 0x9E3F,
  0x961F, 0x8DDE, 0x85BE, 0x85BD, 0x85BD, 0x8DDD, 0x8DDD, 0x961E, 0xA65F, 0xA67F, 0x9E1E, 0x9E1E,
  0xA63E, 0xA63E, 0xA63E, 0xA61D, 0xAE7E, 0xB69E, 0xB6BF, 0xB6BE, 0xB69E, 0xB6BE, 0xB6BF, 0xB6BF,
  0xAE5E, 0x9E1E, 0x95BD, 0x8DBD, 0x8DDD, 0x8DDE, 0x85BD, 0x85DD, 0x85BE, 0x85BE, 0x85BE, 0x85BE,
  0x85BE, 0x85BE, 0x85BE, 0x85BE, 0x85DE, 0x85DE, 0x85DE, 0x85DE, 0x85DE, 0x85DE, 0x85DE, 0x85BE,
  0x8DFF, 0x85BE, 0x85DE, 0x85BD, 0x8DDD, 0x859B, 0xA67E, 0xC75F, 0xCF9F, 0xCF5F, 0xC71F, 0xCF1F,
  0xC6BD, 0xC67C, 0xCEBD, 0xDF3F, 0xE77F, 0xEFBF, 0xE79F, 0xE79F, 0xE7BF, 0xE7BF, 0xDF7F, 0xE7BF,
  0xE79F, 0xE79F, 0xDF7F, 0xDF5F, 0xDF7F, 0xE79F, 0xDF7F, 0xD73E, 0xD75F, 0xD75F, 0xDF7F, 0xDF7F,
  0xD75F, 0xD75F, 0xDF5F, 0xDF5F, 0xDF7F, 0xE79F, 0xE79F, 0xE79F, 0xE79F, 0xE79F, 0xE79F, 0xE79F,
  0xE79F, 0xE79F, 0xE79F, 0xE79F, 0xE77F, 0xDF7F, 0xDF5F, 0xDF5F, 0xDF5F, 0xDF5F, 0xDF5F, 0xDF5F,
  0xDF7F, 0xDF7F, 0xD75F, 0xD75F, 0xCF5F, 0xC6FF, 0xBEDE, 0xBEFF, 0xBF1F, 0xB6DF, 0xAE9F, 0xAEBF,
  0xAEBF, 0xAEBF, 0xA69F, 0xA69F, 0xA67F, 0x9E5F, 0x961E, 0x961E, 0x8DDE, 0x8DDE, 0x85BE, 0x859D,
  0x8DDD, 0x961E, 0x9E3E, 0x9E5E, 0x9E5E, 0xA65E, 0x9E1E, 0x9E3E, 0x9E3E, 0x9E3E, 0xA65F, 0xA63E,
  0xB69F, 0xB6BF, 0xB6BF, 0xB6BF, 0xB6BE, 0xB6BE, 0xB6BF, 0xB6BF, 0xB6BF, 0xAE7F, 0x95FE, 0x8DBD,
  0x8DBD, 0x8DDD, 0x85BD, 0x8DDE, 0x85BE, 0x85BE, 0x85BE, 0x85BE, 0x85BE, 0x85BE, 0x85BE, 0x85BE,
  0x85DE, 0x85DE, 0x85DE, 0x85DE, 0x85DE, 0x85DE, 0x85DE, 0x85BE, 0x859E, 0x7D5D, 0x8DFE, 0x8DDE,
  0x95FD, 0x8DBB, 0xAEBF, 0xC75F, 0xBEFE, 0xBEBD, 0xBE7C, 0xC6DD, 0xC67C, 0xDF3F, 0xEF7F, 0xEFBF,
  0xE77F, 0xE79F, 0xE79F, 0xE7BF, 0xE79F, 0xDF7F, 0xD73F, 0xD73F, 0xE7BF, 0xDF9F, 0xDF9F, 0xE79F,
  0xE79F, 0xE77F, 0xDF7F, 0xDF7F, 0xD75F, 0xD75F, 0xDF5F, 0xDF5F, 0xDF5F, 0xD75F, 0xDF5F, 0xDF5F,
  0xDF5F, 0xDF7F, 0xE77F, 0xE79F, 0xE79F, 0xE79F, 0xE79F, 0xE79F, 0xE77F, 0xE79F, 0xE79F, 0xE79F,
  0xDF7F, 0xDF5F, 0xDF5F, 0xDF5F, 0xDF5F, 0xDF5F, 0xD75F, 0xD75F, 0xD75F, 0xD75F, 0xD75F, 0xD75F,
  0xC71F, 0xBEFF, 0xBEDF, 0xBEDF, 0xB6DF, 0xAEBF, 0xAE9F, 0xAEBF, 0xAEBF, 0xA69F, 0xA67F, 0x9E5F,
  0x9E5F, 0x961E, 0x95FE, 0x8DDE, 0x8DBE, 0x8DBE, 0x85BE, 0x85BD, 0x95FE, 0x9E7F, 0xA67F, 0x9E5E,
  0x9E3E, 0x9E3E, 0x9E3E, 0xA65F, 0xA65F, 0x9E3E, 0xA65F, 0xA61E, 0xAE7F, 0xAE9F, 0xAE9F, 0xAE9E,
  0xB6BF, 0xB6BF, 0xB6BF, 0xAE9F, 0xB6BF, 0xAE9F, 0x961E, 0x859D, 0x8DBD, 0x85BD, 0x85BD, 0x8DDE,
  0x85DE, 0x85BE, 0x85BE, 0x85BE, 0x85BE, 0x85BE, 0x85BE, 0x85BE, 0x85DE, 0x85DE, 0x85DE, 0x85DE,
  0x85DE, 0x85DE, 0x85DE, 0x85BE, 0x95FE, 0x857C, 0x95DD, 0x855B, 0x855A, 0x95BB, 0xC73F, 0xCF7F,
  0xB69D, 0xBEBD, 0xC6BC, 0xC6BC, 0xD6FD, 0xEF9F, 0xEF9F, 0xE75E, 0xE77F, 0xE79F, 0xE77F, 0xE79F,
  0xD71E, 0xCEFD, 0xC6BD, 0xC6BD, 0xE7BF, 0xDF9F, 0xDF9F, 0xE79F, 0xE79F, 0xE77F, 0xE77F, 0xE79F,
  0xDF5F, 0xD75F, 0xD75F, 0xDF5F, 0xD75F, 0xDF5F, 0xDF5F, 0xDF5F, 0xDF5F, 0xDF5F, 0xE77F, 0xE77F,
  0xE79F, 0xE79F, 0xE79F, 0xE79F, 0xE77F, 0xE79F, 0xE79F, 0xE79F, 0xDF7F, 0xDF5F, 0xDF5F, 0xDF5F,
  0xDF5F, 0xD75F, 0xD75F, 0xD75F, 0xD75F, 0xD75F, 0xD75F, 0xD75F, 0xBEDE, 0xBEFF, 0xBEFF, 0xB6DF,
  0xAEBF, 0xAE9F, 0xAEBF, 0xAEBF, 0xAEBF, 0xA69F, 0x9E5F, 0x9E3F, 0x963F, 0x961F, 0x8DDE, 0x859D,
  0x85BE, 0x8DDE, 0x85BE, 0x8DBD, 0x963F, 0xA6BF, 0xA69F, 0x9E3E, 0x9E5E, 0x9E5E, 0x9E3E, 0xA65F,
  0x9E3F, 0x9E1E, 0xA67F, 0xA65F, 0xA65F, 0xA65E, 0xA65E, 0xA67E, 0xAEBF, 0xB6DF, 0xAEBF, 0xAE9F,
  0xA67F, 0xA67F, 0x95FE, 0x859D, 0x8DDE, 0x85DE, 0x85BD, 0x85DE, 0x85DE, 0x85BE, 0x85BE, 0x85BE,
  0x85BE, 0x85BE, 0x85BE, 0x85BE, 0x85DE, 0x85DE, 0x85DE, 0x85DE, 0x85DE, 0x85DE, 0x85DE, 0x8DBD,
  0x8D7C, 0x95BC, 0xB6DF, 0xB6BF, 0xBEDF, 0xC71F, 0xDFBF, 0xBEDE, 0xBEDE, 0xBEBD, 0xC6BD, 0xCEDD,
  0xEFBF, 0xE77F, 0xE77F, 0xEFBF, 0xEF9F, 0xE77F, 0xE77F, 0xE79F, 0xC6BD, 0xC69C, 0xBE9C, 0xBEBD,
  0xD75F, 0xE7BF, 0xE7DF, 0xE7BF, 0xE79F, 0xEFBF, 0xE79F, 0xDF3E, 0xDF5F, 0xD75F, 0xD75F, 0xDF5F,
  0xD75F, 0xDF5F, 0xDF5F, 0xDF5F, 0xDF3F, 0xDF5F, 0xDF7F, 0xE77F, 0xE79F, 0xE79F, 0xE79F, 0xE79F,
  0xE79F, 0xE79F, 0xE79F, 0xDF7F, 0xDF5F, 0xDF5F, 0xDF5F, 0xDF5F, 0xDF7F, 0xD75F, 0xD73F, 0xD75F,
  0xD77F, 0xD77F, 0xCF3F, 0xC6FF, 0xBEDF, 0xBEFF, 0xBEFF, 0xB6BF, 0xAE9F, 0xAEBF, 0xAEBF, 0xAE9F,
  0xA67F, 0x9E7F, 0x9E5F, 0x961F, 0x8DFE, 0x85BE, 0x85BE, 0x85BE, 0x8DBE, 0x85BE, 0x85BD, 0x8DBE,
  0x961E, 0x9E5F, 0x9E5F, 0x961E, 0x9E3E, 0x9E3E, 0x961E, 0x961E, 0x9E1E, 0x9E3F, 0xA65F, 0xA67F,
  0xA69F, 0xA69F, 0xA67F, 0xA67F, 0xA67F, 0xA69F, 0x9E5E, 0x95FD, 0x8DBD, 0x8DBD, 0x85BE, 0x85BE,
  0x85DE, 0x85DE, 0x85DE, 0x85DE, 0x85DE, 0x85BE, 0x85BE, 0x85BE, 0x85BE, 0x85BE, 0x85BE, 0x85BE,
  0x85DE, 0x85BD, 0x85DE, 0x85BE, 0x85BE, 0x85DE, 0x859D, 0x8DBD, 0xA63D, 0xC71F, 0xCF7F, 0xCF5F,
  0xD75F, 0xD75F, 0xC6FF, 0xBE9E, 0xC6BE, 0xBE9D, 0xBE7C, 0xD75F, 0xE7BF, 0xDF7F, 0xE79F, 0xE79F,
  0xE79F, 0xE77F, 0xEFBF, 0xDF7F, 0xD73E, 0xC6BD, 0xC6BD, 0xBE9D, 0xCEFE, 0xD73F, 0xD73F, 0xD71E,
  0xDF3E, 0xE79F, 0xEF9F, 0xDF5F, 0xDF7F, 0xDF7F, 0xD75F, 0xD73F, 0xDF7F, 0xDF7F, 0xDF5F, 0xDF5F,
  0xDF5F, 0xDF3F, 0xDF5F, 0xE77F, 0xE79F, 0xE79F, 0xE79F, 0xE79F, 0xE79F, 0xE79F, 0xE77F, 0xDF7F,
  0xDF5F, 0xDF5F, 0xDF5F, 0xDF5F, 0xD75F, 0xD75F, 0xD75F, 0xD75F, 0xD77F, 0xD75F, 0xCEFF, 0xBEBE,
  0xBEDF, 0xBEDF, 0xB6DF, 0xB6BF, 0xB6BF, 0xAEBF, 0xAE9F, 0xA69F, 0xA67F, 0x9E5F, 0x961F, 0x95FF,
  0x8DDF, 0x85BE, 0x85BE, 0x85BE, 0x85BE, 0x8DBE, 0x85BE, 0x85BD, 0x85BD, 0x8DDD, 0x8DDD, 0x85BC,
  0x8DBD, 0x8DBC, 0x8DBC, 0x8DBD, 0x8DBD, 0x8DBD, 0x8DBD, 0x8DBE, 0x859D, 0x8DBD, 0x8DBD, 0x85BC,
  0x8DDC, 0x8DFD, 0x8DDD, 0x859D, 0x85BD, 0x85BE, 0x85BE, 0x85DE, 0x85DE, 0x85DE, 0x85DE, 0x85DE,
  0x85DE, 0x85BE, 0x85BE, 0x85BE, 0x85BE, 0x85BE, 0x85BE, 0x85BE, 0x85DE, 0x85BD, 0x85BE, 0x85BD,
  0x85DE, 0x8DFE, 0x8DFE, 0x9E5F, 0xCF7F, 0xC71E, 0xBEBD, 0xBEBD, 0xBEBE, 0xBE7D, 0xB67D, 0xBE9E,
  0xBE9E, 0xBE9E, 0xBE9D, 0xD75F, 0xE7DF, 0xE7BF, 0xE7DF, 0xE7BF, 0xE79F, 0xE79F, 0xEFBF, 0xE79F,
  0xDF9F, 0xD71E, 0xCEFE, 0xBE9C, 0xC6BD, 0xC6BD, 0xBE9C, 0xBE7B, 0xCEBC, 0xDF3E, 0xE77F, 0xE77F,
  0xE79F, 0xE7BF, 0xDF7F, 0xDF5F, 0xDF7F, 0xDF5F, 0xD73F, 0xDF5F, 0xDF5F, 0xDF5F, 0xDF5F, 0xE77F,
  0xE79F, 0xE79F, 0xE79F, 0xE79F, 0xE79F, 0xE79F, 0xDF7F, 0xDF5F, 0xDF5F, 0xDF5F, 0xDF5F, 0xDF5F,
  0xD75F, 0xD75F, 0xD77F, 0xD77F, 0xD75F, 0xCF3F, 0xC6FE, 0xBEBE, 0xBEDF, 0xB6BF, 0xB69F, 0xB6BF,
  0xB6BF, 0xAE9F, 0xA67F, 0xA67F, 0x9E5F, 0x9E3F, 0x8DFF, 0x8DDE, 0x85BE, 0x85BE, 0x85BE, 0x8DDF,
  0x85BE, 0x85DE, 0x8DDE, 0x85BD, 0x85BD, 0x85BD, 0x85BD, 0x85BD, 0x8DBD, 0x8DDD, 0x8DBD, 0x8DBD,
  0x8DBD, 0x8DBD, 0x8DBD, 0x85BD, 0x85BD, 0x85BE, 0x85DD, 0x85BD, 0x85BC, 0x85BD, 0x85DD, 0x85DE,
  0x85BE, 0x85BE, 0x85DE, 0x85DE, 0x85DE, 0x85DE, 0x85DE, 0x85DE, 0x85DE, 0x85BE, 0x85BE, 0x85BE,
  0x85BE, 0x85BE, 0x85BE, 0x85BE, 0x85DE, 0x85DE, 0x85BE, 0x85BD, 0x85DE, 0x85DE, 0x85DE, 0xA69F,
  0xC71F, 0xC6BD, 0xBE9C, 0xBE9D, 0xBE9E, 0xC6BE, 0xC6DF, 0xC6DF, 0xC6BF, 0xBE9E, 0xBE9D, 0xCF1F,
  0xD75F, 0xD75F, 0xD77F, 0xD73E, 0xD73E, 0xDF3F, 0xE79F, 0xE79F, 0xEFDF, 0xDF9F, 0xD75F, 0xC6DD,
  0xC6BC, 0xC69C, 0xBE9C, 0xC6BC, 0xD71E, 0xE79F, 0xEFBF, 0xE7BF, 0xDF9F, 0xDFBF, 0xDF9F, 0xDF7F,
  0xDF5F, 0xD75F, 0xD75F, 0xDF7F, 0xDF5F, 0xDF5F, 0xDF5F, 0xDF5F, 0xE77F, 0xE79F, 0xE79F, 0xE79F,
  0xE79F, 0xDF7F, 0xDF5F, 0xDF5F, 0xDF5F, 0xDF5F, 0xDF5F, 0xD75F, 0xDF5F, 0xD75F, 0xD77F, 0xD75F,
  0xCF1F, 0xC6FE, 0xC6DE, 0xC6DE, 0xBEDF, 0xBEBF, 0xB69F, 0xB69F, 0xAE9F, 0xAE7F, 0xA67F, 0xA67F,
  0x9E3F, 0x95FF, 0x8DDE, 0x85BE, 0x85BE, 0x85BE, 0x85BE, 0x85DE, 0x85BE, 0x85DE, 0x8DDE, 0x8DDE,
  0x85BE, 0x85DE, 0x8DDE, 0x8DDE, 0x85BD, 0x85BD, 0x8DBE, 0x8DBE, 0x8DBE, 0x8DBE, 0x8DBE, 0x85BE,
  0x8DDE, 0x8DFE, 0x8DFE, 0x85DE, 0x85BD, 0x85DD, 0x85DE, 0x85DE, 0x85DE, 0x85BE, 0x85DE, 0x85DE,
  0x85DE, 0x85DE, 0x85DE, 0x85DE, 0x85DE, 0x85BE, 0x85BE, 0x85BE, 0x85BE, 0x85BE, 0x85BE, 0x85BE,
  0x85BD, 0x85DE, 0x85DE, 0x85BD, 0x8DFE, 0x85BD, 0x7D9D, 0xA67F, 0xB69D, 0xBE9C, 0xC6DD, 0xC6DE,
  0xBE9D, 0xC6BE, 0xC6DF, 0xB67E, 0xC6BF, 0xBEBE, 0xBE9E, 0xBEBD, 0xBEBD, 0xBEBD, 0xBEDD, 0xBEBC,
  0xBE9C, 0xCEDE, 0xD73F, 0xD73F, 0xE7BF, 0xE7BF, 0xDF9F, 0xD75F, 0xCEDD, 0xC6DD, 0xCEDD, 0xCF1E,
  0xDF5F, 0xE79F, 0xE79F, 0xDF7F, 0xDF9F, 0xDF9F, 0xD77F, 0xD75F, 0xD77F, 0xD75F, 0xD75F, 0xDF7F,
  0xD75F, 0xDF5F, 0xDF5F, 0xDF5F, 0xDF5F, 0xE79F, 0xE79F, 0xE79F, 0xE79F, 0xDF7F, 0xDF5F, 0xD75F,
  0xDF5F, 0xDF5F, 0xDF5F, 0xD75F, 0xDF5F, 0xD75F, 0xD75F, 0xCF3F, 0xC6FE, 0xBEBD, 0xBE9D, 0xBEBE,
  0xBEBE, 0xBEDF, 0xBEDF, 0xB69E, 0xAE7E, 0xAE7F, 0xA65F, 0x9E3E, 0x961E, 0x8DDE, 0x85BD, 0x85BE,
  0x85DE, 0x85DE, 0x85BE, 0x85BE, 0x85DE, 0x85DE, 0x85DE, 0x85DE, 0x85DE, 0x85BE, 0x85BE, 0x85BE,
  0x85BE, 0x85BE, 0x85BE, 0x85BE, 0x85BE, 0x85BE, 0x85BE, 0x85BE, 0x85BE, 0x85BE, 0x85BE, 0x85BD,
  0x85BD, 0x85DE, 0x85DE, 0x85BE, 0x85DE, 0x85BE, 0x85BE, 0x85BE, 0x85DE, 0x85DE, 0x85DE, 0x85DE,
  0x85DE, 0x85BE, 0x85BE, 0x85BE, 0x85BE, 0x85BE, 0x85BE, 0x85BE, 0x85BD, 0x85DE, 0x85DE, 0x85BE,
  0x8DFF, 0x85DE, 0x85BD, 0xA69F, 0xC71F, 0xBEBD, 0xBEBD, 0xBEDE, 0xBE9D, 0xBE9D, 0xBEBE, 0xBE9E,
  0xBE9E, 0xBEBE, 0xBEBE, 0xBEBD, 0xBE9D, 0xBEBD, 0xBEBD, 0xC6BD, 0xBE9D, 0xBEBD, 0xC6BE, 0xC6BD,
  0xDF7F, 0xE79F, 0xE79F, 0xDF7F, 0xE7BF, 0xE7BF, 0xE79F, 0xE79F, 0xE7BF, 0xE7BF, 0xE7BF, 0xE79F,
  0xE7BF, 0xDFBF, 0xD75F, 0xD75F, 0xD77F, 0xDF7F, 0xD75F, 0xD75F, 0xD75F, 0xDF5F, 0xDF5F, 0xDF5F,
  0xDF5F, 0xE79F, 0xE79F, 0xE79F, 0xDF7F, 0xDF7F, 0xDF5F, 0xD75F, 0xDF5F, 0xDF5F, 0xDF5F, 0xD75F,
  0xD75F, 0xD75F, 0xD75F, 0xCF3F, 0xC6DE, 0xBE9D, 0xBE9D, 0xC6DE, 0xB69D, 0xBEBE, 0xBEBE, 0xB69E,
  0xAE7E, 0xAE9E, 0xA65E, 0x9E1D, 0x95FD, 0x8DDD, 0x85BD, 0x85BD, 0x85DE, 0x85DE, 0x85DE, 0x85BE,
  0x85DE, 0x85BD, 0x85BD, 0x85DE, 0x85DE, 0x85BE, 0x85BE, 0x85BE, 0x8DDF, 0x8DDF, 0x8DDE, 0x85BE,
  0x85DE, 0x85DE, 0x85DE, 0x8DDE, 0x85BE, 0x85BE, 0x85BE, 0x85BE, 0x85DE, 0x85DE, 0x85DE, 0x85BE,
  0x85BE, 0x85BE, 0x85BE, 0x85BE, 0x85BE, 0x85DE, 0x85DE, 0x85DE, 0x85DE, 0x85BE, 0x85BE, 0x85BE,
  0x85BE, 0x85BE, 0x85BE, 0x85BE, 0x85DE, 0x85DE, 0x85BE, 0x85BD, 0x8DDE, 0x85DE, 0x85BE, 0xA67F,
  0xBF1F, 0xBEDF, 0xBEDE, 0xBEDF, 0xC6FF, 0xCF1F, 0xC71F, 0xBEBE, 0xBE9D, 0xBE9D, 0xC6DE, 0xC6BE,
  0xBEBE, 0xC6BE, 0xBE9E, 0xC6BE, 0xBEBE, 0xBEBE, 0xBE9D, 0xBE9D, 0xDF7F, 0xE7BF, 0xE7BF, 0xE79F,
  0xE79F, 0xE79F, 0xE7BF, 0xE79F, 0xE79F, 0xE7BF, 0xDF9F, 0xDF7F, 0xD75F, 0xD75F, 0xCF1F, 0xCF1F,
  0xD77F, 0xDF7F, 0xD75F, 0xD75F, 0xD75F, 0xDF5F, 0xDF5F, 0xDF5F, 0xDF5F, 0xDF7F, 0xE79F, 0xE79F,
  0xDF7F, 0xDF5F, 0xDF5F, 0xDF5F, 0xDF5F, 0xDF5F, 0xD75F, 0xD75F, 0xD77F, 0xD75F, 0xCF3F, 0xCF1F,
  0xC6DE, 0xBEBE, 0xC6FF, 0xD75F, 0xC6FE, 0xC6DE, 0xBEBD, 0xB69D, 0xB6BE, 0xB6DF, 0xB6BF, 0xA67F,
  0x95FD, 0x8DDD, 0x85BD, 0x85BD, 0x85DE, 0x85DE, 0x85DE, 0x85DE, 0x85DD, 0x85BD, 0x85BD, 0x85DE,
  0x85DE, 0x85DE, 0x85DF, 0x85DF, 0x85BF, 0x85BF, 0x85BE, 0x85BE, 0x85BE, 0x85BE, 0x85BD, 0x85BE,
  0x85BE, 0x85BE, 0x85BE, 0x85BE, 0x85BD, 0x85BD, 0x85BD, 0x85BD, 0x85BE, 0x85BE, 0x85BE, 0x85BE,
  0x85BE, 0x85BE, 0x85BD, 0x85BD, 0x85BE, 0x85BE, 0x85BE, 0x85BE, 0x85BE, 0x85BE, 0x85BE, 0x85BE,
  0x85DE, 0x85BE, 0x85DE, 0x85BD, 0x85BE, 0x85BD, 0x859D, 0x95FE, 0xBF3F, 0xCF7F, 0xCF7F, 0xCF5F,
  0xCF7F, 0xD79F, 0xCF5F, 0xC71F, 0xC6FE, 0xBEBD, 0xBEBD, 0xBE9D, 0xC6BE, 0xC6BE, 0xBE7E, 0xBE9E,
  0xBEBE, 0xBEBE, 0xBE9D, 0xBE9D, 0xD75F, 0xDF5F, 0xDF7F, 0xE79F, 0xE79F, 0xE79F, 0xE79F, 0xDF5F,
  0xDF7F, 0xDF9F, 0xDF7F, 0xCF3F, 0xC6DD, 0xC6DD, 0xC6DD, 0xC6FE, 0xD75F, 0xDF7F, 0xD75F, 0xDF5F,
  0xDF5F, 0xDF5F, 0xDF5F, 0xDF5F, 0xDF5F, 0xDF5F, 0xDF7F, 0xE79F, 0xDF7F, 0xDF5F, 0xDF5F, 0xDF5F,
  0xD75F, 0xD75F, 0xD75F, 0xD75F, 0xD77F, 0xCF3F, 0xC6FE, 0xBEBE, 0xBE9D, 0xBEBD, 0xCF3F, 0xE7DF,
  0xE7BF, 0xD73F, 0xC6BD, 0xBEBD, 0xC6FE, 0xCF1F, 0xCF3F, 0xC73F, 0x95DC, 0x8DBC, 0x8DBC, 0x85BD,
  0x85DD, 0x85DD, 0x85DE, 0x85DE, 0x85DE, 0x85DD, 0x85DE, 0x85DE, 0x85DE, 0x85BE, 0x85BE, 0x85DF,
  0x85BE, 0x85BE, 0x85BE, 0x85DE, 0x85DE, 0x85DE, 0x85DE, 0x85BE, 0x85DE, 0x85BE, 0x85BE, 0x85DE,
  0x85BE, 0x85BD, 0x85DE, 0x8DDE, 0x85BE, 0x85BE, 0x85BE, 0x85BE, 0x85BE, 0x85BE, 0x85BD, 0x85BD,
  0x85BE, 0x85BE, 0x85BE, 0x85BE, 0x85BE, 0x85BE, 0x85BE, 0x85BE, 0x85BE, 0x85BD, 0x85DE, 0x85DE,
  0x85DE, 0x85DE, 0x859D, 0x85BD, 0x8DDD, 0x8DBC, 0x8DBC, 0x95DC, 0x95DB, 0x8D9A, 0x95DB, 0xB6DE,
  0xCF7F, 0xBEDE, 0xBEBE, 0xB69E, 0xBEBF, 0xC6DF, 0xBE9F, 0xBEDF, 0xB67E, 0xBEDF, 0xBEDF, 0xB69E,
  0xC6FF, 0xBEBD, 0xC6DE, 0xD73F, 0xE7BF, 0xDF9F, 0xCF1F, 0xB67C, 0xB67C, 0xBEBE, 0xBEDE, 0xB67D,
  0xBEBE, 0xBEDE, 0xC6DE, 0xC71F, 0xD75F, 0xD75F, 0xD75F, 0xD75F, 0xDF7F, 0xD75F, 0xDF5F, 0xDF5F,
  0xDF5F, 0xDF5F, 0xDF7F, 0xE79F, 0xDF9F, 0xD75E, 0xD75F, 0xD77F, 0xD75F, 0xD75F, 0xD77F, 0xD75F,
  0xC6DE, 0xBE9D, 0xC6DE, 0xBE9D, 0xBE9D, 0xD73F, 0xDF7F, 0xDF9F, 0xE79F, 0xEFBF, 0xDF1E, 0xCE9C,
  0xDF3E, 0xE7BF, 0xE79F, 0xDF9F, 0xC6FF, 0x95BB, 0x8D9B, 0x8DDC, 0x85DD, 0x85DD, 0x7DBE, 0x85FE,
  0x85DE, 0x85DE, 0x85BE, 0x85BE, 0x85BE, 0x85BE, 0x85BE, 0x85BE, 0x85BE, 0x85BE, 0x85BE, 0x85BE,
  0x85BE, 0x85BE, 0x85BE, 0x85BE, 0x85BE, 0x85BE, 0x85BE, 0x85BE, 0x85BE, 0x85BE, 0x85BE, 0x85BE,
  0x85BE, 0x85BE, 0x85BE, 0x85BE, 0x85BE, 0x85BE, 0x85BE, 0x85BE, 0x85BE, 0x85BE, 0x85BE, 0x85BE,
  0x85BE, 0x85BE, 0x85BE, 0x85BE, 0x85BE, 0x85BE, 0x85BE, 0x85BE, 0x85BE, 0x85BE, 0x85BE, 0x85DE,
  0x85DD, 0x85DD, 0x85DD, 0x85DD, 0x8DDD, 0x8DBC, 0x8DBC, 0x8DBC, 0x95DD, 0x95DC, 0xAE7F, 0xC77F,
  0xD7BF, 0xCF7F, 0xCF7F, 0xCF9F, 0x9E1E, 0x8DBC, 0xAE7F, 0xCF7F, 0xBEFF, 0xB69F, 0xB6DF, 0xB6BF,
  0xCF7F, 0xC71F, 0xB69F, 0xAE5E, 0xAE7E, 0xB69E, 0xB69E, 0xB6BF, 0xB6BF, 0xB6BF, 0xBEFF, 0xBEFF,
  0xBEDF, 0xCF5F, 0xDF9F, 0xD75F, 0xD75F, 0xD75F, 0xDF5F, 0xDF5F, 0xDF5F, 0xDF5F, 0xDF7F, 0xDF7F,
  0xD75E, 0xD75F, 0xDF7F, 0xD77F, 0xD75F, 0xDF7F, 0xDF7F, 0xD75F, 0xC6BE, 0xBE9D, 0xC6BD, 0xBE9D,
  0xCEDE, 0xDF7F, 0xE79F, 0xE7BF, 0xE79F, 0xE77F, 0xE73E, 0xE77F, 0xEFBF, 0xE79F, 0xE75F, 0xE79F,
  0xE7FF, 0xBEBE, 0x95BB, 0x8D9C, 0x85BD, 0x7DBD, 0x7DDF, 0x7DBE, 0x85DE, 0x85BE, 0x85BE, 0x85BE,
  0x85BE, 0x85BE, 0x85BE, 0x85BE, 0x85BE, 0x85BE, 0x85BE, 0x85BE, 0x85BE, 0x85BE, 0x85BE, 0x85BE,
  0x85BE, 0x85BE, 0x85BE, 0x85BE, 0x85BE, 0x85BE, 0x85BE, 0x85BE, 0x85BE, 0x85BE, 0x85BE, 0x85BE,
  0x85BE, 0x85BE, 0x85BE, 0x85BE, 0x85BE, 0x85BE, 0x85BE, 0x85BE, 0x85BE, 0x85BE, 0x85BE, 0x85BE,
  0x85BE, 0x85BE, 0x85BE, 0x85BE, 0x85BE, 0x85BE, 0x85BE, 0x85DE, 0x85DE, 0x85DE, 0x85DE, 0x85DE,
  0x85DE, 0x85DE, 0x85BE, 0x85BD, 0x85BD, 0x859C, 0x8DDD, 0x9E1E, 0x9E1E, 0x95FD, 0x9E1D, 0x95FD,
  0x8DDD, 0x857C, 0x95DD, 0x9E3F, 0x95DD, 0x8DBC, 0x95FD, 0x95DD, 0x9E3F, 0xA65F, 0xA63F, 0xA63F,
  0xAE7F, 0xAE9F, 0xAEBF, 0xB6BF, 0xAEBF, 0xAEBF, 0xB6DF, 0xBEFF, 0xBEDF, 0xCF3F, 0xD77F, 0xD75F,
  0xD75F, 0xD75F, 0xDF5F, 0xDF5F, 0xDF5F, 0xDF5F, 0xDF5F, 0xDF5F, 0xCF3F, 0xD77F, 0xDF9F, 0xD75F,
  0xCF3F, 0xD75F, 0xD75F, 0xCF1F, 0xC6BD, 0xBE9D, 0xBE9C, 0xBE7C, 0xCEFE, 0xE79F, 0xE79F, 0xE79F,
  0xE79F, 0xE7BF, 0xE7BF, 0xE7BF, 0xE79F, 0xE79F, 0xE79F, 0xDF9F, 0xD77F, 0xBEDF, 0x959B, 0x8D9C,
  0x8DFE, 0x85DF, 0x8DFF, 0x7DBE, 0x85DE, 0x85BE, 0x85BE, 0x85BE, 0x85BE, 0x85BE, 0x85BE, 0x85BE,
  0x85BE, 0x85BE, 0x85BE, 0x85BE, 0x85BE, 0x85BE, 0x85BE, 0x85BE, 0x85BE, 0x85BE, 0x85BE, 0x85BE,
  0x85BE, 0x85BE, 0x85BE, 0x85BE, 0x85BE, 0x85BE, 0x85BE, 0x85BE, 0x85BE, 0x85BE, 0x85BE, 0x85BE,
  0x85BE, 0x85BE, 0x85BE, 0x85BE, 0x85BE, 0x85BE, 0x85BE, 0x85BE, 0x85BE, 0x85BE, 0x85BE, 0x85BE,
  0x85BE, 0x85BE, 0x85BE, 0x85DE, 0x85DE, 0x85DE, 0x85DE, 0x85DE, 0x85DE, 0x85BE, 0x85BE, 0x85BE,
  0x8DDE, 0x8DBD, 0x8DBD, 0x859C, 0x857B, 0x8D9C, 0x8DBC, 0x857C, 0x8DBD, 0x85BD, 0x8DDD, 0x8DBD,
  0x859C, 0x8DBC, 0x8DDD, 0x8DBD, 0x859C, 0x8DDD, 0x95FE, 0x9E3F, 0xA69F, 0xAE9F, 0xAE9F, 0xAEBF,
  0xAEBF, 0xAEBF, 0xB6DF, 0xBEDF, 0xBEDF, 0xC71F, 0xD75F, 0xD75F, 0xD75F, 0xD75F, 0xDF5F, 0xDF5F,
  0xDF5F, 0xDF5F, 0xDF5F, 0xDF5F, 0xD75F, 0xD75F, 0xD75F, 0xCF3F, 0xC6FE, 0xC6FE, 0xC6DE, 0xBEBD,
  0xBE9D, 0xC6DD, 0xC6BD, 0xC69C, 0xD71E, 0xE79F, 0xE79F, 0xE79F, 0xE7BF, 0xDF9F, 0xDF9F, 0xDF9F,
  0xDF9F, 0xE7BF, 0xE7BF, 0xDF9F, 0xE7FF, 0xD77F, 0xA61C, 0x8D7B, 0x8D9C, 0x857C, 0x85BD, 0x8DFF,
  0x85DE, 0x85BE, 0x85BE, 0x85BE, 0x85BE, 0x85BE, 0x85BE, 0x85BE, 0x85BE, 0x85BE, 0x85BE, 0x85BE,
  0x85BE, 0x85BE, 0x85BE, 0x85BE, 0x85BE, 0x85BE, 0x85BE, 0x85BE, 0x85BE, 0x85BE, 0x85BE, 0x85BE,
  0x85BE, 0x85BE, 0x85BE, 0x85BE, 0x85BE, 0x85BE, 0x85BE, 0x85BE, 0x85BE, 0x85BE, 0x85BE, 0x85BE,
  0x85BE, 0x85BE, 0x85BE, 0x85BE, 0x85BE, 0x85BE, 0x85BE, 0x85BE, 0x85BE, 0x85BE, 0x85BE, 0x85DE,
  0x85DE, 0x85DE, 0x85DE, 0x85DE, 0x85BE, 0x85BE, 0x85BE, 0x85BE, 0x8DBE, 0x8DDE, 0x8DDE, 0x8DBD,
  0x8D9D, 0x8DDD, 0x95DD, 0x8DBD, 0x85BD, 0x8DDE, 0x85BE, 0x85BD, 0x85BD, 0x8DDD, 0x8DDE, 0x8DDD,
  0x859D, 0x8DDE, 0x95FE, 0x9E3F, 0xA67F, 0xA67F, 0xA69F, 0xAEBF, 0xAEBF, 0xAEBF, 0xB6BF, 0xBEDF,
  0xBEDF, 0xC6FF, 0xCF3F, 0xD77F, 0xD75F, 0xDF5F, 0xDF5F, 0xDF5F, 0xDF5F, 0xDF5F, 0xDF5F, 0xDF5F,
  0xDF7F, 0xCF1F, 0xC6FF, 0xC6DF, 0xC6BE, 0xBE9D, 0xBE9D, 0xBE9D, 0xC6DE, 0xD75F, 0xD73F, 0xD71E,
  0xDF7F, 0xE7BF, 0xE7BF, 0xE7BF, 0xDF9F, 0xC71D, 0xCF1D, 0xDF9F, 0xE7DF, 0xE7BF, 0xE79F, 0xE7BF,
  0xDF9F, 0xDF9F, 0xD77F, 0xCF3F, 0xC73F, 0xAE9D, 0x8D79, 0x859A, 0x8DDD, 0x85BE, 0x85BE, 0x85BE,
  0x85BE, 0x85BE, 0x85BE, 0x85BE, 0x85BE, 0x85BE, 0x85BE, 0x85BE, 0x85BE, 0x85BE, 0x85BE, 0x85BE,
  0x85BE, 0x85BE, 0x85BE, 0x85BE, 0x85BE, 0x85BE, 0x85BE, 0x85BE, 0x85BE, 0x85BE, 0x85BE, 0x85BE,
  0x85BE, 0x85BE, 0x85BE, 0x85BE, 0x85BE, 0x85BE, 0x85BE, 0x85BE, 0x85BE, 0x85BE, 0x85BE, 0x85BE,
  0x85BE, 0x85BE, 0x85BE, 0x85BE, 0x85BE, 0x85BE, 0x85BE, 0x85BE, 0x85DE, 0x85DE, 0x85DE, 0x85BE,
  0x85BE, 0x85BE, 0x85BE, 0x85BE, 0x85BE, 0x859E, 0x85BE, 0x8DDE, 0x85BD, 0x8DBD, 0x8DBD, 0x85BD,
  0x85BE, 0x85DE, 0x85BE, 0x85BD, 0x8DDE, 0x85BD, 0x859D, 0x85BD, 0x85BE, 0x8DDE, 0x8DDE, 0x8DFE,
  0x9E5F, 0xA67F, 0xA69F, 0xAEBF, 0xAEBF, 0xAEBF, 0xB6BF, 0xB6DF, 0xBEDF, 0xBEDF, 0xC71F, 0xD75F,
  0xD75F, 0xD75F, 0xDF5F, 0xDF5F, 0xDF5F, 0xDF5F, 0xDF5F, 0xDF5F, 0xD75F, 0xC6DE, 0xBE9E, 0xBEBE,
  0xBEBE, 0xBE9D, 0xBEBE, 0xC6BE, 0xD75F, 0xE7DF, 0xE7BF, 0xE79F, 0xE79F, 0xE79F, 0xE79F, 0xDF5E,
  0xCF1E, 0xBEBD, 0xBE9C, 0xCF1E, 0xDF7F, 0xE79F, 0xE79F, 0xE79F, 0xE7BF, 0xE79F, 0xE7BF, 0xDF9F,
  0xE7FF, 0xDFBF, 0xBEDD, 0xBF1F, 0x8DDD, 0x85BE, 0x85BE, 0x85BE, 0x85BE, 0x85BE, 0x85BE, 0x85BE,
  0x85BE, 0x85BE, 0x85BE, 0x85BE, 0x85BE, 0x85BE, 0x85BE, 0x85BE, 0x85BE, 0x85BE, 0x85BE, 0x85BE,
  0x85BE, 0x85BE, 0x85BE, 0x85BE, 0x85BE, 0x85BE, 0x85BE, 0x85BE, 0x85BE, 0x85BE, 0x85BE, 0x85BE,
  0x85BE, 0x85BE, 0x85BE, 0x85BE, 0x85BE, 0x85BE, 0x85BE, 0x85BE, 0x85BE, 0x85BE, 0x85BE, 0x85BE,
  0x85BE, 0x85BE, 0x85BE, 0x85BE, 0x85BE, 0x85BE, 0x85BE, 0x85BE, 0x85BE, 0x85BE, 0x85BE, 0x85BE,
  0x8DDF, 0x859E, 0x85BE, 0x8DDE, 0x85BE, 0x85BD, 0x85BE, 0x85DE, 0x8DDF, 0x85DF, 0x85DE, 0x85DE,
  0x8DFE, 0x85DE, 0x85BE, 0x85DE, 0x85BE, 0x85BE, 0x85BE, 0x8DDE, 0x963F, 0x9E7F, 0x9E9F, 0xA69F,
  0xAEBF, 0xAEBF, 0xAEBF, 0xB6BF, 0xBEDF, 0xBEDF, 0xC6FF, 0xD75F, 0xD75F, 0xD75F, 0xD75F, 0xDF5F,
  0xDF5F, 0xDF5F, 0xDF5F, 0xDF5F, 0xC6FF, 0xBE9E, 0xBE9D, 0xBEBE, 0xBEBE, 0xBEBE, 0xC6BE, 0xC6BE,
  0xD73F, 0xE79F, 0xE79F, 0xE7BF, 0xE79F, 0xE79F, 0xE77F, 0xCEDD, 0xBE7D, 0xC6BE, 0xBE9E, 0xBE7D,
  0xCEFF, 0xDF3F, 0xD71E, 0xD6FE, 0xEF9F, 0xEFBF, 0xE79F, 0xDF5F, 0xE79F, 0xE7BF, 0xE79F, 0xDFDF,
  0x8DBC, 0x85BE, 0x85BE, 0x85BE, 0x85BE, 0x85BE, 0x85BE, 0x85BE, 0x85BE, 0x85BE, 0x85BE, 0x85BE,
  0x85BE, 0x85BE, 0x85BE, 0x85BE, 0x85BE, 0x85BE, 0x85BE, 0x85BE, 0x85BE, 0x85BE, 0x85BE, 0x85BE,
  0x85BE, 0x85BE, 0x85BE, 0x85BE, 0x85BE, 0x85BE, 0x85BE, 0x85BE, 0x85BE, 0x85BE, 0x85BE, 0x85BE,
  0x85BE, 0x85BE, 0x85BE, 0x85BE, 0x85BE, 0x85BE, 0x85BE, 0x85BE, 0x85BE, 0x85BE, 0x85BE, 0x85BE,
  0x85BE, 0x85BE, 0x85BE, 0x85BE, 0x85BE, 0x85BE, 0x85BE, 0x85BE, 0x85DE, 0x859E, 0x85BE, 0x85BE,
  0x85BE, 0x85BE, 0x85BE, 0x85BE, 0x85BE, 0x85BE, 0x85BE, 0x85BE, 0x85BE, 0x85BE, 0x85DE, 0x85DE,
  0x85DE, 0x85DE, 0x85BE, 0x8DDE, 0x963F, 0x9E5F, 0x9E7F, 0xA69F, 0xAE9F, 0xAEBF, 0xAEBF, 0xB69F,
  0xBEDF, 0xBEDF, 0xC6FF, 0xCF1F, 0xD75F, 0xD75F, 0xD75F, 0xDF5F, 0xDF5F, 0xDF5F, 0xDF5F, 0xDF5F,
  0xBEBD, 0xBEBD, 0xBEBE, 0xBEBE, 0xBE9D, 0xBEBE, 0xC6BE, 0xBE9D, 0xC6BE, 0xCF1F, 0xCF1F, 0xDF7F,
  0xDF9F, 0xE7BF, 0xE79F, 0xC6BD, 0xBE7D, 0xC6BE, 0xC6BE, 0xCEFF, 0xD73F, 0xCEBE, 0xBE5B, 0xC67C,
  0xCEBD, 0xEF9F, 0xEF9F, 0xE79F, 0xE77F, 0xE77F, 0xE7BF, 0xD79F, 0x8DBD, 0x85BE, 0x85BE, 0x85BE,
  0x85BE, 0x85BE, 0x85BE, 0x85BE, 0x85BE, 0x85BE, 0x85BE, 0x85BE, 0x85BE, 0x85BE, 0x85BE, 0x85BE,
  0x85BE, 0x85BE, 0x85BE, 0x85BE, 0x85BE, 0x85BE, 0x85BE, 0x85BE, 0x85BE, 0x85BE, 0x85BE, 0x85BE,
  0x85BE, 0x85BE, 0x85BE, 0x85BE, 0x85BE, 0x85BE, 0x85BE, 0x85BE, 0x85BE, 0x85BE, 0x85BE, 0x85BE,
  0x85BE, 0x85BE, 0x85BE, 0x85BE, 0x85BE, 0x85BE, 0x85BE, 0x85BE, 0x85BE, 0x85BE, 0x85BE, 0x85BE,
  0x85BE, 0x85BE, 0x85BE, 0x85BE, 0x85BE, 0x85BE, 0x85DE, 0x85DE, 0x85BE, 0x85DE, 0x85DE, 0x85BE,
  0x85BE, 0x85DE, 0x8DDF, 0x85DE, 0x85BD, 0x85DE, 0x85DE, 0x859D, 0x85BE, 0x85BE, 0x859E, 0x85BE,
  0x8DFF, 0x963F, 0x9E7F, 0xA6BF, 0xA69F, 0xAEBF, 0xAE9F, 0xAE9F, 0xBEDF, 0xBEFF, 0xBEDF, 0xC71F,
  0xD75F, 0xD75F, 0xD75F, 0xD75F, 0xD75F, 0xDF5F, 0xDF5F, 0xDF5F, 0xCF1E, 0xC6DD, 0xBE9D, 0xBE9D,
  0xBEBD, 0xBEBD, 0xBE9D, 0xBE9D, 0xBEBE, 0xBE7D, 0xBEBE, 0xD73F, 0xE7BF, 0xE7DF, 0xE79F, 0xD75F,
  0xCF3F, 0xCF5F, 0xDF9F, 0xE7FF, 0xE7FF, 0xDF9F, 0xD75F, 0xD73F, 0xDF5F, 0xE79F, 0xE7DF, 0xE7DF,
  0xE7DF, 0xE7BF, 0xCF1F, 0xB67E, 0x8DBD, 0x85BE, 0x85BE, 0x85BE, 0x85BE, 0x85BE, 0x85BE, 0x85BE,
  0x85BE, 0x85BE, 0x85BE, 0x85BE, 0x85BE, 0x85BE, 0x85BE, 0x85BE, 0x85BE, 0x85BE, 0x85BE, 0x85BE,
  0x85BE, 0x85BE, 0x85BE, 0x85BE, 0x85BE, 0x85BE, 0x85BE, 0x85BE, 0x85BE, 0x85BE, 0x85BE, 0x85BE,
  0x85BE, 0x85BE, 0x85BE, 0x85BE, 0x85BE, 0x85BE, 0x85BE, 0x85BE, 0x85BE, 0x85BE, 0x85BE, 0x85BE,
  0x85BE, 0x85BE, 0x85BE, 0x85BE, 0x85BE, 0x85BE, 0x85BE, 0x85DE, 0x85DE, 0x85BE, 0x85BE, 0x85BE,
  0x85DE, 0x85DE, 0x85DE, 0x85DE, 0x85DE, 0x85DE, 0x85DE, 0x85DE, 0x85BE, 0x85BE, 0x85BE, 0x85BE,
  0x85BE, 0x85BE, 0x85BE, 0x85BE, 0x85BE, 0x85BE, 0x85BE, 0x8DBE, 0x8DFF, 0x963F, 0x9E7F, 0xA67F,
  0xA67F, 0xAE9F, 0xAEBF, 0xB6BF, 0xB6DF, 0xBEFF, 0xBEFF, 0xBEDF, 0xCF3F, 0xD75F, 0xDF7F, 0xD75F,
  0xD75F, 0xDF7F, 0xDF5F, 0xD73F, 0xD77F, 0xCF3F, 0xCF1E, 0xCF1E, 0xCF1F, 0xC71F, 0xC6DE, 0xBEDE,
  0xC6FF, 0xBEBE, 0xC6DF, 0xCF1F, 0xCF3F, 0xCF3F, 0xCF1F, 0xC6DF, 0xCF3F, 0xC6FE, 0xBEDE, 0xBEFE,
  0xC6FE, 0xBEDE, 0xBEDE, 0xC6FF, 0xBEDF, 0xC6FF, 0xC6FF, 0xBEDF, 0xBEDF, 0xB6BF, 0xAE3E, 0x95BC,
  0x8DBD, 0x85BE, 0x85BE, 0x85BE, 0x85BE, 0x85BE, 0x85BE, 0x85BE, 0x85BE, 0x85BE, 0x85BE, 0x85BE,
  0x85BE, 0x85BE, 0x85BE, 0x85BE, 0x85BE, 0x85BE, 0x85BE, 0x85BE, 0x85BE, 0x85BE, 0x85BE, 0x85BE,
  0x85BE, 0x85BE, 0x85BE, 0x85BE, 0x85BE, 0x85BE, 0x85BE, 0x85BE, 0x85BE, 0x85BE, 0x85BE, 0x85BE,
  0x85BE, 0x85BE, 0x85BE, 0x85BE, 0x85BE, 0x85BE, 0x85BE, 0x85BE, 0x85BE, 0x85BE, 0x85BE, 0x85BE,
  0x85BE, 0x85BE, 0x85BE, 0x85DE, 0x85DE, 0x85DE, 0x85DE, 0x85DE, 0x85DE, 0x85DE, 0x85DE, 0x85DE,
  0x85DE, 0x85DE, 0x85DE, 0x85DE, 0x85BE, 0x85BE, 0x85BE, 0x85BE, 0x85BD, 0x85BD, 0x85BE, 0x85BE,
  0x85BE, 0x85BE, 0x85BE, 0x8DBE, 0x8DDE, 0x961F, 0x9E5F, 0x9E7F, 0xA69F, 0xAE9F, 0xAE9F, 0xAE9F,
  0xB6BF, 0xBEDF, 0xBEDF, 0xBEDF, 0xCF1F, 0xD75F, 0xD77F, 0xD75F, 0xD75F, 0xDF5F, 0xDF5F, 0xDF5F,
  0xDF7F, 0xD75F, 0xD75F, 0xD77F, 0xD75F, 0xCF3F, 0xC6FF, 0xC6DF, 0xBEDF, 0xB69E, 0xB69E, 0xB69F,
  0xB67F, 0xAE5E, 0xAE3E, 0xA61E, 0x9DFD, 0x95BC, 0x8D9B, 0x8D9C, 0x8D9C, 0x8D9C, 0x8D9C, 0x8D9C,
  0x8D7C, 0x857C, 0x857C, 0x8D7D, 0x8D9D, 0x8DBE, 0x8D9D, 0x857D, 0x85BE, 0x85BE, 0x85BE, 0x85BE,
  0x85BE, 0x85BE, 0x85BE, 0x85BE, 0x85BE, 0x85BE, 0x85BE, 0x85BE, 0x85BE, 0x85BE, 0x85BE, 0x85BE,
  0x85BE, 0x85BE, 0x85BE, 0x85BE, 0x85BE, 0x85BE, 0x85BE, 0x85BE, 0x85BE, 0x85BE, 0x85BE, 0x85BE,
  0x85BE, 0x85BE, 0x85BE, 0x85BE, 0x85BE, 0x85BE, 0x85BE, 0x85BE, 0x85BE, 0x85BE, 0x85BE, 0x85BE,
  0x85BE, 0x85BE, 0x85BE, 0x85BE, 0x85BE, 0x85BE, 0x85BE, 0x85BE, 0x85BE, 0x85BE, 0x85BE, 0x85DD,
  0x85DD, 0x85DD, 0x85DD, 0x85DD, 0x85DE, 0x85DE, 0x85DE, 0x85DE, 0x85DE, 0x85DE, 0x85DE, 0x85DE,
  0x85BE, 0x85BE, 0x85BE, 0x85BD, 0x85BD, 0x85BD, 0x85BD, 0x85BE, 0x85BE, 0x85BE, 0x8DBE, 0x85BE,
  0x8DDE, 0x8DFE, 0x963E, 0x9E5F, 0xA69F, 0xAE9F, 0xAE9F, 0xAE9F, 0xB6BF, 0xB6DF, 0xBEDF, 0xBEDF,
  0xC6FF, 0xCF3F, 0xD77F, 0xD75F, 0xD75F, 0xDF5F, 0xDF5F, 0xDF5F, 0xD75F, 0xD75F, 0xD75F, 0xD77F,
  0xD75F, 0xCF3F, 0xC6FF, 0xBEDF, 0xBEBF, 0xB69F, 0xB69F, 0xB69F, 0xAE7F, 0xAE5F, 0xA63F, 0x9E1F,
  0x95DE, 0x8DBE, 0x8DBE, 0x8DDE, 0x8DFF, 0x8DDE, 0x8DBE, 0x85BE, 0x8DDF, 0x8DDE, 0x85BE, 0x85BE,
  0x85DF, 0x85DF, 0x85DF, 0x8DFF, 0x85BE, 0x85BE, 0x85BE, 0x85BE, 0x85BE, 0x85BE, 0x85BE, 0x85BE,
  0x85BE, 0x85BE, 0x85BE, 0x85BE, 0x85BE, 0x85BE, 0x85BE, 0x85BE, 0x85BE, 0x85BE, 0x85BE, 0x85BE,
  0x85BE, 0x85BE, 0x85BE, 0x85BE, 0x85BE, 0x85BE, 0x85BE, 0x85BE, 0x85BE, 0x85BE, 0x85BE, 0x85BE,
  0x85BE, 0x85BE, 0x85BE, 0x85BE, 0x85BE, 0x85BE, 0x85BE, 0x85BE, 0x85BE, 0x85BE, 0x85BE, 0x85BE,
  0x85BE, 0x85BE, 0x85BE, 0x85BE, 0x85BE, 0x85BE, 0x85BE, 0x85BE, 0x85DD, 0x85DD, 0x85DD, 0x85DD,
  0x85DD, 0x85DE, 0x85DE, 0x85DE, 0x85DE, 0x85DE, 0x85DE, 0x85DE, 0x85BE, 0x85BE, 0x85BE, 0x85BD,
  0x85BD, 0x85BD, 0x85BD, 0x85BE, 0x85BE, 0x85BE, 0x85BE, 0x85BE, 0x85BD, 0x8DDD, 0x961E, 0x9E5F,
  0xA67F, 0xAE9F, 0xAEBF, 0xAEBF, 0xB6BF, 0xB6DF, 0xBEDF, 0xBEDF, 0xC6DF, 0xCF1F, 0xD75F, 0xD77F,
  0xD75F, 0xDF5F, 0xDF5F, 0xDF5F, 0xDF5F, 0xD75F, 0xDF7F, 0xD77F, 0xD75F, 0xC71F, 0xBEFF, 0xBEDF,
  0xB6DF, 0xB6BF, 0xB6BF, 0xAEBF, 0xAE9F, 0xAE9F, 0xA67F, 0x9E3F, 0x8DDF, 0x85BF, 0x85BE, 0x85BE,
  0x85BE, 0x85DF, 0x85DE, 0x85DE, 0x85FF, 0x85DE, 0x85DE, 0x85DE, 0x7DDD, 0x7DBD, 0x7DBD, 0x85BD,
  0x85DE, 0x85BE, 0x85BE, 0x85BE, 0x85BE, 0x85BE, 0x85BE, 0x85BE, 0x85BE, 0x85BE, 0x85BE, 0x85BE,
  0x85BE, 0x85BE, 0x85BE, 0x85BE, 0x85BE, 0x85BE, 0x85BE, 0x85BE, 0x85BE, 0x85BE, 0x85BE, 0x85BE,
  0x85BE, 0x85BE, 0x85BE, 0x85BE, 0x85BE, 0x85BE, 0x85BE, 0x85BE, 0x85BE, 0x85BE, 0x85BE, 0x85BE,
  0x85BE, 0x85BE, 0x85BE, 0x85BE, 0x85BE, 0x85BE, 0x85BE, 0x85BE, 0x85BE, 0x85BE, 0x85BE, 0x85BE,
  0x85BE, 0x85BE, 0x85BE, 0x85BE, 0x85DE, 0x85DE, 0x85DE, 0x85DE, 0x85DE, 0x85DE, 0x85DE, 0x85DE,
  0x85BE, 0x85BE, 0x85BE, 0x85BE, 0x85BE, 0x85BE, 0x85BE, 0x85BE, 0x85DD, 0x85DD, 0x85BE, 0x85BE,
  0x85BE, 0x85BE, 0x85DE, 0x85DE, 0x85BD, 0x85BD, 0x8E1E, 0x9E5F, 0xA67F, 0xA67F, 0xAE9F, 0xAEBF,
  0xAEBF, 0xB6BF, 0xB6DF, 0xBEDF, 0xBEDF, 0xCF1F, 0xD75F, 0xD77F, 0xDF5F, 0xDF5F, 0xDF5F, 0xDF5F,
  0xDF5F, 0xDF5F, 0xDF7F, 0xD75F, 0xCF3F, 0xC6FF, 0xBEDF, 0xBEDF, 0xB6BF, 0xAE9F, 0xAE9F, 0xAE9F,
  0xA69F, 0xA67F, 0x9E3F, 0x8DFE, 0x85DE, 0x85DF, 0x85BE, 0x85BE, 0x85BE, 0x85BE, 0x85BE, 0x85DE,
  0x7DBE, 0x7DBD, 0x85DD, 0x85DE, 0x85FE, 0x85DD, 0x85DD, 0x85FD, 0x85DE, 0x85BE, 0x85BE, 0x85BE,
  0x85BE, 0x85BE, 0x85BE, 0x85BE, 0x85BE, 0x85BE, 0x85BE, 0x85BE, 0x85BE, 0x85BE, 0x85BE, 0x85BE,
  0x85BE, 0x85BE, 0x85BE, 0x85BE, 0x85BE, 0x85BE, 0x85BE, 0x85BE, 0x85BE, 0x85BE, 0x85BE, 0x85BE,
  0x85BE, 0x85BE, 0x85BE, 0x85BE, 0x85BE, 0x85BE, 0x85BE, 0x85BE, 0x85BE, 0x85BE, 0x85BE, 0x85BE,
  0x85BE, 0x85BE, 0x85BE, 0x85BE, 0x85BE, 0x85BE, 0x85BE, 0x85BE, 0x85BE, 0x85BE, 0x85BE, 0x85BE,
  0x85BE, 0x85BE, 0x85BE, 0x85BE, 0x85BE, 0x85BE, 0x85BE, 0x85BE, 0x85BE, 0x85BE, 0x85BE, 0x85BE,
  0x85BE, 0x85DE, 0x85DE, 0x85DE, 0x85DE, 0x85DE, 0x85DE, 0x85DE, 0x85DE, 0x85BE, 0x85DE, 0x85DE,
  0x85BE, 0x85BD, 0x8DFE, 0x963F, 0xA67F, 0xA67F, 0xA67F, 0xAE9F, 0xAE9F, 0xAE9F, 0xB6BF, 0xBEFF,
  0xBEDF, 0xC6FF, 0xD73F, 0xD75F, 0xDF5F, 0xDF5F, 0xDF5F, 0xDF5F, 0xDF3F, 0xDF5F, 0xDF5F, 0xD75F,
  0xCF1F, 0xBEDF, 0xBEBF, 0xB6DF, 0xB6BF, 0xAEBF, 0xAEBF, 0xA6BF, 0xA69F, 0x9E7F, 0x965F, 0x8DFE,
  0x85BD, 0x85DE, 0x8DDE, 0x85DE, 0x85DE, 0x85DE, 0x85BE, 0x85BE, 0x85DE, 0x85DE, 0x85DE, 0x85BE,
  0x85BE, 0x85BD, 0x85BD, 0x859D, 0x85BE, 0x85BE, 0x85BE, 0x85BE, 0x85BE, 0x85BE, 0x85BE, 0x85BE,
  0x85BE, 0x85BE, 0x85BE, 0x85BE, 0x85BE, 0x85BE, 0x85BE, 0x85BE, 0x85BE, 0x85BE, 0x85BE, 0x85BE,
  0x85BE, 0x85BE, 0x85BE, 0x85BE, 0x85BE, 0x85BE, 0x85BE, 0x85BE, 0x85BE, 0x85BE, 0x85BE, 0x85BE,
  0x85BE, 0x85BE, 0x85BE, 0x85BE, 0x85BE, 0x85BE, 0x85BE, 0x85BE, 0x85BE, 0x85BE, 0x85BE, 0x85BE,
  0x85BE, 0x85BE, 0x85BE, 0x85BE, 0x85BE, 0x85BF, 0x85BE, 0x85BE, 0x85BE, 0x85BE, 0x85BE, 0x85BE,
  0x85BE, 0x85BE, 0x85BE, 0x85BE, 0x85BE, 0x85BE, 0x85BF, 0x85BF, 0x85BE, 0x85DE, 0x85DE, 0x85DE,
  0x85DE, 0x85DE, 0x85DE, 0x85DE, 0x85DE, 0x85BE, 0x85BE, 0x85DE, 0x85DE, 0x85BD, 0x85FE, 0x963E,
  0x9E5F, 0xA67F, 0xAE9F, 0xAEBF, 0xAEBF, 0xAEBF, 0xB6BF, 0xBEFF, 0xBEDF, 0xC6FF, 0xCF3F, 0xD75F,
  0xDF5F, 0xDF5F, 0xDF5F, 0xDF5F, 0xD73F, 0xDF5F, 0xDF5F, 0xD75F, 0xCF1F, 0xBEDF, 0xBEDF, 0xBEFF,
  0xAEBF, 0xAEBF, 0xAEBF, 0xA6BF, 0x9E7F, 0x9E7F, 0x965F, 0x8E1E, 0x85BD, 0x85DD, 0x85DD, 0x85BD,
  0x85BD, 0x85BD, 0x85DE, 0x85DE, 0x85BE, 0x85DE, 0x85DE, 0x85BE, 0x85BE, 0x8DDE, 0x8DDE, 0x85BE,
  0x85BE, 0x85BE, 0x85BE, 0x85BE, 0x85BE, 0x85BE, 0x85BE, 0x85BE, 0x85BE, 0x85BE, 0x85BE, 0x85BE,
  0x85BE, 0x85BE, 0x85BE, 0x85BE, 0x85BE, 0x85BE, 0x85BE, 0x85BE, 0x85BE, 0x85BE, 0x85BE, 0x85BE,
  0x85BE, 0x85BE, 0x85BE, 0x85BE, 0x85BE, 0x85BE, 0x85BE, 0x85BE, 0x85BE, 0x85BE, 0x85BE, 0x85BE,
  0x85BE, 0x85BE, 0x85BE, 0x85BE, 0x85BE, 0x85BE, 0x85BE, 0x85BE, 0x85BE, 0x85BE, 0x85BE, 0x85BE,
  0x85BE, 0x85BE, 0x85BE, 0x85BE, 0x85BE, 0x85BE, 0x85BE, 0x85BE, 0x85BE, 0x85BE, 0x85BE, 0x85BE,
  0x85BE, 0x85BE, 0x85BE, 0x85BE, 0x85BE, 0x85DE, 0x85DE, 0x85DE, 0x85DE, 0x85DE, 0x85DE, 0x85DE,
  0x85DE, 0x85BE, 0x85BE, 0x85DE, 0x85DE, 0x85BD, 0x85DE, 0x961E, 0x9E3F, 0xA65F, 0xAEBF, 0xB6FF,
  0xBEFF, 0xB6DF, 0xB6BF, 0xBEDF, 0xBEDF, 0xC6FF, 0xCF1F, 0xD75F, 0xDF7F, 0xDF5F, 0xDF5F, 0xDF5F,
  0xDF5F, 0xD73F, 0xDF7F, 0xCF3F, 0xBEDF, 0xC6FF, 0xBEDF, 0xB6BF, 0xB6BF, 0xAE9F, 0xB6DF, 0xA67F,
  0xA69F, 0x9E5F, 0x963F, 0x85DE, 0x85DE, 0x85DE, 0x85DE, 0x85DE, 0x85DE, 0x85DE, 0x85DE, 0x85BE,
  0x85BE, 0x85BE, 0x85BE, 0x85BE, 0x85BE, 0x85BE, 0x85BE, 0x85BE, 0x85BE, 0x85BE, 0x85BE, 0x85BE,
  0x85BE, 0x85BE, 0x85BE, 0x85BE, 0x85BE, 0x85BE, 0x85BE, 0x85BE, 0x85BE, 0x85BE, 0x85BE, 0x85BE,
  0x85BE, 0x85BE, 0x85BE, 0x85BE, 0x85BE, 0x85BE, 0x85BE, 0x85BE, 0x85BE, 0x85BE, 0x85BE, 0x85BE,
  0x85BE, 0x85BE, 0x85BE, 0x85BE, 0x85BE, 0x85BE, 0x85BE, 0x85BE, 0x85BE, 0x85BE, 0x85BE, 0x85BE,
  0x85BE, 0x85BE, 0x85BE, 0x85BE, 0x85BE, 0x85BE, 0x85BE, 0x85BE, 0x85BE, 0x85BE, 0x85BE, 0x85BE,
  0x85BE, 0x85BE, 0x85BE, 0x85BE, 0x85BE, 0x85BE, 0x85BE, 0x85BE, 0x85BE, 0x85BE, 0x85BE, 0x85BE,
  0x85BE, 0x85BE, 0x85BE, 0x85DE, 0x85DE, 0x85DE, 0x85DE, 0x85DE, 0x85FF, 0x7DBE, 0x85BE, 0x85DE,
  0x85DE, 0x85DE, 0x8DFE, 0x8DDD, 0x9E1E, 0xA67F, 0xBEFF, 0xBF1F, 0xC71F, 0xC6FF, 0xBEFF, 0xBEDF,
  0xC6FF, 0xBEDE, 0xC71F, 0xD75F, 0xD75F, 0xD75F, 0xD75F, 0xDF7F, 0xDF5F, 0xD73F, 0xD77F, 0xCF3F,
  0xBEDF, 0xBEFF, 0xBEDF, 0xB69F, 0xB69F, 0xAE9F, 0xB6BF, 0xA67F, 0xA69F, 0x9E3F, 0x961F, 0x85DE,
  0x85BE, 0x85BE, 0x85BE, 0x85BE, 0x85BE, 0x85BE, 0x85BE, 0x85BE, 0x85BE, 0x85BE, 0x85BE, 0x85BE,
  0x85BE, 0x85BE, 0x85BE, 0x85BE, 0x85BE, 0x85BE, 0x85BE, 0x85BE, 0x85BE, 0x85BE, 0x85BE, 0x85BE,
  0x85BE, 0x85BE, 0x85BE, 0x85BE, 0x85BE, 0x85BE, 0x85BE, 0x85BE, 0x85BE, 0x85BE, 0x85BE, 0x85BE,
  0x85BE, 0x85BE, 0x85BE, 0x85BE, 0x85BE, 0x85BE, 0x85BE, 0x85BE, 0x85BE, 0x85BE, 0x85BE, 0x85BE,
  0x85BE, 0x85BE, 0x85BE, 0x85BE, 0x85BE, 0x85BE, 0x85BE, 0x85BE, 0x85BE, 0x85BE, 0x85BE, 0x85BE,
  0x85BE, 0x85BE, 0x85BE, 0x85BE, 0x85BE, 0x85BE, 0x85BE, 0x85BE, 0x85BE, 0x85BE, 0x85BE, 0x85BE,
  0x85BE, 0x85BE, 0x85BE, 0x85BE, 0x85BE, 0x85BE, 0x85BE, 0x85BE, 0x8DBE, 0x8DBE, 0x85BE, 0x85BE,
  0x85DE, 0x85DE, 0x85DE, 0x85DE, 0x85BE, 0x85BE, 0x85DE, 0x85DE, 0x85BD, 0x85BD, 0x8DDD, 0x8DDD,
  0x9E1E, 0xAE9F, 0xBEFF, 0xB6DF, 0xB67D, 0xC71F, 0xDFBF, 0xBEDE, 0xBEBE, 0xBEBE, 0xCF1F, 0xD77F,
  0xDF7F, 0xDF7F, 0xD75F, 0xDF5E, 0xDF5F, 0xD75F, 0xD77F, 0xCF3F, 0xBEDF, 0xBEFF, 0xB6BF, 0xB69F,
  0xB69F, 0xAE9F, 0xAEBF, 0xA67F, 0xA67F, 0x963F, 0x8E1F, 0x85DE, 0x85BE, 0x85BE, 0x85BE, 0x85BE,
  0x85BE, 0x85BE, 0x85BE, 0x85BE, 0x85BE, 0x85BE, 0x85BE, 0x85BE, 0x85BE, 0x85BE, 0x85BE, 0x85BE,
  0x85BE, 0x85BE, 0x85BE, 0x85BE, 0x85BE, 0x85BE, 0x85BE, 0x85BE, 0x85BE, 0x85BE, 0x85BE, 0x85BE,
  0x85BE, 0x85BE, 0x85BE, 0x85BE, 0x85BE, 0x85BE, 0x85BE, 0x85BE, 0x85BE, 0x85BE, 0x85BE, 0x85BE,
  0x85BE, 0x85BE, 0x85BE, 0x85BE, 0x85BE, 0x85BE, 0x85BE, 0x85BE, 0x85BE, 0x85BE, 0x85BE, 0x85BE,
  0x85BE, 0x85BE, 0x85BE, 0x85BE, 0x85BE, 0x85BE, 0x85BE, 0x85BE, 0x85BE, 0x85BE, 0x85BE, 0x85BE,
  0x85BE, 0x85BE, 0x85BE, 0x85BE, 0x85BE, 0x85BE, 0x85BE, 0x85BE, 0x85BE, 0x85BE, 0x85BE, 0x85BE,
  0x85BE, 0x85BE, 0x85BE, 0x85BE, 0x85BE, 0x8DBE, 0x85BE, 0x85BE, 0x85BE, 0x85DE, 0x85DE, 0x85DE,
  0x85BE, 0x85DE, 0x85DE, 0x85BD, 0x85BD, 0x8DDD, 0x961E, 0x9E3E, 0xB6FF, 0xB6DF, 0xAE5D, 0xBEDE,
  0xBEBE, 0x9D99, 0x9DD9, 0xCF3E, 0xCF1F, 0xBEDE, 0xC6DE, 0xCF3F, 0xD77F, 0xDF7F, 0xDF7F, 0xD73E,
  0xDF7F, 0xD75F, 0xD77F, 0xCF1F, 0xBEDF, 0xBEFF, 0xB6BF, 0xB6BF, 0xB69F, 0xAE9F, 0xAE9F, 0xA67F,
  0xA65F, 0x963F, 0x8DFE, 0x85BE, 0x85BE, 0x85BE, 0x85BE, 0x85BE, 0x85BE, 0x85BE, 0x85BE, 0x85BE,
  0x85BE, 0x85BE, 0x85BE, 0x85BE, 0x85BE, 0x85BE, 0x85BE, 0x85BE, 0x85BE, 0x85BE, 0x85BE, 0x85BE,
  0x85BE, 0x85BE, 0x85BE, 0x85BE, 0x85BE, 0x85BE, 0x85BE, 0x85BE, 0x85BE, 0x85BE, 0x85BE, 0x85BE,
  0x85BE, 0x85BE, 0x85BE, 0x85BE, 0x85BE, 0x85BE, 0x85BE, 0x85BE, 0x85BE, 0x85BE, 0x85BE, 0x85BE,
  0x85BE, 0x85BE, 0x85BE, 0x85BE, 0x85BE, 0x85BE, 0x85BE, 0x85BE, 0x85BE, 0x85BE, 0x85BE, 0x85BE,
  0x85BE, 0x85BE, 0x85BE, 0x85BE, 0x85BE, 0x85BE, 0x85BE, 0x85BE, 0x85BE, 0x85BE, 0x85BE, 0x85BE,
  0x85BE, 0x85BE, 0x85BE, 0x85BE, 0x85BE, 0x85BE, 0x85BE, 0x85BE, 0x85BE, 0x85BE, 0x85BE, 0x85BE,
  0x85BE, 0x85BE, 0x85BE, 0x85BE, 0x85BE, 0x85DE, 0x85DE, 0x85DE, 0x85BE, 0x85DE, 0x85BD, 0x85BD,
  0x95FE, 0x9E3F, 0xA67F, 0xAE9F, 0xAE9F, 0xAE7E, 0xB6BF, 0xAE7D, 0xC6FD, 0x430D, 0x536E, 0xD75E,
  0xBEBD, 0xBEBE, 0xC6FF, 0xD75F, 0xD75F, 0xD73F, 0xDF5F, 0xDF7F, 0xDF7F, 0xD77F, 0xD75F, 0xC71F,
  0xBEDF, 0xBEFF, 0xB6BF, 0xB6BF, 0xB69F, 0xAE9F, 0xAE7F, 0xA67F, 0x9E5F, 0x961F, 0x8DDE, 0x85BE,
  0x85BE, 0x85BE, 0x85BE, 0x85BE, 0x85BE, 0x85BE, 0x85BE, 0x85BE, 0x85BE, 0x85BE, 0x85BE, 0x85BE,
  0x85BE, 0x85BE, 0x85BE, 0x85BE, 0x85BE, 0x85BE, 0x85BE, 0x85BE, 0x85BE, 0x85BE, 0x85BE, 0x85BE,
  0x85BE, 0x85BE, 0x85BE, 0x85BE, 0x85BE, 0x85BE, 0x85BE, 0x85BE, 0x85BE, 0x85BE, 0x85BE, 0x85BE,
  0x85BE, 0x85BE, 0x85BE, 0x85BE, 0x85BE, 0x85BE, 0x85BE, 0x85BE, 0x85BE, 0x85BE, 0x85BE, 0x85BE,
  0x85BE, 0x85BE, 0x85BE, 0x85BE, 0x85BE, 0x85BE, 0x85BE, 0x85BE, 0x85BE, 0x85BE, 0x85BE, 0x85BE,
  0x85BE, 0x85BE, 0x85BE, 0x85BE, 0x85BE, 0x85BE, 0x85BE, 0x85BE, 0x85BE, 0x85BE, 0x85BE, 0x85BE,
  0x85BE, 0x85BE, 0x85BE, 0x85BE, 0x85BE, 0x85BE, 0x85BE, 0x85BE, 0x85BE, 0x85BE, 0x85BE, 0x85BE,
  0x85DE, 0x85DE, 0x85DE, 0x85BE, 0x85DE, 0x85BD, 0x85BD, 0x8DDD, 0xA65F, 0xAE9F, 0xAE9F, 0xAE9F,
  0xA63D, 0xA65D, 0xBEBF, 0xBEBE, 0xBEDC, 0x7491, 0x63EE, 0xCF3C, 0xD77F, 0xD77F, 0xCF3F, 0xD75F,
  0xDF7F, 0xD75E, 0xDF5F, 0xDF5F, 0xD75F, 0xD77F, 0xD75F, 0xC6FF, 0xBEDF, 0xBEFF, 0xAE9F, 0xB6BF,
  0xB6BF, 0xAE9F, 0xA67F, 0xA67F, 0x9E3F, 0x961F, 0x85DE, 0x85BE, 0x85DE, 0x85BE, 0x85BE, 0x85BE,
  0x85BE, 0x85BE, 0x85BE, 0x85BE, 0x85BE, 0x85BE, 0x85BE, 0x85BE, 0x85BE, 0x85BE, 0x85BE, 0x85BE,
  0x85BE, 0x85BE, 0x85BE, 0x85BE, 0x85BE, 0x85BE, 0x85BE, 0x85BE, 0x85BE, 0x85BE, 0x85BE, 0x85BE,
  0x85BE, 0x85BE, 0x85BE, 0x85BE, 0x85BE, 0x85BE, 0x85BE, 0x85BE, 0x85BE, 0x85BE, 0x85BE, 0x85BE,
  0x85BE, 0x85BE, 0x85BE, 0x85BE, 0x85BE, 0x85BE, 0x85BE, 0x85BE, 0x85BE, 0x85BE, 0x85BE, 0x85BE,
  0x85BE, 0x85BE, 0x85BE, 0x85BE, 0x85BE, 0x85BE, 0x85BE, 0x85BE, 0x85BE, 0x85BE, 0x85BE, 0x85BE,
  0x85BE, 0x85BE, 0x85BE, 0x85BE, 0x85BE, 0x85BE, 0x85BE, 0x85BE, 0x85BE, 0x85BE, 0x85BE, 0x85BE,
  0x85BE, 0x85BE, 0x85BE, 0x85BE, 0x85BE, 0x85BE, 0x85BE, 0x85BE, 0x85DE, 0x85DE, 0x85BE, 0x85BE,
  0x85BD, 0x8DBD, 0x8DBD, 0x961E, 0xAEBF, 0xAE9F, 0xA63E, 0xA65E, 0xAE9E, 0xB6BF, 0xB69F, 0xCF3F,
  0xD79E, 0xA5F5, 0x746F, 0xC71A, 0xB659, 0xD73E, 0xCF1F, 0xD73F, 0xE7BF, 0xDF9F, 0xDF7F, 0xDF5F,
  0xD75F, 0xD77F, 0xCF3F, 0xBEDE, 0xBEDF, 0xBEFF, 0xAE9F, 0xB6BF, 0xB6BF, 0xAE9F, 0xA65F, 0xA69F,
  0x9E3F, 0x961F, 0x85DE, 0x85BE, 0x85DE, 0x85BE, 0x85BE, 0x85BE, 0x85BE, 0x85BE, 0x85BE, 0x85BE,
  0x85BE, 0x85BE, 0x85BE, 0x85BE, 0x85BE, 0x85BE, 0x85BE, 0x85BE, 0x85BE, 0x85BE, 0x85BE, 0x85BE,
  0x85BE, 0x85BE, 0x85BE, 0x85BE, 0x85BE, 0x85BE, 0x85BE, 0x85BE, 0x85BE, 0x85BE, 0x85BE, 0x85BE,
  0x85BE, 0x85BE, 0x85BE, 0x85BE, 0x85BE, 0x85BE, 0x85BE, 0x85BE, 0x85BE, 0x85BE, 0x85BE, 0x85BE,
  0x85BE, 0x85BE, 0x85BE, 0x85BE, 0x85BE, 0x85BE, 0x85BE, 0x85BE, 0x85BE, 0x85BE, 0x85BE, 0x85BE,
  0x85BE, 0x85BE, 0x85BE, 0x85BE, 0x85BE, 0x85BE, 0x85BE, 0x85BE, 0x85BE, 0x85BE, 0x85BE, 0x85BE,
  0x85BE, 0x85BE, 0x85BE, 0x85BE, 0x85BE, 0x85BE, 0x85BE, 0x85BE, 0x85BE, 0x85BE, 0x85BE, 0x85BE,
  0x85DE, 0x85DE, 0x85DE, 0x85DE, 0x85BE, 0x85BE, 0x85BE, 0x85BE, 0x85BD, 0x8DBD, 0x8DBC, 0x9E1E,
  0xAEBF, 0xA65E, 0x9DFD, 0xAE5E, 0xB69E, 0xB69E, 0xCF3F, 0xC6FE, 0xC71A, 0x5BAA, 0x5BAA, 0x9593,
  0x3AC9, 0xAE19, 0xD75F, 0xDF7F, 0xDF9F, 0xD75E, 0xDF7F, 0xE77F, 0xD77F, 0xD77F, 0xCF3F, 0xBEDE,
  0xBEFF, 0xBEFF, 0xAE9F, 0xB6BF, 0xB6BF, 0xAE9F, 0xA65F, 0xA69F, 0x9E3F, 0x961F, 0x85DE, 0x85DE,
  0x85DE, 0x85BE, 0x85BE, 0x85BE, 0x85BE, 0x85BE, 0x85BE, 0x85BE, 0x85BE, 0x85BE, 0x85BE, 0x85BE,
  0x85BE, 0x85BE, 0x85BE, 0x85BE, 0x85BE, 0x85BE, 0x85BE, 0x85BE, 0x85BE, 0x85BE, 0x85BE, 0x85BE,
  0x85BE, 0x85BE, 0x85BE, 0x85BE, 0x85BE, 0x85BE, 0x85BE, 0x85BE, 0x85BE, 0x85BE, 0x85BE, 0x85BE,
  0x85BE, 0x85BE, 0x85BE, 0x85BE, 0x85BE, 0x85BE, 0x85BE, 0x85BE, 0x85BE, 0x85BE, 0x85BE, 0x85BE,
  0x85BE, 0x85BE, 0x85BE, 0x85BE, 0x85BE, 0x85BE, 0x85BE, 0x85BE, 0x85BE, 0x85BE, 0x85BE, 0x85BE,
  0x85BE, 0x85BE, 0x85BE, 0x85BE, 0x85BE, 0x85BE, 0x85BE, 0x85BE, 0x85BE, 0x85BE, 0x85BE, 0x85BE,
  0x85BE, 0x85BE, 0x85BE, 0x85BE, 0x85BE, 0x85BE, 0x85BE, 0x85BE, 0x85DE, 0x85DE, 0x85DE, 0x85DE,
  0x85DE, 0x85BE, 0x85BE, 0x85BD, 0x8DBD, 0x8DBD, 0x8DBC, 0x9E1E, 0xAE9F, 0xA63E, 0xA61D, 0xBEDF,
  0xB6BF, 0xBEFF, 0xBEBF, 0xCF3F, 0x74B0, 0x4307, 0x4B27, 0x4B28, 0x42E9, 0xBE9A, 0xDF7F, 0xCF1F,
  0xDF9F, 0xE7BF, 0xE79F, 0xD73F, 0xD75F, 0xD77F, 0xCF3F, 0xC6FF, 0xBEDF, 0xBEDF, 0xB6BF, 0xB6BF,
  0xAEBF, 0xAE9F, 0xA67F, 0xA67F, 0x963F, 0x8DDE, 0x85BE, 0x85DE, 0x85DE, 0x85BE, 0x85BE, 0x85BE,
  0x85BE, 0x85BE, 0x85BE, 0x85BE, 0x85BE, 0x85BE, 0x85BE, 0x85BE, 0x85BE, 0x85BE, 0x85BE, 0x85BE,
  0x85BE, 0x85BE, 0x85BE, 0x85BE, 0x85BE, 0x85BE, 0x85BE, 0x85BE, 0x85BE, 0x85BE, 0x85BE, 0x85BE,
  0x85BE, 0x85BE, 0x85BE, 0x85BE, 0x85BE, 0x85BE, 0x85BE, 0x85BE, 0x85BE, 0x85BE, 0x85BE, 0x85BE,
  0x85BE, 0x85BE, 0x85BE, 0x85BE, 0x85BE, 0x85BE, 0x85BE, 0x85BE, 0x85BE, 0x85BE, 0x85BE, 0x85BE,
  0x85BE, 0x85BE, 0x85BE, 0x85BE, 0x85BE, 0x85BE, 0x85BE, 0x85BE, 0x85BE, 0x85BE, 0x85BE, 0x85BE,
  0x85BE, 0x85BE, 0x85BE, 0x85BE, 0x85BE, 0x85BE, 0x85BE, 0x85BE, 0x85BE, 0x85BE, 0x85BE, 0x85BE,
  0x85BE, 0x85BE, 0x85BE, 0x85DE, 0x85DE, 0x85DE, 0x85DE, 0x85DE, 0x85DE, 0x85BD, 0x85BD, 0x8DDE,
  0x8DBD, 0x8DDD, 0x9E1E, 0x9E3E, 0xA63E, 0xAE5E, 0xAE9F, 0xB6BF, 0xAE9E, 0xB6DF, 0xBEDF, 0xC71F,
  0x7CF2, 0x3265, 0x5388, 0x32A5, 0x8D32, 0xDF9E, 0xCF1E, 0xCF1F, 0xE7BF, 0xDF7F, 0xE79F, 0xDF7F,
  0xD75F, 0xD77F, 0xCF3F, 0xC6FF, 0xBEDF, 0xB6DF, 0xB6BF, 0xB6BF, 0xAEBF, 0xAE9F, 0xA67F, 0xA67F,
  0x963F, 0x8DDE, 0x85BE, 0x85DE, 0x85DE, 0x85BE, 0x85BE, 0x85BE, 0x85BE, 0x85BE, 0x85BE, 0x85BE,
  0x85BE, 0x85BE, 0x85BE, 0x85BE, 0x85BE, 0x85BE, 0x85BE, 0x85BE, 0x85BE, 0x85BE, 0x85BE, 0x85BE,
  0x85BE, 0x85BE, 0x85BE, 0x85BE, 0x85BE, 0x85BE, 0x85BE, 0x85BE, 0x85BE, 0x85BE, 0x85BE, 0x85BE,
  0x85BE, 0x85BE, 0x85BE, 0x85BE, 0x85BE, 0x85BE, 0x85BE, 0x85BE, 0x85BE, 0x85BE, 0x85BE, 0x85BE,
  0x85BE, 0x85BE, 0x85BE, 0x85BE, 0x85BE, 0x85BE, 0x85BE, 0x85BE, 0x85BE, 0x85BE, 0x85BE, 0x85BE,
  0x85BE, 0x85BE, 0x85BE, 0x85BE, 0x85BE, 0x85BE, 0x85BE, 0x85BE, 0x85BE, 0x85BE, 0x85BE, 0x85BE,
  0x85BE, 0x85BE, 0x85BE, 0x85BE, 0x85BE, 0x85BE, 0x85BE, 0x85BE, 0x85BE, 0x85BE, 0x85BE, 0x85DE,
  0x85DE, 0x85BE, 0x85DE, 0x85DE, 0x85DE, 0x85BD, 0x8DDE, 0x8DFE, 0xA67F, 0xA67F, 0x9E5F, 0x9E3E,
  0x9E3E, 0xA63E, 0xA63E, 0xA65E, 0xA65D, 0xAE9E, 0xB69F, 0xB69E, 0xB69A, 0x5BCC, 0x3AC5, 0x3AC4,
  0x9DD4, 0xD75D, 0xCF1D, 0xD73E, 0xDF7F, 0xD75F, 0xDF7F, 0xD71F, 0xD75F, 0xD75F, 0xCF3F, 0xBEDF,
  0xBEDF, 0xB6DF, 0xB6BF, 0xAEBF, 0xAEBF, 0xAE9F, 0xA67F, 0xA67F, 0x963F, 0x8DDE, 0x85BE, 0x85DE,
  0x85DE, 0x85BE, 0x85BE, 0x85BE, 0x85BE, 0x85BE, 0x85BE, 0x85BE, 0x85BE, 0x85BE, 0x85BE, 0x85BE,
  0x85BE, 0x85BE, 0x85BE, 0x85BE, 0x85BE, 0x85BE, 0x85BE, 0x85BE, 0x85BE, 0x85BE, 0x85BE, 0x85BE,
  0x85BE, 0x85BE, 0x85BE, 0x85BE, 0x85BE, 0x85BE, 0x85BE, 0x85BE, 0x85BE, 0x85BE, 0x85BE, 0x85BE,
  0x85BE, 0x85BE, 0x85BE, 0x85BE, 0x85BE, 0x85BE, 0x85BE, 0x85BE, 0x85BE, 0x85BE, 0x85BE, 0x85BE,
  0x85BE, 0x85BE, 0x85BE, 0x85BE, 0x85BE, 0x85BE, 0x85BE, 0x85BE, 0x85BE, 0x85BE, 0x85BE, 0x85BE,
  0x85BE, 0x85BE, 0x85BE, 0x85BE, 0x85BE, 0x85BE, 0x85BE, 0x85BE, 0x85BE, 0x85BE, 0x85BE, 0x85BE,
  0x85BE, 0x85BE, 0x85BE, 0x85BE, 0x85BE, 0x85BE, 0x85BE, 0x85DE, 0x85DE, 0x85DE, 0x85BE, 0x85DE,
  0x85DE, 0x85DE, 0x8DDE, 0x961E, 0xAEDF, 0xA69F, 0x9E5F, 0x9E3F, 0x9E3E, 0x9E3E, 0xA63E, 0x9E3E,
  0x9E5E, 0xA65E, 0xB6BF, 0xAE5E, 0xC6FE, 0xA5F6, 0x4B47, 0x4305, 0x8D32, 0xD75D, 0xD77E, 0xD73D,
  0xD75F, 0xDF7F, 0xE77F, 0xDF5F, 0xD75F, 0xD75F, 0xCF1F, 0xBEDF, 0xBEDF, 0xB6BF, 0xAE9F, 0xAEBF,
  0xAEBF, 0xAE9F, 0xA67F, 0xA67F, 0x961F, 0x8DDE, 0x85BE, 0x85DE, 0x85DE, 0x85BE, 0x85BE, 0x85BE,
  0x85BE, 0x85BE, 0x85BE, 0x85BE, 0x85BE, 0x85BE, 0x85BE, 0x85BE, 0x85BE, 0x85BE, 0x85BE, 0x85BE,
  0x85BE, 0x85BE, 0x85BE, 0x85BE, 0x85BE, 0x85BE, 0x85BE, 0x85BE, 0x85BE, 0x85BE, 0x85BE, 0x85BE,
  0x85BE, 0x85BE, 0x85BE, 0x85BE, 0x85BE, 0x85BE, 0x85BE, 0x85BE, 0x85BE, 0x85BE, 0x85BE, 0x85BE,
  0x85BE, 0x85BE, 0x85BE, 0x85BE, 0x85BE, 0x85BE, 0x85BE, 0x85BE, 0x85BE, 0x85BE, 0x85BE, 0x85BE,
  0x85BE, 0x85BE, 0x85BE, 0x85BE, 0x85BE, 0x85BE, 0x85BE, 0x85BE, 0x85BE, 0x85BE, 0x85BE, 0x85BE,
  0x85BE, 0x85BE, 0x85BE, 0x85BE, 0x85BE, 0x85BE, 0x85BE, 0x85BE, 0x85BE, 0x85BE, 0x85BE, 0x85BE,
  0x85BE, 0x85BE, 0x85BE, 0x85DE, 0x85DE, 0x85DE, 0x85DE, 0x85DE, 0x85DE, 0x85BD, 0x85DE, 0x8DDE,
  0x95FE, 0x8DDE, 0x8DDD, 0x8DDD, 0x95FE, 0x95FE, 0x95DE, 0x8DDD, 0x961E, 0xA67F, 0xAE9F, 0xAE7F,
  0xB67D, 0xBEFC, 0x4B88, 0x4306, 0x536B, 0xCF3C, 0xCF1B, 0xC6DB, 0xCF1E, 0xDF7F, 0xDF3F, 0xDF5F,
  0xD77F, 0xD75F, 0xC71F, 0xBEDF, 0xBEDF, 0xB6BF, 0xAE9F, 0xAEBF, 0xAEBF, 0xAE9F, 0xA67F, 0xA67F,
  0x961F, 0x8DDE, 0x85BE, 0x85DE, 0x85DE, 0x85BE, 0x85BE, 0x85BE, 0x85BE, 0x85BE, 0x85BE, 0x85BE,
  0x85BE, 0x85BE, 0x85BE, 0x85BE, 0x85BE, 0x85BE, 0x85BE, 0x85BE, 0x85BE, 0x85BE, 0x85BE, 0x85BE,
  0x85BE, 0x85BE, 0x85BE, 0x85BE, 0x85BE, 0x85BE, 0x85BE, 0x85BE, 0x85BE, 0x85BE, 0x85BE, 0x85BE,
  0x85BE, 0x85BE, 0x85BE, 0x85BE, 0x85BE, 0x85BE, 0x85BE, 0x85BE, 0x85BE, 0x85BE, 0x85BE, 0x85BE,
  0x85BE, 0x85BE, 0x85BE, 0x85BE, 0x85BE, 0x85BE, 0x85BE, 0x85BE, 0x85BE, 0x85BE, 0x85BE, 0x85BE,
  0x85BE, 0x85BE, 0x85BE, 0x85BE, 0x85BE, 0x85BE, 0x85BE, 0x85BE, 0x85BE, 0x85BE, 0x85BE, 0x85BE,
  0x85BE, 0x85BE, 0x85BE, 0x85BE, 0x85BE, 0x85BE, 0x85BE, 0x85BE, 0x85BE, 0x85BE, 0x85BE, 0x85DE,
  0x85DE, 0x85DE, 0x85DE, 0x85DE, 0x85DE, 0x85BD, 0x85BD, 0x85BD, 0x859D, 0x859D, 0x859D, 0x8DBD,
  0x8DBD, 0x8DBD, 0x859D, 0x859D, 0x8DDD, 0x9E5F, 0x961E, 0xA65F, 0xB69F, 0xB67B, 0x4329, 0x3AC6,
  0x3AC8, 0xA5F5, 0x9574, 0xC6DB, 0xCF1F, 0xDF5F, 0xD73F, 0xDF5F, 0xD77F, 0xD75F, 0xC6FF, 0xBEDF,
  0xBEDF, 0xB6BF, 0xAE9F, 0xB6BF, 0xAEBF, 0xAE9F, 0xA67F, 0xA67F, 0x963F, 0x8DDE, 0x85BE, 0x85DE,
  0x85DE, 0x85BE, 0x85BE, 0x85BE, 0x85BE, 0x85BE, 0x85BE, 0x85BE, 0x85BE, 0x85BE, 0x85BE, 0x85BE,
  0x85BE, 0x85BE, 0x85BE, 0x85BE, 0x85BE, 0x85BE, 0x85BE, 0x85BE, 0x85BE, 0x85BE, 0x85BE, 0x85BE,
  0x85BE, 0x85BE, 0x85BE, 0x85BE, 0x85BE, 0x85BE, 0x85BE, 0x85BE, 0x85BE, 0x85BE, 0x85BE, 0x85BE,
  0x85BE, 0x85BE, 0x85BE, 0x85BE, 0x85BE, 0x85BE, 0x85BE, 0x85BE, 0x85BE, 0x85BE, 0x85BE, 0x85BE,
  0x85BE, 0x85BE, 0x85BE, 0x85BE, 0x85BE, 0x85BE, 0x85BE, 0x85BE, 0x85BE, 0x85BE, 0x85BE, 0x85BE,
  0x85BE, 0x85BE, 0x85BE, 0x85BE, 0x85BE, 0x85BE, 0x85BE, 0x85BE, 0x85BE, 0x85BE, 0x85BE, 0x85BE,
  0x85BE, 0x85BE, 0x85BE, 0x85BE, 0x85BE, 0x85BE, 0x85BE, 0x85DE, 0x85BE, 0x85BD, 0x85BE, 0x85DE,
  0x85DE, 0x85BD, 0x85BD, 0x85BD, 0x8DDE, 0x8DDE, 0x8DDE, 0x8DDE, 0x85BE, 0x85BE, 0x85DE, 0x8DDE,
  0x85DD, 0x8DFE, 0x961F, 0x9E3F, 0xB69F, 0xAE5C, 0x7CF2, 0x4308, 0x4328, 0x5BAC, 0x5BCE, 0xCF1D,
  0xD73F, 0xDF5F, 0xDF7F, 0xDF5F, 0xDF7F, 0xD75F, 0xC6FF, 0xBEDF, 0xBEFF, 0xB6BF, 0xAE9F, 0xB6BF,
  0xAEBF, 0xAE9F, 0xA67F, 0xA67F, 0x963F, 0x8DDE, 0x85BE, 0x85DE, 0x85DE, 0x85BE, 0x85BE, 0x85BE,
  0x85BE, 0x85BE, 0x85BE, 0x85BE, 0x85BE, 0x85BE, 0x85BE, 0x85BE, 0x85BE, 0x85BE, 0x85BE, 0x85BE,
  0x85BE, 0x85BE, 0x85BE, 0x85BE, 0x85BE, 0x85BE, 0x85BE, 0x85BE, 0x85BE, 0x85BE, 0x85BE, 0x85BE,
  0x85BE, 0x85BE, 0x85BE, 0x85BE, 0x85BE, 0x85BE, 0x85BE, 0x85BE, 0x85BE, 0x85BE, 0x85BE, 0x85BE,
  0x85BE, 0x85BE, 0x85BE, 0x85BE, 0x85BE, 0x85BE, 0x85BE, 0x85BE, 0x85BE, 0x85BE, 0x85BE, 0x85BE,
  0x85BE, 0x85BE, 0x85BE, 0x85BE, 0x85BE, 0x85BE, 0x85BE, 0x85BE, 0x85BE, 0x85BE, 0x85BE, 0x85BE,
  0x85BE, 0x85BE, 0x85BE, 0x85BE, 0x85BE, 0x85BE, 0x85BE, 0x85BE, 0x85BE, 0x85BE, 0x85BE, 0x85BE,
  0x85BE, 0x85BE, 0x85BE, 0x85DE, 0x85DE, 0x85BD, 0x85BE, 0x85DE, 0x85DE, 0x85DE, 0x85DE, 0x85DE,
  0x85BE, 0x85BE, 0x85BE, 0x85BE, 0x85BE, 0x85BE, 0x85BE, 0x85DE, 0x85FD, 0x85FE, 0x9E3F, 0x9E3F,
  0xAE7F, 0xB6BD, 0xBEDC, 0x6C2F, 0x3B07, 0x3286, 0x5BAE, 0xC6FD, 0xCF1E, 0xD75F, 0xDF5F, 0xD73F,
  0xD77F, 0xD75F, 0xC6FE, 0xBEDE, 0xBEFF, 0xB6DF, 0xAE9F, 0xB6BF, 0xAEBF, 0xAE9F, 0xA67F, 0xA67F,
  0x963F, 0x8DDE, 0x85BE, 0x85DE, 0x85DE, 0x85DE, 0x85DD, 0x85DD, 0x85DD, 0x85DE, 0x85DE, 0x85BE,
  0x85BE, 0x85BE, 0x85BE, 0x85BE, 0x85BE, 0x85BE, 0x85BE, 0x85BE, 0x85BE, 0x85BE, 0x85BE, 0x85BE,
  0x85BE, 0x85BE, 0x85BE, 0x85BE, 0x85BE, 0x85BE, 0x85BE, 0x85BE, 0x85BE, 0x85BE, 0x85BE, 0x85BE,
  0x85BE, 0x85BE, 0x85BE, 0x85BE, 0x85BE, 0x85BE, 0x85BE, 0x85BE, 0x85BE, 0x85BE, 0x85BE, 0x85BE,
  0x85BE, 0x85BE, 0x85BE, 0x85BE, 0x85BE, 0x85BE, 0x85BE, 0x85BE, 0x85BE, 0x85BE, 0x85BE, 0x85BE,
  0x85BE, 0x85BE, 0x85BE, 0x85BE, 0x85BE, 0x85BE, 0x85BE, 0x85BE, 0x85BE, 0x85BE, 0x85BE, 0x85BE,
  0x85BE, 0x85BE, 0x85BE, 0x85BE, 0x85BE, 0x85BE, 0x85BE, 0x85BE, 0x85BE, 0x85BE, 0x85BE, 0x85DE,
  0x85DE, 0x85DE, 0x85BE, 0x85DE, 0x85DE, 0x85DE, 0x85DE, 0x85DE, 0x85DE, 0x85DE, 0x85DE, 0x85DE,
  0x85DE, 0x85DE, 0x85DE, 0x85DE, 0x7D9C, 0x8E1E, 0x95FF, 0x9E3F, 0xB6BF, 0xB69E, 0xBEDD, 0x8D54,
  0x3AC6, 0x4327, 0x8D35, 0xC6DE, 0xCF1E, 0xDF7F, 0xD73F, 0xDF5F, 0xD77F, 0xD77F, 0xC6FD, 0xBEFD,
  0xBEFF, 0xB6BF, 0xB6BF, 0xAEBF, 0xAEBF, 0xA67F, 0xAEBF, 0x9E7F, 0x963F, 0x85DD, 0x85DD, 0x85DE,
  0x85DE, 0x85BD, 0x85DC, 0x85FC, 0x8E3E, 0x7DBD, 0x85DE, 0x85BE, 0x85BE, 0x85BE, 0x8DBE, 0x8DBF,
  0x85BF, 0x85BF, 0x85BE, 0x85BE, 0x85BE, 0x85BE, 0x85BE, 0x85BE, 0x85BE, 0x85BE, 0x85BE, 0x85BE,
  0x85BE, 0x85BE, 0x85BE, 0x85BE, 0x85BE, 0x85BE, 0x85BE, 0x85BE, 0x85BE, 0x85BE, 0x85BE, 0x85BE,
  0x85BE, 0x85BE, 0x85BE, 0x85BE, 0x85BE, 0x85BE, 0x85BE, 0x85BE, 0x85BE, 0x85BE, 0x85BE, 0x85BE,
  0x85BE, 0x85BE, 0x85BE, 0x85BE, 0x85BE, 0x85BE, 0x85BE, 0x85BE, 0x85BE, 0x85BE, 0x85BE, 0x85BE,
  0x85BE, 0x85BE, 0x85BE, 0x85BE, 0x85BE, 0x85BE, 0x85BE, 0x85BE, 0x85BE, 0x85BE, 0x85BE, 0x85BE,
  0x85BE, 0x85BE, 0x85BE, 0x85BE, 0x85BE, 0x85BE, 0x85BE, 0x85BE, 0x85DE, 0x85DE, 0x85BE, 0x85BE,
  0x85BE, 0x85BE, 0x85BE, 0x85BE, 0x85BE, 0x85BE, 0x85BE, 0x85BE, 0x85BE, 0x85BE, 0x85BE, 0x85DE,
  0x7DBD, 0x8DFE, 0x963F, 0x9E3F, 0xAE9F, 0xAE7E, 0xC6FE, 0x8D54, 0x3AC6, 0x4B69, 0xC6BD, 0xCEFF,
  0xCF1E, 0xD75E, 0xDF7F, 0xDF5F, 0xD77F, 0xCF5F, 0xBEFD, 0xBEFD, 0xBEFF, 0xB6BF, 0xB6BF, 0xAEBF,
  0xB6DF, 0xA69F, 0xA69F, 0x9E5F, 0x961F, 0x85DD, 0x8DFE, 0x85DD, 0x8DDD, 0x85BB, 0x85DA, 0x64D6,
  0x6D19, 0x8E1E, 0x7D9D, 0x8DFF, 0x85BE, 0x8DBE, 0x8DBE, 0x8DBF, 0x8DBF, 0x85BF, 0x85BE, 0x85BE,
  0x85BE, 0x85BE, 0x85BE, 0x85BE, 0x85BE, 0x85BE, 0x85BE, 0x85BE, 0x85BE, 0x85BE, 0x85BE, 0x85BE,
  0x85BE, 0x85BE, 0x85BE, 0x85BE, 0x85BE, 0x85BE, 0x85BE, 0x85BE, 0x85BE, 0x85BE, 0x85BE, 0x85BE,
  0x85BE, 0x85BE, 0x85BE, 0x85BE, 0x85BE, 0x85BE, 0x85BE, 0x85BE, 0x85BE, 0x85BE, 0x85BE, 0x85BE,
  0x85BE, 0x85BE, 0x85BE, 0x85BE, 0x85BE, 0x85BE, 0x85BE, 0x85BE, 0x85BE, 0x85BE, 0x85BE, 0x85BE,
  0x85BE, 0x85BE, 0x85BE, 0x85BE, 0x85BE, 0x85BE, 0x85BE, 0x85BE, 0x85BE, 0x85BE, 0x85BE, 0x85BE,
  0x85BE, 0x85BE, 0x85BE, 0x85BE, 0x85BE, 0x85BE, 0x85BE, 0x85BE, 0x85BE, 0x85BE, 0x85BE, 0x85BE,
  0x85BE, 0x85BE, 0x85BE, 0x85BE, 0x85BE, 0x85BE, 0x85BE, 0x85DE, 0x85BD, 0x8DFE, 0x961E, 0x9E3E,
  0xAE9F, 0xB6BF, 0xBEDD, 0x6C70, 0x3AE6, 0x4B49, 0xBE7C, 0xCEDF, 0xD73F, 0xDF7F, 0xDF7F, 0xD75F,
  0xD77F, 0xCF5F, 0xC6FE, 0xBEDE, 0xBEDF, 0xB6BF, 0xB6BF, 0xAEBF, 0xAEBF, 0xAE9F, 0xA67F, 0x9E7F,
  0x963F, 0x85BD, 0x85DD, 0x7539, 0x6CB5, 0x9E19, 0x64B4, 0x228D, 0x753A, 0x859D, 0x8DFF, 0x859E,
  0x85BE, 0x85BE, 0x8DBE, 0x8DBE, 0x85BF, 0x85BF, 0x85BE, 0x85DE, 0x85BE, 0x85BE, 0x85BE, 0x85BE,
  0x85BE, 0x85BE, 0x85BE, 0x85BE, 0x85BE, 0x85BE, 0x85BE, 0x85BE, 0x85BE, 0x85BE, 0x85BE, 0x85BE,
  0x85BE, 0x85BE, 0x85BE, 0x85BE, 0x85BE, 0x85BE, 0x85BE, 0x85BE, 0x85BE, 0x85BE, 0x85BE, 0x85BE,
  0x85BE, 0x85BE, 0x85BE, 0x85BE, 0x85BE, 0x85BE, 0x85BE, 0x85BE, 0x85BE, 0x85BE, 0x85BE, 0x85BE,
  0x85BE, 0x85BE, 0x85BE, 0x85BE, 0x85BE, 0x85BE, 0x85BE, 0x85BE, 0x85BE, 0x85BE, 0x85BE, 0x85BE,
  0x85BE, 0x85BE, 0x85BE, 0x85BE, 0x85BE, 0x85BE, 0x85BE, 0x85BE, 0x85BE, 0x85BE, 0x85BE, 0x85BE,
  0x85BE, 0x85BE, 0x85BE, 0x85BE, 0x85BE, 0x85BE, 0x85BE, 0x85BE, 0x85BE, 0x85BE, 0x85BE, 0x85BE,
  0x85BE, 0x85BE, 0x85BE, 0x85BE, 0x859E, 0x8DFE, 0x965F, 0x9E5F, 0xAE9F, 0xAE9E, 0x9DD8, 0x3288,
  0x4326, 0x4B68, 0xBE7B, 0xC6BF, 0xD73F, 0xDF7F, 0xD75F, 0xD75F, 0xD77F, 0xD75F, 0xC6DE, 0xBEDF,
  0xBEDF, 0xB6BF, 0xB6BF, 0xAE9F, 0xAE9F, 0xAEBF, 0xA67F, 0xA67F, 0x9E3F, 0x85BD, 0x8DDD, 0x6CD6,
  0x2A89, 0x6CB0, 0x32CC, 0x6495, 0x9E5F, 0x8DBE, 0x859E, 0x85BE, 0x85BE, 0x85BD, 0x85BD, 0x85BE,
  0x85BE, 0x85BE, 0x85DE, 0x85DE, 0x85DE, 0x85BE, 0x85BE, 0x85BE, 0x85BE, 0x85BE, 0x85BE, 0x85BE,
  0x85BE, 0x85BE, 0x85BE, 0x85BE, 0x85BE, 0x85BE, 0x85BE, 0x85BE, 0x85BE, 0x85BE, 0x85BE, 0x85BE,
  0x85BE, 0x85BE, 0x85BE, 0x85BE, 0x85BE, 0x85BE, 0x85BE, 0x85BE, 0x85BE, 0x85BE, 0x85BE, 0x85BE,
  0x85BE, 0x85BE, 0x85BE, 0x85BE, 0x85BE, 0x85BE, 0x85BE, 0x85BE, 0x85BE, 0x85BE, 0x85BE, 0x85BE,
  0x85BE, 0x85BE, 0x85BE, 0x85BE, 0x85BE, 0x85BE, 0x85BE, 0x85BE, 0x85BE, 0x85BE, 0x85BE, 0x85BE,
  0x85BE, 0x85BE, 0x85BE, 0x85BE, 0x85BE, 0x85BE, 0x85BE, 0x85BE, 0x85BE, 0x85BE, 0x85BE, 0x85BE,
  0x85BE, 0x85BE, 0x85BE, 0x85BE, 0x85BE, 0x85BE, 0x85BE, 0x85BE, 0x85BE, 0x85BE, 0x85BE, 0x85BE,
  0x8DDF, 0x8DFF, 0x963F, 0x9E3E, 0xA67F, 0xB6DE, 0xAE7A, 0x4B8C, 0x3B05, 0x5388, 0xBEBC, 0xC6BE,
  0xD73F, 0xDF9F, 0xD73F, 0xDF5F, 0xD77F, 0xD75F, 0xC6DF, 0xBEBF, 0xBEDF, 0xB6BF, 0xB6BF, 0xAE9F,
  0xAEBF, 0xAEBF, 0xA67F, 0x9E5F, 0x961F, 0x8DDD, 0x961D, 0x6CF5, 0x3AE7, 0x4327, 0x5C0F, 0x9E1B,
  0x8D9D, 0x857E, 0x859E, 0x961F, 0x85BE, 0x85DD, 0x85DD, 0x85DD, 0x85DD, 0x85DD, 0x85DD, 0x85DE,
  0x85DE, 0x85BE, 0x85BE, 0x85BE, 0x85BE, 0x85BE, 0x85BE, 0x85BE, 0x85BE, 0x85BE, 0x85BE, 0x85BE,
  0x85BE, 0x85BE, 0x85BE, 0x85BE, 0x85BE, 0x85BE, 0x85BE, 0x85BE, 0x85BE, 0x85BE, 0x85BE, 0x85BE,
  0x85BE, 0x85BE, 0x85BE, 0x85BE, 0x85BE, 0x85BE, 0x85BE, 0x85BE, 0x85BE, 0x85BE, 0x85BE, 0x85BE,
  0x85BE, 0x85BE, 0x85BE, 0x85BE, 0x85BE, 0x85BE, 0x85BE, 0x85BE, 0x85BE, 0x85BE, 0x85BE, 0x85BE,
  0x85BE, 0x85BE, 0x85BE, 0x85BE, 0x85BE, 0x85BE, 0x85BE, 0x85BE, 0x85BE, 0x85BE, 0x85BE, 0x85BE,
  0x85BE, 0x85BE, 0x85BE, 0x85BE, 0x85BE, 0x85BE, 0x85BE, 0x85BE, 0x85BE, 0x85BE, 0x85BE, 0x85BE,
  0x85BE, 0x85BE, 0x85BE, 0x85BE, 0x85BE, 0x85BE, 0x85BE, 0x85BE, 0x85DF, 0x8DFE, 0x965F, 0x9E7F,
  0xA67F, 0xB6FF, 0xBF1D, 0x8533, 0x32C5, 0x4348, 0xC6BC, 0xC6BE, 0xCF1F, 0xDF9F, 0xD73F, 0xDF7F,
  0xD77F, 0xD77F, 0xC6FF, 0xBEDF, 0xBEDF, 0xB6BF, 0xB6BF, 0xAE9F, 0xAEBF, 0xA69F, 0xA69F, 0x9E5F,
  0x9E1F, 0x8DDD, 0x8DDA, 0x5C50, 0x3B26, 0x3AE5, 0x8D74, 0x95BA, 0x959D, 0x8D9E, 0x8DDF, 0x753C,
  0x85DE, 0x85DD, 0x85DD, 0x85DD, 0x85DD, 0x85DD, 0x85DD, 0x85DD, 0x85DE, 0x85BE, 0x85BE, 0x85BE,
  0x85BE, 0x85BE, 0x85BE, 0x85BE, 0x85BE, 0x85BE, 0x85BE, 0x85BE, 0x85BE, 0x85BE, 0x85BE, 0x85BE,
  0x85BE, 0x85BE, 0x85BE, 0x85BE, 0x85BE, 0x85BE, 0x85BE, 0x85BE, 0x85BE, 0x85BE, 0x85BE, 0x85BE,
  0x85BE, 0x85BE, 0x85BE, 0x85BE, 0x85BE, 0x85BE, 0x85BE, 0x85BE, 0x85BE, 0x85BE, 0x85BE, 0x85BE,
  0x85BE, 0x85BE, 0x85BE, 0x85BE, 0x85BE, 0x85BE, 0x85BE, 0x85BE, 0x85BE, 0x85BE, 0x85BE, 0x85BE,
  0x85BE, 0x85BE, 0x85BE, 0x85BE, 0x85BE, 0x85BE, 0x85BE, 0x85BE, 0x85BE, 0x85BE, 0x85BE, 0x85BE,
  0x85BE, 0x85BE, 0x85BE, 0x85BE, 0x85BE, 0x85BE, 0x85BE, 0x85BE, 0x85BE, 0x85BE, 0x85BE, 0x85BE,
  0x85BE, 0x85BE, 0x85BE, 0x85DE, 0x85BE, 0x8DFE, 0x9E7F, 0xA6BF, 0xA69F, 0xAE9E, 0xB6BC, 0x95D6,
  0x4328, 0x4308, 0xBE9C, 0xC6DF, 0xCF1F, 0xDF9F, 0xD75F, 0xDF5F, 0xD75F, 0xDF7F, 0xCF1F, 0xC6FF,
  0xBEDF, 0xB6BF, 0xB6BF, 0xAE9F, 0xAEBF, 0xA67E, 0xAEBF, 0xA65F, 0x9E1F, 0x95FC, 0x7D36, 0x3B4A,
  0x4345, 0x4305, 0x53AE, 0x957A, 0x8D9D, 0x8DBF, 0x8DDE, 0x8E1F, 0x85DE, 0x85DE, 0x85DE, 0x85DD,
  0x85DD, 0x85DD, 0x85DD, 0x85DD, 0x85DE, 0x85BE, 0x85BE, 0x85BE, 0x85BE, 0x85BE, 0x85BE, 0x85BE,
  0x85BE, 0x85BE, 0x85BE, 0x85BE, 0x85BE, 0x85BE, 0x85BE, 0x85BE, 0x85BE, 0x85BE, 0x85BE, 0x85BE,
  0x85BE, 0x85BE, 0x85BE, 0x85BE, 0x85BE, 0x85BE, 0x85BE, 0x85BE, 0x85BE, 0x85BE, 0x85BE, 0x85BE,
  0x85BE, 0x85BE, 0x85BE, 0x85BE, 0x85BE, 0x85BE, 0x85BE, 0x85BE, 0x85BE, 0x85BE, 0x85BE, 0x85BE,
  0x85BE, 0x85BE, 0x85BE, 0x85BE, 0x85BE, 0x85BE, 0x85BE, 0x85BE, 0x85BE, 0x85BE, 0x85BE, 0x85BE,
  0x85BE, 0x85BE, 0x85BE, 0x85BE, 0x85BE, 0x85BE, 0x85BE, 0x85BE, 0x85BE, 0x85BE, 0x85BE, 0x85BE,
  0x85BE, 0x85BE, 0x85BE, 0x85BE, 0x85BE, 0x85BE, 0x85BE, 0x85BE, 0x85BE, 0x85BE, 0x85BE, 0x85DE,
  0x8DFE, 0x8E1E, 0x965E, 0x9E9F, 0xA67F, 0xAE9F, 0xBEFF, 0xB6DC, 0x74D1, 0x4B6C, 0xB67C, 0xC6DF,
  0xCF3F, 0xDF9F, 0xD75F, 0xD77F, 0xD75F, 0xDF7F, 0xCF3E, 0xC6FE, 0xBEDF, 0xB6BF, 0xB6BF, 0xB69F,
  0xB6DF, 0xA65E, 0xAE9F, 0x9E3F, 0x9DFE, 0x9E1C, 0x7513, 0x3308, 0x4326, 0x3AE6, 0x53B0, 0x95DC,
  0x8DBE, 0x85BE, 0x85DE, 0x7D9C, 0x85DE, 0x85DE, 0x85DE, 0x85DE, 0x85DD, 0x85DD, 0x85DD, 0x85DD,
  0x85DE, 0x85BE, 0x85BE, 0x85BE, 0x85BE, 0x85BE, 0x85BE, 0x85BE, 0x85BE, 0x85BE, 0x85BE, 0x85BE,
  0x85BE, 0x85BE, 0x85BE, 0x85BE, 0x85BE, 0x85BE, 0x85BE, 0x85BE, 0x85BE, 0x85BE, 0x85BE, 0x85BE,
  0x85BE, 0x85BE, 0x85BE, 0x85BE, 0x85BE, 0x85BE, 0x85BE, 0x85BE, 0x85BE, 0x85BE, 0x85BE, 0x85BE,
  0x85BE, 0x85BE, 0x85BE, 0x85BE, 0x85BE, 0x85BE, 0x85BE, 0x85BE, 0x85BE, 0x85BE, 0x85BE, 0x85BE,
  0x85BE, 0x85BE, 0x85BE, 0x85BE, 0x85BE, 0x85BE, 0x85BE, 0x85BE, 0x85BE, 0x85BE, 0x85BE, 0x85BE,
  0x85BE, 0x85BE, 0x85BE, 0x85BE, 0x85BE, 0x85BE, 0x85BE, 0x85BE, 0x85BE, 0x85BE, 0x85BE, 0x85BE,
  0x85BE, 0x85BE, 0x85BE, 0x85BE, 0x85BE, 0x85BE, 0x85BE, 0x85DE, 0x85DD, 0x8E3E, 0x9E7E, 0xA69F,
  0xAE9F, 0xAEBF, 0xB6BF, 0xB69D, 0xB69A, 0x6410, 0xB67C, 0xC6DF, 0xD73F, 0xDF9F, 0xD75E, 0xDF7F,
  0xDF7F, 0xD75F, 0xCF5D, 0xBEDB, 0xBEFD, 0xBEDF, 0xB6BF, 0xB6BF, 0xB6BF, 0xB6DF, 0xA67F, 0xA63F,
  0xAE7F, 0x8D79, 0x438B, 0x3B27, 0x32C6, 0x53CD, 0x7D37, 0x8DBD, 0x8DDE, 0x85BE, 0x7DBC, 0x85FD,
  0x85DD, 0x85DE, 0x85BF, 0x85BF, 0x85BE, 0x85DD, 0x85DD, 0x85DD, 0x85DE, 0x85BE, 0x85BE, 0x85BE,
  0x85BE, 0x85BE, 0x85BE, 0x85BE, 0x85BE, 0x85BE, 0x85BE, 0x85BE, 0x85BE, 0x85BE, 0x85BE, 0x85BE,
  0x85BE, 0x85BE, 0x85BE, 0x85BE, 0x85BE, 0x85BE, 0x85BE, 0x85BE, 0x85BE, 0x85BE, 0x85BE, 0x85BE,
  0x85BE, 0x85BE, 0x85BE, 0x85BE, 0x85BE, 0x85BE, 0x85BE, 0x85BE, 0x85BE, 0x85BE, 0x85BE, 0x85BE,
  0x85BE, 0x85BE, 0x85BE, 0x85BE, 0x85BE, 0x85BE, 0x85BE, 0x85BE, 0x85BE, 0x85BE, 0x85BE, 0x85BE,
  0x85BE, 0x85BE, 0x85BE, 0x85BE, 0x85BE, 0x85BE, 0x85BE, 0x85BE, 0x85BE, 0x85BE, 0x85BE, 0x85BE,
  0x85BE, 0x85BE, 0x85BE, 0x85BE, 0x85BE, 0x85BE, 0x85BE, 0x85BE, 0x85BE, 0x85BE, 0x85BE, 0x85BE,
  0x85BE, 0x85BE, 0x85BE, 0x85DE, 0x85DD, 0x8E1E, 0x9E5E, 0xA69F, 0xAE9F, 0xAE9F, 0xB69F, 0xB69E,
  0xBEDC, 0x6411, 0xB67C, 0xC6BE, 0xD73F, 0xDF7F, 0xD77F, 0xD73E, 0xDF7F, 0xD75E, 0xBED9, 0x4B4B,
  0x8D76, 0xC73F, 0xB69F, 0xAE9F, 0xAEBE, 0xAE7E, 0xAE9F, 0xAE7F, 0x9DFC, 0x5BD1, 0x32E7, 0x4347,
  0x3B4B, 0x6CD4, 0x961D, 0x8DBE, 0x7D9D, 0x85FF, 0x861D, 0x7DDC, 0x85DD, 0x85DE, 0x85BF, 0x85BF,
  0x85BE, 0x85BE, 0x85BD, 0x85DD, 0x85BE, 0x85BE, 0x85BE, 0x85BE, 0x85BE, 0x85BE, 0x85BE, 0x85BE,
  0x85BE, 0x85BE, 0x85BE, 0x85BE, 0x85BE, 0x85BE, 0x85BE, 0x85BE, 0x85BE, 0x85BE, 0x85BE, 0x85BE,
  0x85BE, 0x85BE, 0x85BE, 0x85BE, 0x85BE, 0x85BE, 0x85BE, 0x85BE, 0x85BE, 0x85BE, 0x85BE, 0x85BE,
  0x85BE, 0x85BE, 0x85BE, 0x85BE, 0x85BE, 0x85BE, 0x85BE, 0x85BE, 0x85BE, 0x85BE, 0x85BE, 0x85BE,
  0x85BE, 0x85BE, 0x85BE, 0x85BE, 0x85BE, 0x85BE, 0x85BE, 0x85BE, 0x85BE, 0x85BE, 0x85BE, 0x85BE,
  0x85BE, 0x85BE, 0x85BE, 0x85BE, 0x85BE, 0x85BE, 0x85BE, 0x85BE, 0x85BE, 0x85BE, 0x85BE, 0x85BE,
  0x85BE, 0x85BE, 0x85BE, 0x85BE, 0x85BE, 0x85BE, 0x85BE, 0x85BE, 0x85BE, 0x85BE, 0x85BE, 0x85DE,
  0x85BD, 0x8DFE, 0x965F, 0xA67F, 0xA69F, 0xAE9F, 0xB6BF, 0xB6BE, 0xB69C, 0x6411, 0xAE3B, 0xCEFF,
  0xD75F, 0xD73F, 0xDF9F, 0xD75F, 0xD71E, 0xD75D, 0x6C2D, 0x2A66, 0x8D55, 0xC73F, 0xB69F, 0xB6BF,
  0xAEBE, 0xB6DF, 0xB6BF, 0xA63D, 0xAE5C, 0x53AE, 0x32A5, 0x5C2B, 0x7D55, 0x859A, 0x8DFE, 0x85BE,
  0x7DBE, 0x85FE, 0x7DFD, 0x7DFC, 0x85DD, 0x85DE, 0x85BF, 0x85BF, 0x85BF, 0x85BE, 0x85BD, 0x85DD,
  0x85BE, 0x85BE, 0x85BE, 0x85BE, 0x85BE, 0x85BE, 0x85BE, 0x85BE, 0x85BE, 0x85BE, 0x85BE, 0x85BE,
  0x85BE, 0x85BE, 0x85BE, 0x85BE, 0x85BE, 0x85BE, 0x85BE, 0x85BE, 0x85BE, 0x85BE, 0x85BE, 0x85BE,
  0x85BE, 0x85BE, 0x85BE, 0x85BE, 0x85BE, 0x85BE, 0x85BE, 0x85BE, 0x85BE, 0x85BE, 0x85BE, 0x85BE,
  0x85BE, 0x85BE, 0x85BE, 0x85BE, 0x85BE, 0x85BE, 0x85BE, 0x85BE, 0x85BE, 0x85BE, 0x85BE, 0x85BE,
  0x85BE, 0x85BE, 0x85BE, 0x85BE, 0x85BE, 0x85BE, 0x85BE, 0x85BE, 0x85BE, 0x85BE, 0x85BE, 0x85BE,
  0x85BE, 0x85BE, 0x85BE, 0x85BE, 0x85BE, 0x85BE, 0x85BE, 0x85BE, 0x85BE, 0x85BE, 0x85BE, 0x85BE,
  0x85DE, 0x85DE, 0x85BE, 0x85BE, 0x85BE, 0x85BE, 0x85BE, 0x85BE, 0x85BE, 0x8DFF, 0x9E5F, 0xA67F,
  0xAE9F, 0xAEBF, 0xB6BF, 0xB6BE, 0xBEDC, 0x6C52, 0xBEBC, 0xD75F, 0xD75F, 0xDF7F, 0xDF7F, 0xD73F,
  0xE7BF, 0xD75C, 0x3AA5, 0x6C4C, 0xBEDB, 0xBEFE, 0xAE7E, 0xB6BF, 0xAE9E, 0xB6DF, 0xAE7E, 0x8538,
  0x8D56, 0x5C0D, 0x3AC6, 0x646E, 0x9E7C, 0x85BD, 0x7D9D, 0x85DE, 0x85FE, 0x7DDD, 0x7DBC, 0x861D,
  0x85DD, 0x85DE, 0x85BF, 0x85BF, 0x85BF, 0x85BE, 0x85DD, 0x85DD, 0x85DE, 0x85BE, 0x85BE, 0x85BE,
  0x85BE, 0x85BE, 0x85BE, 0x85BE, 0x85BE, 0x85BE, 0x85BE, 0x85BE, 0x85BE, 0x85BE, 0x85BE, 0x85BE,
  0x85BE, 0x85BE, 0x85BE, 0x85BE, 0x85BE, 0x85BE, 0x85BE, 0x85BE, 0x85BE, 0x85BE, 0x85BE, 0x85BE,
  0x85BE, 0x85BE, 0x85BE, 0x85BE, 0x85BE, 0x85BE, 0x85BE, 0x85BE, 0x85BE, 0x85BE, 0x85BE, 0x85BE,
  0x85BE, 0x85BE, 0x85BE, 0x85BE, 0x85BE, 0x85BE, 0x85BE, 0x85BE, 0x85BE, 0x85BE, 0x85BE, 0x85BE,
  0x85BE, 0x85BE, 0x85BE, 0x85BE, 0x85BE, 0x85BE, 0x85BE, 0x85BE, 0x85BE, 0x85BE, 0x85BE, 0x85BE,
  0x85BE, 0x85BE, 0x85BE, 0x85BE, 0x85BE, 0x85BE, 0x85BE, 0x85BE, 0x85DE, 0x85DE, 0x85BE, 0x85BE,
  0x85BE, 0x85BE, 0x85BE, 0x85BE, 0x8DFF, 0x961F, 0x9E7F, 0xA69F, 0xAE9F, 0xAEBF, 0xB6BF, 0xB6BE,
  0xC71D, 0x63F0, 0xAE19, 0xD75F, 0xD75F, 0xDF7F, 0xD71F, 0xDF5F, 0xDF5C, 0x8D32, 0x3AE5, 0x74AE,
  0xCF7E, 0xBEDE, 0xB69F, 0xAE9F, 0xB6DF, 0xA65D, 0xB6BF, 0x7CF6, 0x432A, 0x4B69, 0x42E7, 0x5C0F,
  0x8DDC, 0x85BE, 0x85FE, 0x85DE, 0x85FE, 0x85FE, 0x7DDD, 0x85DD, 0x85DD, 0x85BE, 0x85BE, 0x85BF,
  0x85BF, 0x85BE, 0x85DD, 0x85DD, 0x85DE, 0x85BE, 0x85BE, 0x85BE, 0x85BE, 0x85BE, 0x85BE, 0x85BE,
  0x85BE, 0x85BE, 0x85BE, 0x85BE, 0x85BE, 0x85BE, 0x85BE, 0x85BE, 0x85BE, 0x85BE, 0x85BE, 0x85BE,
  0x85BE, 0x85BE, 0x85BE, 0x85BE, 0x85BE, 0x85BE, 0x85BE, 0x85BE, 0x85BE, 0x85BE, 0x85BE, 0x85BE,
  0x85BE, 0x85BE, 0x85BE, 0x85BE, 0x85BE, 0x85BE, 0x85BE, 0x85BE, 0x85BE, 0x85BE, 0x85BE, 0x85BE,
  0x85BE, 0x85BE, 0x85BE, 0x85BE, 0x85BE, 0x85BE, 0x85BE, 0x85BE, 0x85BE, 0x85BE, 0x85BE, 0x85BE,
  0x85BE, 0x85BE, 0x85BE, 0x85BE, 0x85BE, 0x85BE, 0x85BE, 0x85BE, 0x85BE, 0x85BE, 0x85BE, 0x85BE,
  0x85BE, 0x85BE, 0x85BE, 0x85BE, 0x85DE, 0x85BE, 0x85BE, 0x85BE, 0x85BE, 0x85BE, 0x85BE, 0x85BE,
  0x95FF, 0x9E3F, 0xA67F, 0xA69F, 0xAE9F, 0xAEBF, 0xB6BF, 0xB6BE, 0xBEDD, 0x5BCF, 0x7472, 0xD73D,
  0xDF7F, 0xD73F, 0xD73E, 0xE79F, 0xA593, 0x42E7, 0x3AA4, 0x748D, 0xC73D, 0xB6BF, 0xBEFF, 0xB6BF,
  0xBEDF, 0xAE5E, 0xBEFF, 0x8535, 0x32A6, 0x4327, 0x42C8, 0x6410, 0x8DBC, 0x85BE, 0x85FE, 0x85DD,
  0x85DE, 0x8E1F, 0x85DE, 0x85BD, 0x85BD, 0x8DBD, 0x8DBE, 0x8DBE, 0x85BF, 0x85BE, 0x85DD, 0x85DD,
  0x85DE, 0x85BE, 0x85BE, 0x85BE, 0x85BE, 0x85BE, 0x85BE, 0x85BE, 0x85BE, 0x85BE, 0x85BE, 0x85BE,
  0x85BE, 0x85BE, 0x85BE, 0x85BE, 0x85BE, 0x85BE, 0x85BE, 0x85BE, 0x85BE, 0x85BE, 0x85BE, 0x85BE,
  0x85BE, 0x85BE, 0x85BE, 0x85BE, 0x85BE, 0x85BE, 0x85BE, 0x85BE, 0x85BE, 0x85BE, 0x85BE, 0x85BE,
  0x85BE, 0x85BE, 0x85BE, 0x85BE, 0x85BE, 0x85BE, 0x85BE, 0x85BE, 0x85BE, 0x85BE, 0x85BE, 0x85BE,
  0x85BE, 0x85BE, 0x85BE, 0x85BE, 0x85BE, 0x85BE, 0x85BE, 0x85BE, 0x85BE, 0x85BE, 0x85BE, 0x85BE,
  0x85BE, 0x85BE, 0x85BE, 0x85BE, 0x85BE, 0x85BE, 0x85BE, 0x85BE, 0x85BE, 0x85BE, 0x85BE, 0x85BE,
  0x85BE, 0x85BE, 0x85BE, 0x85BE, 0x85BE, 0x85BE, 0x85BE, 0x85BE, 0x8DFF, 0x9E3F, 0xA67F, 0xA69F,
  0xAE9F, 0xAEBF, 0xB6BF, 0xB6BE, 0xBEFD, 0x8D56, 0x63CF, 0xD73D, 0xDF7F, 0xDF7F, 0xE79F, 0xBE59,
  0x7C8E, 0x42E6, 0x3AA4, 0x8510, 0xC71E, 0xBEDF, 0xB6DF, 0xB6BF, 0xAE7F, 0xB69F, 0xB6DE, 0x8533,
  0x4326, 0x4345, 0x534B, 0x7CB5, 0x9E1E, 0x85BE, 0x7DBD, 0x85BD, 0x85DE, 0x85DE, 0x859E, 0x85BE,
  0x8DBD, 0x8DBD, 0x8DBD, 0x8DBE, 0x85BE, 0x85DE, 0x85DD, 0x85DD, 0x85DE, 0x85BE, 0x85BE, 0x85BE,
  0x85BE, 0x85BE, 0x85BE, 0x85BE, 0x85BE, 0x85BE, 0x85BE, 0x85BE, 0x85BE, 0x85BE, 0x85BE, 0x85BE,
  0x85BE, 0x85BE, 0x85BE, 0x85BE, 0x85BE, 0x85BE, 0x85BE, 0x85BE, 0x85BE, 0x85BE, 0x85BE, 0x85BE,
  0x85BE, 0x85BE, 0x85BE, 0x85BE, 0x85BE, 0x85BE, 0x85BE, 0x85BE, 0x85BE, 0x85BE, 0x85BE, 0x85BE,
  0x85BE, 0x85BE, 0x85BE, 0x85BE, 0x85BE, 0x85BE, 0x85BE, 0x85BE, 0x85BE, 0x85BE, 0x85BE, 0x85BE,
  0x85BE, 0x85BE, 0x85BE, 0x85BE, 0x85BE, 0x85BE, 0x85BE, 0x85BE, 0x85BE, 0x85BE, 0x85BE, 0x85BE,
  0x85BE, 0x85BE, 0x85BE, 0x85BE, 0x85BE, 0x85BE, 0x85BE, 0x85BE, 0x85BE, 0x85BE, 0x85BE, 0x85BE,
  0x85BE, 0x85DE, 0x85DE, 0x85DE, 0x961E, 0x9E3E, 0xA67F, 0xA69F, 0xAE9F, 0xB6BF, 0xB6BF, 0xB69F,
  0xC71F, 0xBEBC, 0x6C31, 0xD77D, 0xD75E, 0xE7BF, 0xC6B9, 0x6C0E, 0x63C9, 0x42E5, 0x4305, 0x74AE,
  0xBEFD, 0xC71F, 0xB69F, 0xB6BF, 0xB6BF, 0xB6BF, 0xBEDE, 0x8534, 0x32C6, 0x3B06, 0x7CD2, 0x9DFB,
  0x859C, 0x85BD, 0x8DFE, 0x85DD, 0x85BE, 0x85BE, 0x859E, 0x8DDF, 0x8DBE, 0x8DBD, 0x8DBD, 0x85BE,
  0x85BE, 0x85DE, 0x85DD, 0x85DD, 0x85DD, 0x85DE, 0x85DE, 0x85BE, 0x85BE, 0x85BE, 0x85DE, 0x85BE,
  0x85BE, 0x85BE, 0x85BE, 0x85BE, 0x85BE, 0x85BE, 0x85BE, 0x85BE, 0x85BE, 0x85BE, 0x85DD, 0x85DD,
  0x85DE, 0x85BE, 0x85BE, 0x85BE, 0x85BE, 0x85BE, 0x85BE, 0x85BE, 0x85BE, 0x85BE, 0x85BE, 0x85BE,
  0x85BE, 0x85BE, 0x85BE, 0x85BE, 0x85BE, 0x85BE, 0x85BE, 0x85BE, 0x85DE, 0x85DE, 0x85BE, 0x85BE,
  0x85DE, 0x85DE, 0x85DE, 0x85DE, 0x85BE, 0x85BE, 0x85BE, 0x85BE, 0x85BE, 0x85BE, 0x85BE, 0x85BE,
  0x85BE, 0x85BE, 0x85BE, 0x85BE, 0x85BE, 0x85BE, 0x85BE, 0x85BE, 0x85BE, 0x85BE, 0x85BE, 0x85BE,
  0x85BE, 0x85BE, 0x85BE, 0x85BE, 0x85BE, 0x85BE, 0x85BE, 0x85BE, 0x85BE, 0x85DE, 0x85DE, 0x8DDE,
  0x963E, 0x9E7E, 0xA69F, 0xAEBF, 0xAEBF, 0xB6BF, 0xB69F, 0xB69F, 0xC6FF, 0xAE3B, 0x6C31, 0xDF9D,
  0xD75C, 0xDF9D, 0x8CF1, 0x3A87, 0x42E5, 0x4B26, 0x3AE5, 0x7CF0, 0xBF3D, 0xB6FE, 0xBF1F, 0xAEBE,
  0xB6DE, 0xAE7C, 0xBEDE, 0x9597, 0x2228, 0x6C91, 0x9E3A, 0x961B, 0x85BC, 0x85BD, 0x85DE, 0x8DDE,
  0x85BE, 0x85BE, 0x8DDF, 0x85BE, 0x85BD, 0x8DDE, 0x85BD, 0x85BE, 0x85DE, 0x85BE, 0x85DD, 0x85DD,
  0x85DD, 0x85DE, 0x85DE, 0x85DE, 0x85BE, 0x85DE, 0x85BD, 0x85BD, 0x85BE, 0x85BF, 0x85BF, 0x85BF,
  0x85BE, 0x85BE, 0x85BE, 0x85BE, 0x85BE, 0x85BE, 0x85DC, 0x85DC, 0x85DD, 0x85BE, 0x85BF, 0x85BF,
  0x8DBF, 0x859F, 0x8DBE, 0x85BE, 0x85BD, 0x85DE, 0x85BE, 0x85BE, 0x85DE, 0x85DE, 0x85DE, 0x85BE,
  0x85BE, 0x85DE, 0x85DF, 0x85BE, 0x85DD, 0x85DD, 0x8DDF, 0x85BE, 0x85BD, 0x85FE, 0x85DD, 0x85DD,
  0x8DDE, 0x8DBE, 0x85BE, 0x8DDE, 0x85BE, 0x85BD, 0x85BE, 0x8DDE, 0x85BE, 0x85BE, 0x85BE, 0x85BE,
  0x85BE, 0x85BE, 0x85BE, 0x85BE, 0x8DDF, 0x85BE, 0x85BE, 0x85BE, 0x85BE, 0x8DBE, 0x8DDE, 0x85BD,
  0x859D, 0x95FE, 0x859D, 0x859D, 0x8DDE, 0x85BE, 0x85BE, 0x8DFE, 0x963E, 0xA69E, 0xAEBF, 0xAE9F,
  0xAE9F, 0xAE9F, 0xB69F, 0xBEBF, 0xC6FF, 0xBE9C, 0x6C31, 0xCF3B, 0xEFFD, 0x9D93, 0x42A6, 0x5327,
  0x42C4, 0x4B26, 0x3AC5, 0x74F0, 0xCF9E, 0xBF1E, 0xBF3E, 0xB6DD, 0xB6BC, 0xB69C, 0xC71E, 0x7CF5,
  0x4B8E, 0xA65A, 0xA6BC, 0x85DA, 0x8DFB, 0x8DBC, 0x85BC, 0x8DBD, 0x8DBE, 0x8DDE, 0x8DDE, 0x85BD,
  0x85BE, 0x8DDE, 0x85BE, 0x85DE, 0x8DFF, 0x85BE, 0x85BD, 0x85BD, 0x85DE, 0x85BE, 0x85DE, 0x8DFE,
  0x8DFE, 0x85DD, 0x85DD, 0x8DFE, 0x85BE, 0x85BF, 0x85BF, 0x85BF, 0x85DE, 0x85DE, 0x85DE, 0x85DF,
  0x85BF, 0x85BE, 0x85DC, 0x85DC, 0x85DD, 0x85BE, 0x85BF, 0x85BF, 0x8DBF, 0x8D9F, 0x8DBF, 0x8DBE,
  0x85DD, 0x85DD, 0x85DE, 0x85DE, 0x85BD, 0x85DE, 0x85BE, 0x85BE, 0x85BD, 0x85BE, 0x85BF, 0x85BE,
  0x85BD, 0x85BD, 0x85DF, 0x85BE, 0x85BE, 0x85DD, 0x85DD, 0x85BD, 0x85BD, 0x859D, 0x859D, 0x85BD,
  0x8DDE, 0x8DDE, 0x85BD, 0x85BD, 0x85BE, 0x85BE, 0x85BE, 0x85BE, 0x85BE, 0x85BE, 0x85BE, 0x85BE,
  0x85BE, 0x85BE, 0x85DE, 0x8DFF, 0x8DDE, 0x859D, 0x859D, 0x8DDD, 0x8DDD, 0x7D7C, 0x8DFE, 0x8DDE,
  0x85BD, 0x85BE, 0x7D7D, 0x961F, 0x963E, 0x9E7E, 0xA67F, 0xAE9F, 0xAE9F, 0xB6DF, 0xBEFF, 0xA61B,
  0xB67C, 0xB65A, 0x63EF, 0xEFFE, 0xBE76, 0x5328, 0x5327, 0x42E5, 0x4B04, 0x4B25, 0x3AA4, 0x7CF0,
  0xD7DE, 0xB6BB, 0xBF1D, 0xCF7E, 0xBEDB, 0xC6FC, 0xBEBB, 0x63F0, 0x8D54, 0xBF3C, 0xA67A, 0xAEDC,
  0x963A, 0x9E3B, 0x9E3C, 0x95FC, 0x859B, 0x859C, 0x8DBD, 0x8DBE, 0x8DBE, 0x8DBE, 0x857D, 0x85BE,
  0x8DDE, 0x859E, 0x85BE, 0x8DBF, 0x859F, 0x85DF, 0x85BE, 0x7D9D, 0x859D, 0x85DD, 0x85DC, 0x85DD,
  0x85DD, 0x85DE, 0x85BE, 0x85DE, 0x85DE, 0x85DE, 0x85DE, 0x85DF, 0x85BF, 0x85BF, 0x85DD, 0x85DD,
  0x85DD, 0x85DE, 0x85BE, 0x85BE, 0x8DBF, 0x8DBF, 0x8DBF, 0x8DBE, 0x85DC, 0x85DC, 0x85DD, 0x85DE,
  0x85DE, 0x85DE, 0x85BE, 0x85BE, 0x85DE, 0x85DE, 0x85BF, 0x85BF, 0x85DF, 0x85DF, 0x85DF, 0x85DF,
  0x85DE, 0x85DE, 0x85DF, 0x85BF, 0x85DE, 0x85FE, 0x85FE, 0x85DD, 0x7DBD, 0x7DBD, 0x85DD, 0x85DE,
  0x85DE, 0x85DE, 0x85DE, 0x85DE, 0x85DE, 0x85DE, 0x85DE, 0x85DE, 0x7DBE, 0x85DE, 0x85DE, 0x85DE,
  0x85DE, 0x85BD, 0x85BD, 0x8DFE, 0x85DD, 0x7D9C, 0x85DD, 0x85BD, 0x85FE, 0x8DFE, 0x85DE, 0x9E7F,
  0x9E5F, 0xA67F, 0xAE9F, 0xB6BF, 0xB6DF, 0xB6BF, 0xB69D, 0x6412, 0x9556, 0xC6DA, 0x746F, 0xC6D8,
  0x6C0C, 0x4AE6, 0x4AE5, 0x4AE5, 0x5325, 0x4B05, 0x3AA4, 0x7CEF, 0xDFDD, 0xBEFB, 0xBF1B, 0xBEDA,
  0xD7BD, 0xDFBD, 0xB678, 0x430A, 0xAE57, 0xD7DC, 0xC75C, 0xBF5C, 0xC77D, 0xC79E, 0xC77E, 0xB6FC,
  0x9E5A, 0x95FA, 0x95FC, 0x95FC, 0x9E1D, 0x9E1D, 0x8DBB, 0x8DBB, 0x8DDC, 0x8DBD, 0x8DBD, 0x859D,
  0x85BE, 0x8DDE, 0x85DD, 0x8DFD, 0x963D, 0x8E1D, 0x85BC, 0x85DD, 0x85DE, 0x85BE, 0x85DD, 0x85DD,
  0x85DD, 0x85DE, 0x85DE, 0x85DF, 0x85BF, 0x85BF, 0x85BE, 0x85DE, 0x85DD, 0x85DD, 0x85DD, 0x85DD,
  0x85BD, 0x8DBE, 0x8DBF, 0x8DBE, 0x85DC, 0x85DC, 0x85DD, 0x85DE, 0x85DE, 0x85DE, 0x85BE, 0x85DF,
  0x85DE, 0x85DE, 0x85BE, 0x85BF, 0x85BF, 0x85BF, 0x859F, 0x859E, 0x85BE, 0x85BE, 0x85DF, 0x85BF,
  0x7DBE, 0x85BE, 0x85BE, 0x7DBD, 0x85BD, 0x85DE, 0x85FE, 0x85FE, 0x85DE, 0x85DE, 0x85DD, 0x85DE,
  0x85DE, 0x85DE, 0x85DE, 0x85DE, 0x85DE, 0x8DFE, 0x85DE, 0x7D9D, 0x85DD, 0x8DFE, 0x85DD, 0x85DD,
  0x85DD, 0x8E1E, 0x85BD, 0x7DBD, 0x8E1F, 0x7DBD, 0x85FF, 0x8E1F, 0x9E3F, 0xA67F, 0xAE7F, 0xAE9F,
  0xB6BF, 0xAE9D, 0xA619, 0x326A, 0x7CD2, 0xAE36, 0x7CAF, 0xAE13, 0x3244, 0x5347, 0x42E5, 0x5346,
  0x52E4, 0x5305, 0x42C4, 0x7CCE, 0xE7FD, 0xDFFE, 0xB6B8, 0x6C2E, 0xD77A, 0xDFBB, 0xB676, 0x7CAF,
  0xE7FB, 0xC759, 0xCF9B, 0xC79B, 0xC75A, 0xBF5A, 0xBF59, 0xBF59, 0xC759, 0xC79B, 0xCF9C, 0xBF5C,
  0xC75D, 0xBF5C, 0xA679, 0x95F8, 0x95F9, 0x95FA, 0x9E1C, 0x95DC, 0x8DDC, 0x859B, 0x859B, 0x963D,
  0xA6BD, 0x963C, 0x859C, 0x8DDE, 0x85BF, 0x85BE, 0x85DD, 0x85DC, 0x85DE, 0x85DE, 0x85DE, 0x85DE,
  0x85BF, 0x85BF, 0x85BF, 0x85DE, 0x85DE, 0x85DD, 0x85DD, 0x85DD, 0x85BB, 0x85BC, 0x8DBE, 0x8DBF,
  0x85DD, 0x85DD, 0x85DE, 0x85DE, 0x85DD, 0x85BD, 0x85BF, 0x85BF, 0x85BF, 0x85BE, 0x85BD, 0x85DE,
  0x85BF, 0x85BF, 0x859E, 0x85BE, 0x8DDE, 0x85BD, 0x8DDF, 0x859E, 0x8DDF, 0x85BF, 0x85BE, 0x85DF,
  0x8DFF, 0x8DFF, 0x85BE, 0x7D9D, 0x85BD, 0x85BD, 0x85BD, 0x85BD, 0x85BD, 0x85BD, 0x85BD, 0x85BD,
  0x859D, 0x85BD, 0x85BD, 0x85BD, 0x8DBD, 0x85BD, 0x859C, 0x859C, 0x8DBD, 0x753B, 0x85BD, 0x8DFF,
  0x8DDF, 0x859E, 0x963F, 0x963F, 0xA65F, 0xAE7F, 0xAE7F, 0xAE7F, 0xB6BE, 0xBEFD, 0xA638, 0x3AEA,
  0x42E8, 0xA614, 0x746C, 0x952F, 0x42E5, 0x5346, 0x4B05, 0x42C4, 0x52E4, 0x4AE4, 0x4AE4, 0x84EE,
  0xE7FC, 0xE7FC, 0x9572, 0x3AA6, 0x9DB2, 0xEFFB, 0x9571, 0x7CAE, 0xE7FB, 0xCF98, 0xD7BA, 0xC759,
  0xC779, 0xC778, 0xC778, 0xC777, 0xC757, 0xC778, 0xC778, 0xBF17, 0xB6F7, 0xC779, 0xC779, 0xC77A,
  0xC77B, 0xBF1C, 0xAE9B, 0x95FA, 0x963A, 0x9E5B, 0x8DFA, 0x8DD9, 0x9659, 0x9659, 0x8DBB, 0x859D,
  0x859F, 0x85BF, 0x85DC, 0x85FC, 0x85DD, 0x85DE, 0x85DE, 0x85DE, 0x85BF, 0x85BF, 0x85BE, 0x85DE,
  0x85DE, 0x85DD, 0x85DE, 0x85DC, 0x8E1A, 0x8DFA, 0x8DBE, 0x8DBF, 0x85BE, 0x85DE, 0x85DE, 0x85DD,
  0x8E1D, 0x85DD, 0x85BE, 0x85BF, 0x85BF, 0x85BD, 0x8DDB, 0x8DFC, 0x85BD, 0x8DDF, 0x859E, 0x8DDE,
  0x8DDD, 0x859C, 0x8DBD, 0x857C, 0x8DBD, 0x859D, 0x8DBD, 0x8DBC, 0x859B, 0x857B, 0x8DDC, 0x9E3D,
  0x961C, 0x961B, 0x961B, 0x961B, 0x961B, 0x961A, 0x961A, 0x961A, 0x9E3B, 0x95FA, 0x961A, 0x9E3B,
  0x9E1B, 0x95FA, 0x9E3B, 0xA65C, 0x8DBA, 0x4371, 0x855A, 0x8DDC, 0x7D5B, 0x95FD, 0x9E5F, 0x9E3F,
  0xA65F, 0xAE9F, 0xB69F, 0xAE7D, 0xBEDC, 0xBEFB, 0x8D53, 0x4329, 0x42E7, 0x9DB0, 0x5B87, 0x3AA4,
  0x4B05, 0x4AE4, 0x4B05, 0x5345, 0x5305, 0x4AE4, 0x42C4, 0x8D0D, 0xE7FB, 0xCF38, 0x63EB, 0x3AA5,
  0xAE32, 0xDFB9, 0x4B27, 0x84EE, 0xDFF9, 0xD798, 0xCF79, 0xD7DB, 0xBEF7, 0xC758, 0xCF99, 0xCF78,
  0xC757, 0xC777, 0xC777, 0xBF36, 0xBF57, 0xC798, 0xC757, 0xC758, 0xC759, 0xBF19, 0xC73B, 0xC77C,
  0xB719, 0xC79C, 0xB6FC, 0x9618, 0x9E96, 0xA6D7, 0x961A, 0x8DBC, 0x8D9F, 0x8DBE, 0x8E1B, 0x8E1B,
  0x85DD, 0x85BE, 0x85BE, 0x85DF, 0x85BE, 0x85BE, 0x85DD, 0x85DD, 0x85DE, 0x85DE, 0x85BE, 0x85DC,
  0x9679, 0x9659, 0x8DDD, 0x8D9F, 0x85BF, 0x85BF, 0x85BF, 0x85DD, 0x965C, 0x8E1B, 0x8DDD, 0x8DBF,
  0x8DBE, 0x8DDC, 0x9619, 0x9E5A, 0x859A, 0x8DDD, 0x859C, 0x95DD, 0x8DBC, 0x859A, 0x9E1C, 0x9E3B,
  0x95FA, 0x95D9, 0x9DF9, 0x9E1A, 0x9E19, 0x9E18, 0xB6DA, 0xCFBD, 0xD7FD, 0xDFFC, 0xDFFC, 0xDFFB,
  0xDFFB, 0xDFFB, 0xDFFA, 0xDFFA, 0xE7FB, 0xD7DA, 0xDFFA, 0xDFFB, 0xD7DA, 0xDFFC, 0xE7FD, 0xD7BC,
  0x74B0, 0x3AEA, 0x9DD7, 0xA639, 0x95D8, 0xAE7B, 0xA65B, 0xA65C, 0xB6BE, 0xBEDE, 0xBEDD, 0xB67B,
  0xBEDA, 0xB698, 0x538B, 0x3AA6, 0x5367, 0x4B25, 0x4B25, 0x4B25, 0x5B66, 0x4AE4, 0x42C3, 0x4AE4,
  0x5305, 0x4B04, 0x42C3, 0x84EC, 0xE7FA, 0xCF38, 0x4B47, 0x3AA4, 0xA5F0, 0xD756, 0x63EA, 0xDFB9,
  0xD7B8, 0xCF98, 0xD7BA, 0xCF79, 0xBEF7, 0xBF17, 0xC758, 0xC759, 0xCF59, 0xCF99, 0xCF78, 0xBF16,
  0xBF16, 0xC777, 0xC778, 0xCF99, 0xC758, 0xB6D6, 0xB6F7, 0xC759, 0xC778, 0xCF9B, 0xC73C, 0xBF1A,
  0xBF77, 0xAED4, 0x95F6, 0x95DA, 0x8D9C, 0x95DD, 0x961A, 0x9639, 0x8DDC, 0x85BD, 0x85BE, 0x85BF,
  0x85BE, 0x85DD, 0x85DD, 0x85DD, 0x85DE, 0x85BE, 0x85BE, 0x85DB, 0xA6D8, 0x9E97, 0x8DFC, 0x8D9E,
  0x859F, 0x85BF, 0x85BE, 0x85DC, 0x9E7B, 0x961A, 0x8DBC, 0x8D9E, 0x8D9D, 0x8DBA, 0x9637, 0xA697,
  0x8DB7, 0x9E1A, 0x95DA, 0x9E3B, 0x9E3A, 0xA659, 0xC77D, 0xD7DE, 0xDFFE, 0xCF7B, 0xC73A, 0xD79B,
  0xDFDB, 0xD7BA, 0xD7BA, 0xE7FA, 0xDFF9, 0xDFF9, 0xDFF8, 0xE7F8, 0xE7F8, 0xE7F7, 0xE7F7, 0xE7F7,
  0xE7F7, 0xDFF7, 0xE7F8, 0xE7F7, 0xDFB7, 0xEFF9, 0xDFD8, 0xA612, 0x3AA5, 0x5BAA, 0xCF79, 0xDFDB,
  0xDFDC, 0xDFFD, 0xD79C, 0xDFDD, 0xD7BE, 0xD7BE, 0xCF7D, 0xBED9, 0xC719, 0xBED7, 0x4327, 0x4B27,
  0x42E5, 0x4B05, 0x4B25, 0x4AE4, 0x4B04, 0x4B24, 0x4B04, 0x5345, 0x4B04, 0x5325, 0x42C3, 0x7CAB,
  0xF7FB, 0x746C, 0x42E5, 0x42E4, 0xA5F0, 0x746B, 0x63C9, 0xDFB9, 0xDFD9, 0xBEF6, 0xCF7A, 0xCF9A,
  0xBF16, 0xB6B5, 0xC739, 0xCF5A, 0xCF3B, 0xC73A, 0xCF7B, 0xBEF8, 0xBEF7, 0xCF9A, 0xC739, 0xCF59,
  0xCF79, 0xC737, 0xB6F5, 0xCF77, 0xCF78, 0xC759, 0xCF5B, 0xC759, 0xBF33, 0xAEF1, 0xAED5, 0xC77B,
  0xA65B, 0x95B9, 0x9637, 0x9E78, 0x8DD9, 0x8DBB, 0x95DF, 0x8DBF, 0x85BC, 0x8DFC, 0x8DDC, 0x85BC,
  0x85DE, 0x8DDF, 0x85BE, 0x85DA, 0x9E95, 0xAEF6, 0x9619, 0x8D9C, 0x8DBD, 0x8DBE, 0x85BD, 0x8DDC,
  0xA67B, 0x95F9, 0x8D9C, 0x8D9D, 0x8D9C, 0x8DB8, 0x9E35, 0xA694, 0x95F5, 0xC75B, 0xD7FD, 0xC75A,
  0xC779, 0xD7FA, 0xD7F8, 0xDFF8, 0xDFF8, 0xD7B7, 0xC755, 0xE7F8, 0xDFF8, 0xE7F8, 0xDFF8, 0xE7F8,
  0xE7F8, 0xE7F8, 0xE7F9, 0xE7D8, 0xEFF9, 0xE7B8, 0xEFF9, 0xE7D9, 0xE7D9, 0xEFF9, 0xDFB8, 0xE7D8,
  0xEFF9, 0xE7F8, 0xC6D4, 0x4B25, 0x42E4, 0xBEB3, 0xEFF9, 0xDFD8, 0xDFF8, 0xDFF8, 0xE7F9, 0xDFF9,
  0xDFFB, 0xD7DB, 0xDFFB, 0xDFDA, 0xDFFA, 0xD798, 0x5367, 0x42E5, 0x4B05, 0x4B05, 0x4B05, 0x4B04,
  0x4B04, 0x4B04, 0x4B04, 0x4B04, 0x4AE4, 0x5345, 0x3AC3, 0x9D8E, 0xE7F9, 0x5BA8, 0x4B26, 0x3AA3,
  0xA610, 0x84ED, 0xB694, 0xDFDA, 0xCF58, 0xBEF7, 0xD79B, 0xCF9A, 0xBF35, 0xB6D3, 0xCF78, 0xCF5A,
  0xC73B, 0xCF3B, 0xCF5A, 0xBF18, 0xC738, 0xCF59, 0xC739, 0xC759, 0xCF79, 0xC777, 0xB6F3, 0xBF34,
  0xCF77, 0xC738, 0xCF7A, 0xCF78, 0xBF33, 0xB710, 0xB712, 0xC777, 0xC73A, 0xC75C, 0xBF19, 0xAED7,
  0xAEB9, 0x9619, 0x8D7B, 0x95BD, 0x8DDB, 0x9E3C, 0x961C, 0x859C, 0x859D, 0x8DBD, 0x8DBC, 0x8DF8,
  0x9E94, 0xAEF4, 0x9E58, 0x95D9, 0x95FB, 0x8DDB, 0x8DBA, 0x85B8, 0x9E58, 0x9E17, 0x95B9, 0x95DA,
  0xBEDD, 0xD7FE, 0xCFD8, 0xAED3, 0xAE94, 0xCF99, 0xDFFA, 0xC756, 0xCF96, 0xE7F7, 0xDFF6, 0xDFF6,
  0xE7F6, 0xDFF6, 0xC732, 0xE7F6, 0xDFD6, 0xDFF6, 0xE7F7, 0xE7F7, 0xE7F7, 0xE7F7, 0xE7D8, 0xE7F8,
  0xEFF9, 0xE7B8, 0xEFF9, 0xEFFA, 0xEFF9, 0xE7D9, 0xE7D9, 0xEFF9, 0xE7B7, 0xDF97, 0x63C8, 0x4AE4,
  0x42E3, 0xBED2, 0xE7F7, 0xE7F7, 0xEFF8, 0xE7F7, 0xE7F7, 0xDFF7, 0xDFF8, 0xDFF8, 0xDFF9, 0xDFF8,
  0xE7F9, 0xD797, 0x5367, 0x42E5, 0x4B05, 0x4B05, 0x4B05, 0x4B05, 0x4B04, 0x4B04, 0x4B04, 0x4B04,
  0x4B25, 0x4B25, 0x42E3, 0x8D2C, 0xA611, 0x42E5, 0x5346, 0x3AC4, 0x9DD0, 0x746B, 0xCF37, 0xDFDA,
  0xD7BA, 0xC738, 0xCF5A, 0xD7B9, 0xBF53, 0xB6F1, 0xCF97, 0xCF59, 0xC739, 0xCF5A, 0xC758, 0xC736,
  0xBF16, 0xBF16, 0xC738, 0xC759, 0xC737, 0xC756, 0xB6F1, 0xBF12, 0xCF56, 0xC6F6, 0xCF58, 0xCF77,
  0xBF12, 0xBEF0, 0xBF11, 0xC733, 0xC737, 0xCF9A, 0xC758, 0xB6F6, 0xB6F5, 0xA655, 0x8D97, 0x95DA,
  0x8DB8, 0x9E5B, 0x9E1C, 0x8DBC, 0x8DBD, 0x8DDC, 0x8DDA, 0x9637, 0xAF14, 0xB734, 0xAEB7, 0x9E17,
  0xA678, 0x9617, 0x9618, 0x8DD5, 0xA694, 0xC778, 0xCF9A, 0xC759, 0xD7BA, 0xE7FA, 0xD7D6, 0xB6F1,
  0xBEF4, 0xD7D8, 0xDFF8, 0xCF75, 0xCF94, 0xE7F7, 0xE7F7, 0xE7F7, 0xDFF6, 0xDFF6, 0xC713, 0xDFF7,
  0xD7B5, 0xC734, 0xDFD6, 0xE7F7, 0xE7F7, 0xDFB6, 0xCF54, 0xDFD7, 0xE7F8, 0xE7F7, 0xE7F7, 0xDFD7,
  0xE7F8, 0xE7F7, 0xF7F9, 0xDFB7, 0xE7D7, 0x84EB, 0x4B04, 0x42E3, 0x956E, 0xE7F8, 0xE7F8, 0xDFD7,
  0xE7F8, 0xDFF8, 0xE7F8, 0xE7F8, 0xDFF7, 0xDFF7, 0xE7F7, 0xDFF7, 0xE7F8, 0xD797, 0x5367, 0x42E5,
  0x4B05, 0x4B05, 0x4B05, 0x4B05, 0x4B05, 0x4B04, 0x4B04, 0x4B04, 0x4B45, 0x42E4, 0x4B24, 0x5BA6,
  0x5BA8, 0x42E5, 0x4B25, 0x4304, 0x5BA7, 0x6409, 0xC737, 0xD799, 0xD799, 0xC738, 0xCF5A, 0xD7B9,
  0xC752, 0xB6D0, 0xCF96, 0xC757, 0xC717, 0xCF78, 0xBF15, 0xBF34, 0xB6F3, 0xB6D3, 0xCF78, 0xCF78,
  0xBEF6, 0xC755, 0xB6F1, 0xBF32, 0xC735, 0xB6B4, 0xC715, 0xC734, 0xBEF2, 0xBEF1, 0xBF10, 0xBEF1,
  0xBEF4, 0xBED5, 0xC756, 0xC755, 0xB6F2, 0xB6D3, 0xB6D8, 0xA658, 0x95F6, 0xA699, 0x9E3A, 0x8DB9,
  0x95DA, 0x9E1A, 0x9E38, 0xAEB6, 0xAEF2, 0xB6F2, 0xAEB4, 0xA634, 0xB6F6, 0xAED6, 0xBF39, 0xB717,
  0xBF34, 0xD7F6, 0xD7F7, 0xD7B6, 0xDFF7, 0xD7F5, 0xC752, 0xB6D0, 0xB6D2, 0xD7B6, 0xE7F7, 0xD7B5,
  0xCF53, 0xD794, 0xDFB6, 0xE7F8, 0xCF95, 0xCF95, 0xC754, 0xE7F8, 0xD7D6, 0xBEF2, 0xC753, 0xDFF7,
  0xE7F7, 0xDFD6, 0xC754, 0xDFF7, 0xE7F7, 0xE7F8, 0xDFF7, 0xD7B6, 0xD775, 0xE7F7, 0xDFD6, 0xE7F8,
  0xA630, 0x42E3, 0x4B25, 0x3AC3, 0xAE51, 0xEFF9, 0xDFF8, 0xDFF8, 0xE7F9, 0xDFF8, 0xDFF8, 0xDFF8,
  0xE7F7, 0xDFF6, 0xE7F6, 0xE7F6, 0xE7F7, 0xDF96, 0x5366, 0x42E5, 0x4B05, 0x4B05, 0x4B05, 0x4B05,
  0x4B05, 0x4B05, 0x4B04, 0x4B04, 0x4325, 0x42E4, 0x5365, 0x42E4, 0x42E5, 0x5346, 0x42E4, 0x4B05,
  0x3AC3, 0x4B66, 0xC717, 0xDFB9, 0xD7B9, 0xC717, 0xCF59, 0xD7D9, 0xC753, 0xB6D0, 0xC755, 0xC735,
  0xBF15, 0xCF76, 0xB6F2, 0xBF11, 0xB6F1, 0xB6D1, 0xCF76, 0xCF77, 0xBEF5, 0xC756, 0xBF13, 0xC733,
  0xC733, 0xB6B1, 0xBEF2, 0xBF12, 0xBEF1, 0xBF11, 0xBF11, 0xBEF1, 0xBEF3, 0xAE92, 0xC734, 0xCF74,
  0xAED0, 0xBF31, 0xCF96, 0xB6D4, 0xAED5, 0xB6F7, 0xA677, 0x95D6, 0x95F7, 0xA657, 0xAEB5, 0xB714,
  0xB6F1, 0xB6D1, 0xB6B2, 0xA652, 0xBF14, 0xBF13, 0xCFB7, 0xC796, 0xC793, 0xCF93, 0xBF31, 0xBF11,
  0xC772, 0xC751, 0xB6F0, 0xBF11, 0xB6D1, 0xCF73, 0xDFF5, 0xD7B4, 0xC711, 0xBEF1, 0xCF54, 0xE7F7,
  0xC754, 0xBF12, 0xC753, 0xE7F7, 0xDFF6, 0xC753, 0xBEF2, 0xDFF6, 0xDFF6, 0xDFF6, 0xC754, 0xDFF6,
  0xDFF7, 0xDFF7, 0xDFF7, 0xCF95, 0xCF75, 0xE7F8, 0xDFF7, 0xE7F8, 0x6C28, 0x4304, 0x4304, 0x3AC3,
  0x9DCF, 0xDFD8, 0xE7F8, 0xE7F8, 0xDFF8, 0xE7F9, 0xDFF9, 0xDFF8, 0xE7F7, 0xDFF6, 0xE7F7, 0xE7F7,
  0xE7F7, 0xDF96, 0x5366, 0x42E4, 0x4B05, 0x4B05, 0x4B05, 0x4B05, 0x4B05, 0x4B05, 0x4B05, 0x4B05,
  0x4305, 0x4305, 0x4B24, 0x42E4, 0x4B05, 0x5326, 0x4B05, 0x4B25, 0x4B25, 0x4B26, 0xCF57, 0xDFFA,
  0xDFD9, 0xBEF5, 0xD778, 0xD7B8, 0xC752, 0xB6F0, 0xBF33, 0xBF14, 0xBEF4, 0xCF75, 0xB6F1, 0xBF10,
  0xBF10, 0xB6D0, 0xBF13, 0xC734, 0xB6D3, 0xC755, 0xBEF2, 0xB6F1, 0xBF32, 0xB6D0, 0xB6F0, 0xBEF0,
  0xBEF0, 0xBF31, 0xBF11, 0xBEF1, 0xB6F1, 0xB6D1, 0xBF12, 0xBF12, 0xB6D0, 0xB710, 0xBF31, 0xB6F1,
  0xBF13, 0xBF14, 0xB6D4, 0xA674, 0xAE94, 0xB6D4, 0xB6F3, 0xB711, 0xBF31, 0xBF11, 0xBED2, 0xB691,
  0xBEF1, 0xB6F0, 0xBF52, 0xBF11, 0xBF31, 0xC751, 0xBF10, 0xB6F0, 0xB6EF, 0xB6CE, 0xB6CF, 0xBF11,
  0xBEF0, 0xBEF0, 0xC752, 0xC732, 0xBED0, 0xB6B0, 0xBEF2, 0xD794, 0xCF73, 0xB6D0, 0xBEF1, 0xCFB4,
  0xDFF5, 0xCF73, 0xB6D1, 0xD7D5, 0xE7F7, 0xDFF6, 0xBEF2, 0xCF74, 0xDFF7, 0xE7F7, 0xE7F7, 0xCF54,
  0xD795, 0xE7F7, 0xE7F8, 0xB6B2, 0x5386, 0x4324, 0x4B45, 0x3AC3, 0xAE51, 0xE7F8, 0xE7F9, 0xDFB7,
  0xDFF8, 0xEFFA, 0xDFD7, 0xE7F8, 0xE7F8, 0xE7F7, 0xE7F8, 0xE7F7, 0xE7F8, 0xDF97, 0x5366, 0x42E4,
  0x4B05, 0x4B05, 0x4B05, 0x4B05, 0x4B05, 0x4B05, 0x4B05, 0x4B05, 0x4B25, 0x4B25, 0x4304, 0x4B04,
  0x5326, 0x4AE5, 0x5325, 0x4B25, 0x3AA3, 0x8D4E, 0xE7FA, 0xCF57, 0xC735, 0xC6F5, 0xDFB8, 0xD797,
  0xBF11, 0xBEF0, 0xBEF2, 0xBF13, 0xBEF3, 0xC754, 0xBEF1, 0xBEF0, 0xBEF0, 0xBEF0, 0xB6D1, 0xBEF2,
  0xB6D1, 0xBF12, 0xBEF0, 0xB6CF, 0xBF10, 0xB6EF, 0xB710, 0xB6EF, 0xB6EF, 0xBF2F, 0xB6F0, 0xB6F1,
  0xB6F0, 0xBF30, 0xBF10, 0xB6F0, 0xBF12, 0xBF12, 0xB6EF, 0xBF2F, 0xB710, 0xB6F0, 0xB710, 0xBF31,
  0xB712, 0xBF12, 0xBF30, 0xB6EF, 0xB6EF, 0xBECF, 0xBEB1, 0xBED1, 0xBEF1, 0xB6F0, 0xBF30, 0xB70F,
  0xB6EF, 0xB6F0, 0xB6F0, 0xB6F0, 0xBF30, 0xBF30, 0xBF11, 0xB6F0, 0xBF0F, 0xB6CE, 0xBEF0, 0xBEF1,
  0xB6D0, 0xBED0, 0xBEF0, 0xC711, 0xC731, 0xBEF0, 0xBED0, 0xBF11, 0xCF72, 0xC731, 0xB6D0, 0xC752,
  0xEFF6, 0xDFD5, 0xBED1, 0xCF54, 0xE7F7, 0xE7F7, 0xEFF8, 0xCF75, 0xCF75, 0xD7B6, 0xDFB6, 0xA5EF,
  0x3AC3, 0x4B04, 0x4B25, 0x3AA3, 0xA5F0, 0xDF96, 0xDFB7, 0xE7D7, 0xEFF9, 0xD796, 0xA610, 0xE7F8,
  0xE7F9, 0xE7F9, 0xE7F9, 0xE7D8, 0xE7F9, 0xDF97, 0x5366, 0x42E4, 0x4B05, 0x4B05, 0x4B05, 0x4B05,
  0x4B05, 0x4B05, 0x4B05, 0x4B05, 0x4B25, 0x42E4, 0x5345, 0x4B24, 0x4B05, 0x4AE5, 0x5325, 0x4B04,
  0x4B04, 0xCF35, 0xCF35, 0xBEF4, 0xCF75, 0xC734, 0xCF75, 0xC734, 0xB6F0, 0xB6F0, 0xB6D0, 0xBEF2,
  0xB6D1, 0xBF12, 0xBEF0, 0xBF10, 0xB6CF, 0xBF10, 0xB6F0, 0xBF11, 0xB6D0, 0xBEF0, 0xBF10, 0xBF0F,
  0xB6EF, 0xB710, 0xBF30, 0xB70F, 0xB70E, 0xBF0F, 0xB6D0, 0xBF10, 0xB6F0, 0xBF0F, 0xB6EF, 0xB6F0,
  0xBF12, 0xBEF2, 0xB6EF, 0xB70F, 0xBF30, 0xB6EE, 0xB70E, 0xBF2F, 0xAECF, 0xB6EF, 0xBF30, 0xBF0F,
  0xBF0F, 0xBF10, 0xBED0, 0xBEF1, 0xBEF0, 0xBEF0, 0xBF2F, 0xB6EF, 0xBF10, 0xB6F0, 0xBEF1, 0xBEF1,
  0xB6CF, 0xB6EF, 0xBF10, 0xBF10, 0xBF0F, 0xB6EE, 0xBF11, 0xBEF1, 0xBEF0, 0xBF10, 0xBEF0, 0xB6CF,
  0xB6AE, 0xC730, 0xBEEF, 0xB6CF, 0xBF10, 0xB6CF, 0xBEF0, 0xC732, 0xCF93, 0xCF73, 0xBEF1, 0xCF53,
  0xD7D5, 0xC733, 0xDFF6, 0xD7B5, 0xD795, 0xC6F2, 0xEFF8, 0xAE50, 0x3AC3, 0x5345, 0x4B04, 0x42C3,
  0xA5EF, 0xD776, 0xDFB7, 0xEFF8, 0xEFF8, 0xA5CF, 0x63C7, 0xE7F8, 0xE7F9, 0xE7F9, 0xE7F9, 0xE7D8,
  0xE7F9, 0xDF97, 0x5B67, 0x42E4, 0x4B05, 0x4B05, 0x4B05, 0x4B05, 0x4B05, 0x4B05, 0x4B05, 0x4B05,
  0x4B05, 0x4B04, 0x4B04, 0x4B04, 0x4B04, 0x4B04, 0x4B04, 0x4B04, 0x4B04, 0xB692, 0xC6F3, 0xC733,
  0xC712, 0xBF12, 0xC772, 0xBEF0, 0xBEF0, 0xBEF0, 0xBEF0, 0xBEF0, 0xBEF0, 0xBEF0, 0xBEF0, 0xBEF0,
  0xBEF0, 0xBEF0, 0xBEF0, 0xBEF0, 0xBEF0, 0xBEF0, 0xBEF0, 0xBF10, 0xBF10, 0xB710, 0xB710, 0xBF10,
  0xBF0F, 0xBF0F, 0xBEF0, 0xBEF0, 0xBF10, 0xBF10, 0xBF10, 0xBEF0, 0xBEF1, 0xBEF1, 0xBEF0, 0xBF10,
  0xBF10, 0xB6F0, 0xB6EF, 0xB6EF, 0xBF10, 0xBF10, 0xBF10, 0xB6EF, 0xBF10, 0xBEF0, 0xBEF0, 0xBF11,
  0xBF11, 0xBF10, 0xBEF0, 0xBF10, 0xBF10, 0xBF11, 0xBF11, 0xBF11, 0xBF10, 0xBF10, 0xBF11, 0xBF10,
  0xBF30, 0xBF10, 0xBEF0, 0xBEF0, 0xBEF0, 0xBEF0, 0xBEF0, 0xBF10, 0xBEF0, 0xBEEF, 0xBF10, 0xBF10,
  0xBF10, 0xBEF0, 0xBEF0, 0xBEF0, 0xB6D0, 0xBF31, 0xB6AF, 0xCF73, 0xCF93, 0xB6D0, 0xCF73, 0xC732,
  0xD7B4, 0xCF73, 0xC713, 0x74A9, 0x42E3, 0x4B45, 0x4B25, 0x3AA3, 0xAE31, 0xCF34, 0xDF96, 0xEFF9,
  0xBED3, 0x42E4, 0x6C49, 0xE7F8, 0xD796, 0xCF75, 0x9DCF, 0xBEB2, 0xEFF8, 0xDF97, 0x4B25, 0x4B25,
  0x4B05, 0x4B05, 0x4B05, 0x4B05, 0x4B05, 0x4B04, 0x4B04, 0x4B04, 0x4B04, 0x4B04, 0x4B04, 0x4B04,
  0x4B04, 0x4B04, 0x4B04, 0x4B04, 0x42E4, 0xBEB2, 0xBED2, 0x9DCD, 0xBF11, 0xB6F0, 0xB6EF, 0xB6EF,
  0xBF10, 0xBEF0, 0xBEF0, 0xBEF0, 0xBEF0, 0xBEF0, 0xBEF0, 0xBEF0, 0xBEF0, 0xBEF0, 0xBEF0, 0xBEF0,
  0xBEF0, 0xBEF0, 0xBEF0, 0xBEF0, 0xBEF0, 0xBEF0, 0xBEF0, 0xBEF0, 0xBEF0, 0xBEF0, 0xBEF0, 0xBEF0,
  0xB6F0, 0xBF10, 0xBF10, 0xBF10, 0xB6F0, 0xB6F0, 0xB6F0, 0xBEF0, 0xB6F0, 0xBEF0, 0xBF10, 0xBF10,
  0xBF10, 0xBF10, 0xBF11, 0xBF31, 0xB6F0, 0xB6AF, 0xAE8E, 0xAE8E, 0xAE8E, 0xAE8E, 0xAE8E, 0xAE8F,
  0xAE8E, 0xAE8E, 0xAE8E, 0xAE8E, 0xAE8E, 0xAE8E, 0xAE8E, 0xAE8E, 0xA66E, 0xAEAF, 0xB6F0, 0xBF31,
  0xBF31, 0xBF10, 0xBF10, 0xBF10, 0xBF10, 0xBF10, 0xB6EF, 0xB6EF, 0xB6F0, 0xB6F0, 0xBF10, 0xBF10,
  0xB6CF, 0xBF10, 0xB6AF, 0xC751, 0xC751, 0xB6CF, 0xBF31, 0xBEF0, 0xC752, 0xC753, 0xA62F, 0x4303,
  0x4304, 0x42E4, 0x4B45, 0x42E4, 0xA5CF, 0xDFB6, 0xE7D7, 0xD755, 0x63C7, 0x3AA3, 0x6C4A, 0xEFF9,
  0xCF54, 0xAE50, 0x4303, 0x5BA6, 0xD775, 0xE7F8, 0x5366, 0x42E4, 0x4B05, 0x4B05, 0x4B05, 0x4B05,
  0x4B05, 0x4B04, 0x4B04, 0x4B04, 0x4B04, 0x4B04, 0x4B04, 0x4B04, 0x4B04, 0x4B04, 0x4B04, 0x4B04,
  0x4B04, 0xAE30, 0x9DCE, 0x5BE6, 0xB6D1, 0xBF11, 0xB6EF, 0xBF50, 0xBF10, 0xBEF0, 0xBEF0, 0xBEF0,
  0xBEF0, 0xBEF0, 0xBEF0, 0xBEF0, 0xBEF0, 0xBEF0, 0xBEF0, 0xBEF0, 0xBEF0, 0xBEF0, 0xBEF0, 0xBEF0,
  0xBEF0, 0xBEF0, 0xBEF0, 0xBEF0, 0xBEF0, 0xBEF0, 0xBEF0, 0xBEF0, 0xB6F0, 0xBEF0, 0xBEF0, 0xBEF0,
  0xBEF0, 0xBEF0, 0xBF10, 0xBF10, 0xBF10, 0xBF10, 0xBF10, 0xB6F0, 0xAEAF, 0xAE8E, 0xAE8E, 0xAEAF,
  0xA66E, 0x9E2D, 0x95EC, 0x95EC, 0x95EC, 0x9DEC, 0x95EC, 0x95EC, 0x95EC, 0x95EC, 0x95EC, 0x95EC,
  0x95EC, 0x95EC, 0x95EC, 0x95EC, 0x9E0C, 0x9E2D, 0xA66E, 0xAE8F, 0xAE8F, 0xAE8F, 0xB6CF, 0xBF10,
  0xBF30, 0xBF10, 0xB6EF, 0xBF10, 0xBF10, 0xBEF0, 0xBEF0, 0xBEF0, 0xBF10, 0xBEF0, 0xB6CF, 0xBF10,
  0xBF10, 0xB6CF, 0xB6F0, 0xB6F0, 0xB6D0, 0xBF12, 0x7CC9, 0x42E3, 0x5365, 0x4B24, 0x4304, 0x3AA3,
  0xAE31, 0xD755, 0xE7F7, 0xA5CF, 0x4B24, 0x4304, 0x63E8, 0xBED3, 0xCF54, 0x9DAE, 0x53A6, 0x3AA2,
  0xAE30, 0xE7F8, 0x5346, 0x4B05, 0x4B05, 0x4B05, 0x4B05, 0x4B05, 0x4B05, 0x4B04, 0x4B04, 0x4B04,
  0x4B04, 0x4B04, 0x4B04, 0x4B04, 0x4B04, 0x4B04, 0x4B04, 0x4B04, 0x42C3, 0x9D8E, 0x958D, 0x3AE2,
  0x8D6B, 0xBEF1, 0xBF30, 0xB6EF, 0xBF10, 0xBEF0, 0xBEF0, 0xBEF0, 0xBEF0, 0xBEF0, 0xBEF0, 0xBEF0,
  0xBEF0, 0xBEF0, 0xBEF0, 0xBEF0, 0xBEF0, 0xBEF0, 0xBEF0, 0xBEF0, 0xBEF0, 0xBEF0, 0xBEF0, 0xBEF0,
  0xBEF0, 0xBEF0, 0xBEF0, 0xBEF0, 0xBF10, 0xB6F0, 0xB6D0, 0xB6F0, 0xBF10, 0xBF31, 0xBF10, 0xB6F0,
  0xAEAF, 0xAEAF, 0xAE8F, 0xA66E, 0x9E0D, 0x95EC, 0x95EC, 0x9DEC, 0x9E0D, 0x9DEC, 0x95EC, 0x9DEC,
  0x9E0C, 0x9DEC, 0x95EC, 0x95EC, 0x9DEC, 0x9DEC, 0x9DEC, 0x9DEC, 0x9DEC, 0x9DEC, 0x9DEC, 0x9DEC,
  0x95EC, 0x9DEC, 0x9E0C, 0x9DEC, 0x95EC, 0x9DEC, 0xA64D, 0xAE8E, 0xAE8E, 0xAEAE, 0xB6CF, 0xBF10,
  0xBF30, 0xBF10, 0xB6F0, 0xB6EF, 0xBF10, 0xB6F0, 0xB6F0, 0xBEF0, 0xBF10, 0xBF10, 0xB6F0, 0xBF10,
  0xBF11, 0xB6B0, 0x53A5, 0x4324, 0x4324, 0x4B04, 0x4B45, 0x4304, 0x954D, 0xCF14, 0xEFF8, 0xA610,
  0x3AC3, 0x4B45, 0x3282, 0x850C, 0xDFD7, 0x5BC6, 0x42E3, 0x4304, 0x956E, 0xBEB3, 0x4B05, 0x4B05,
  0x4B05, 0x4B05, 0x4B05, 0x4B05, 0x4B05, 0x4B04, 0x4B04, 0x4B04, 0x4B05, 0x4B05, 0x4B04, 0x4B04,
  0x4B04, 0x4B04, 0x4B05, 0x4B05, 0x4B25, 0x42E3, 0x42E3, 0x3AE2, 0x852B, 0xBEF1, 0xBF10, 0xBF10,
  0xBEF0, 0xBEF0, 0xBEF0, 0xBEF0, 0xBEF0, 0xBEF0, 0xBEF0, 0xBEF0, 0xBEF0, 0xBEF0, 0xBEF0, 0xBEF0,
  0xBEF0, 0xBEF0, 0xBEF0, 0xBEF0, 0xBEF0, 0xBEF0, 0xBEF0, 0xBEF0, 0xBEF0, 0xBEF0, 0xBEF0, 0xBEF0,
  0xBF10, 0xBF10, 0xBF10, 0xBF10, 0xBEF0, 0xB6D0, 0xAEAF, 0xAE8E, 0x9E0C, 0x9E0C, 0x9E0C, 0x95EC,
  0x95EC, 0x95EC, 0x95EC, 0x9DEC, 0x95EC, 0x95EC, 0x9E0C, 0x9E0D, 0x9E0D, 0x9E0C, 0x9E0C, 0x9E0C,
  0x9E0C, 0x9E0C, 0x9E0C, 0x9E0C, 0x9E0C, 0x9E0C, 0x9E0C, 0x9E0C, 0x95EC, 0x95EC, 0x9DEC, 0x9E0C,
  0x95EC, 0x95EC, 0x95EC, 0x9E0C, 0x95EC, 0x9E0C, 0x9E2D, 0xAE8E, 0xB6CF, 0xB6F0, 0xBF10, 0xBF10,
  0xBF10, 0xB6CF, 0xBF10, 0xB6EF, 0xB6F0, 0xBF10, 0xB6EF, 0xBEF0, 0xBEF1, 0xAE6F, 0x5384, 0x42E3,
  0x4B24, 0x42E3, 0x5366, 0x4B04, 0x42E4, 0x84CB, 0xD775, 0x9DCF, 0x3AA2, 0x5386, 0x4304, 0x748A,
  0xB6B2, 0x5BA6, 0x42E3, 0x4304, 0x4304, 0x42E4, 0x42E4, 0x5366, 0x4B05, 0x4B05, 0x4B05, 0x4B05,
  0x4B05, 0x4B05, 0x4B04, 0x4B04, 0x4B05, 0x4B05, 0x4B05, 0x4B04, 0x4B04, 0x4B05, 0x4B05, 0x4B05,
  0x4304, 0x4304, 0x5365, 0x4323, 0x4323, 0x9E0D, 0xBF11, 0xB6CF, 0xBEF0, 0xBEF0, 0xBEF0, 0xBEF0,
  0xBEF0, 0xBEF0, 0xBEF0, 0xBEF0, 0xBEF0, 0xBEF0, 0xBEF0, 0xBEF0, 0xBEF0, 0xBEF0, 0xBEF0, 0xBEF0,
  0xBEF0, 0xBEF0, 0xBEF0, 0xBEF0, 0xBEF0, 0xBEF0, 0xBEF0, 0xBEF0, 0xB6F0, 0xBF10, 0xBF31, 0xBEF0,
  0xAE8F, 0xA62D, 0x9E0C, 0x9E0C, 0x95EC, 0x95EC, 0x95EC, 0x95EC, 0x95EC, 0x9E0C, 0x9E0C, 0x9E0C,
  0x95EC, 0x95EC, 0x95EC, 0x9DEC, 0x95EC, 0x95CC, 0x95EC, 0x9E0C, 0x95EC, 0x95EC, 0x95EC, 0x95EC,
  0x95EC, 0x95EC, 0x95EC, 0x95EC, 0x9E0C, 0x9DEC, 0x9E0C, 0x9E0C, 0x9E0C, 0x9E0C, 0x95EC, 0x95EC,
  0x95EC, 0x95CB, 0x95CB, 0x9E0C, 0xA62D, 0xAE8E, 0xB6CF, 0xBF10, 0xBEF0, 0xB6F0, 0xBF10, 0xB6EF,
  0xB6EF, 0xBF10, 0xB6EF, 0xB6F0, 0xBEF1, 0xBED1, 0x53A5, 0x4303, 0x4B45, 0x4B45, 0x4304, 0x42E4,
  0x4B25, 0x5345, 0xAE51, 0x956D, 0x4B04, 0x4304, 0x4B25, 0x4B25, 0x4B24, 0x4303, 0x5365, 0x4B24,
  0x4B24, 0x4B25, 0x4B25, 0x42C4, 0x4B05, 0x4B05, 0x4B05, 0x4B05, 0x4B05, 0x4B05, 0x4B04, 0x4B04,
  0x4B05, 0x4B05, 0x4B05, 0x4B05, 0x4B05, 0x4B05, 0x4B05, 0x4B05, 0x4B25, 0x4305, 0x4B04, 0x4324,
  0x3AE2, 0x9E0E, 0xC731, 0xC731, 0xBEF0, 0xBEF0, 0xBEF0, 0xBEF0, 0xBEF0, 0xBEF0, 0xBEF0, 0xBEF0,
  0xBEF0, 0xBEF0, 0xBEF0, 0xBEF0, 0xBEF0, 0xBEF0, 0xBEF0, 0xBEF0, 0xBEF0, 0xBEF0, 0xBEF0, 0xBEF0,
  0xBEF0, 0xBEF0, 0xBEF0, 0xBEF0, 0xB6F0, 0xB6F0, 0xB6CF, 0xAE8E, 0x9E2D, 0x95EC, 0x95CC, 0x95EC,
  0x9E0C, 0x9E0C, 0x9E0C, 0x9E0C, 0x9DEC, 0x9DEC, 0x95EC, 0x95EC, 0x9E0D, 0x9E0C, 0x9E0C, 0x9E0C,
  0x9E0C, 0x9DEC, 0x9E0C, 0x9E0D, 0x9E0C, 0x9E0C, 0x9E0C, 0x9E0C, 0x9E0C, 0x9E0C, 0x9E0C, 0x9E0C,
  0x9E0C, 0x9DEC, 0x95EC, 0x95EC, 0x9DEC, 0x9DEC, 0x9E0C, 0x9E0C, 0x9E0D, 0x9E0C, 0x95EC, 0x95EB,
  0x95EC, 0x9E0C, 0xA66D, 0xAEAE, 0xB6EF, 0xBF10, 0xBF10, 0xBF10, 0xBEF0, 0xBF10, 0xBF10, 0xBEF0,
  0xC732, 0xA62F, 0x4B64, 0x4303, 0x42E3, 0x5345, 0x42E4, 0x5345, 0x4B04, 0x42E4, 0x7449, 0x8D0C,
  0x42E3, 0x4B24, 0x42E4, 0x4B25, 0x4B24, 0x42E3, 0x4B24, 0x42E4, 0x4B24, 0x4B04, 0x42C4, 0x4B25,
  0x4B05, 0x4B05, 0x4B05, 0x4B05, 0x4B05, 0x4B05, 0x4B04, 0x4B04, 0x4B05, 0x4B05, 0x4B05, 0x4B05,
  0x4B05, 0x4B05, 0x4B05, 0x4B05, 0x42E5, 0x4B25, 0x4304, 0x4B24, 0x4B23, 0xA64F, 0xBEF1, 0xB6D0,
  0xBEF0, 0xBEF0, 0xBEF0, 0xBEF0, 0xBEF0, 0xBEF0, 0xBEF0, 0xBEF0, 0xBEF0, 0xBEF0, 0xBEF0, 0xBEF0,
  0xBEF0, 0xBEF0, 0xBEF0, 0xBEF0, 0xBEF0, 0xBEF0, 0xBEF0, 0xBEF0, 0xBEF0, 0xBEF0, 0xBEF0, 0xBEF0,
  0xBF31, 0xB6AF, 0xA62D, 0x95EC, 0x95EC, 0x9DEC, 0x9E0C, 0x9E0C, 0x95EC, 0x95EC, 0x95EC, 0x9DEC,
  0x95EC, 0x95EC, 0x95EC, 0x9DEC, 0x9DEC, 0x95EC, 0x95EC, 0x95EC, 0x9DEC, 0x95EC, 0x95EC, 0x95EC,
  0x9DEC, 0x9DEC, 0x9DEC, 0x9DEC, 0x9DEC, 0x9DEC, 0x9DEC, 0x9DEC, 0x9DEC, 0x95EC, 0x95EC, 0x9DEC,
  0x9DEC, 0x95EC, 0x95EC, 0x9DEC, 0x95EC, 0x95EC, 0x9E0C, 0x9E0C, 0x95EC, 0x95CB, 0x95EC, 0x9E0C,
  0xAEAE, 0xBF10, 0xB6F0, 0xBEF0, 0xBEF0, 0xBEF0, 0xBF10, 0xB6D0, 0xB6D0, 0x6427, 0x4B23, 0x4303,
  0x5365, 0x42C4, 0x4B25, 0x4B04, 0x4B04, 0x5345, 0x42E4, 0x4B24, 0x4B04, 0x5345, 0x4B25, 0x42E4,
  0x4B04, 0x4B45, 0x42E3, 0x4B25, 0x4B25, 0x42E4, 0x5346, 0x4B04, 0x4B05, 0x4B05, 0x4B05, 0x4B05,
  0x4B05, 0x4B05, 0x4B05, 0x4B04, 0x4B05, 0x4B05, 0x4B05, 0x4B05, 0x4B05, 0x4B05, 0x4B05, 0x4B05,
  0x4B25, 0x4305, 0x42E4, 0x4B45, 0x3AE2, 0xA62F, 0xBED0, 0xBF11, 0xBEF0, 0xBEF0, 0xBEF0, 0xBEF0,
  0xBEF0, 0xBEF0, 0xBEF0, 0xBEF0, 0xBEF0, 0xBEF0, 0xBEF0, 0xBEF0, 0xBEF0, 0xBEF0, 0xBEF0, 0xBEF0,
  0xB6F0, 0xB6F0, 0xBF10, 0xBF10, 0xB6EF, 0xBEF0, 0xBF10, 0xBEF0, 0xB6F0, 0xA64D, 0x95EC, 0x9DEC,
  0x9E0C, 0x95EC, 0x95EC, 0x9E0C, 0x9DEC, 0x9DEC, 0x9DEC, 0x9DEC, 0x9DEC, 0x9DEC, 0x9DEC, 0x9DEC,
  0x9DEC, 0x9DEC, 0x9DEC, 0x9DEC, 0x9DEC, 0x9DEC, 0x9DEC, 0x9DEC, 0x9DEC, 0x9DEC, 0x9DEC, 0x9DEC,
  0x9DEC, 0x9DEC, 0x9DEC, 0x9DEC, 0x9DEC, 0x9DEC, 0x9DEC, 0x9DEC, 0x9DEC, 0x9DEC, 0x9DEC, 0x9DEC,
  0x960C, 0x960C, 0x960C, 0x960C, 0x960C, 0x960C, 0x9DEC, 0x9DEC, 0x9E0C, 0x9E0C, 0xBEF0, 0xB6F0,
  0xBF10, 0xBF10, 0xBEF0, 0xB6CF, 0xC712, 0x5BC6, 0x42E3, 0x4B24, 0x4B25, 0x5345, 0x42E4, 0x4B05,
  0x4B05, 0x4B04, 0x4B04, 0x4B04, 0x4B04, 0x4B04, 0x4B05, 0x4B25, 0x4B24, 0x4B24, 0x4B24, 0x4B24,
  0x4B05, 0x4B05, 0x4B05, 0x4B05, 0x4B05, 0x4B05, 0x4B05, 0x4B05, 0x4B05, 0x4B05, 0x4B05, 0x4B05,
  0x4B05, 0x4B05, 0x4B05, 0x4B05, 0x4B05, 0x4B05, 0x4B05, 0x4B05, 0x4B05, 0x4B25, 0x4B04, 0x4B24,
  0x4303, 0xAE4F, 0xC732, 0xBED0, 0xBEF0, 0xBEF0, 0xBEF0, 0xBEF0, 0xBEF0, 0xBEF0, 0xBEF0, 0xBEF0,
  0xBEF0, 0xBEF0, 0xBEF0, 0xBEF0, 0xBEF0, 0xBEF0, 0xBEF0, 0xBEF0, 0xBEF0, 0xB6F0, 0xBF10, 0xBF10,
  0xB6F0, 0xBEF0, 0xBF10, 0xB6F0, 0xAE6E, 0x9E0D, 0x95CC, 0x95EC, 0x9E0C, 0x9DEC, 0x95EC, 0x9E0C,
  0x9DEC, 0x9DEC, 0x9DEC, 0x9DEC, 0x9DEC, 0x9DEC, 0x9DEC, 0x9DEC, 0x9DEC, 0x9DEC, 0x9DEC, 0x9DEC,
  0x9DEC, 0x9DEC, 0x9DEC, 0x9DEC, 0x9DEC, 0x9DEC, 0x9DEC, 0x9DEC, 0x9DEC, 0x9DEC, 0x9DEC, 0x9DEC,
  0x9DEC, 0x9DEC, 0x9DEC, 0x9DEC, 0x9DEC, 0x9DEC, 0x9DEC, 0x9DEC, 0x960C, 0x960C, 0x960C, 0x960C,
  0x960C, 0x960C, 0x9DEC, 0x9DEC, 0x95CB, 0x9E0C, 0xB6F0, 0xBF10, 0xBEF0, 0xBEF0, 0xBF10, 0xBEF0,
  0xBF12, 0x5BE6, 0x5365, 0x4303, 0x42E4, 0x4B25, 0x4B25, 0x4B05, 0x4B05, 0x4B04, 0x4B04, 0x4B04,
  0x4B04, 0x4B04, 0x4B05, 0x4B05, 0x4B24, 0x4B24, 0x4B04, 0x4B05, 0x4B05, 0x4B05, 0x4B05, 0x4B05,
  0x4B05, 0x4B05, 0x4B05, 0x4B05, 0x4B05, 0x4B05, 0x4B05, 0x4B05, 0x4B05, 0x4B05, 0x4B05, 0x4B05,
  0x4B05, 0x4B05, 0x4B05, 0x4B05, 0x4AE5, 0x4B26, 0x4B05, 0x4304, 0x4B23, 0x95AD, 0xCF52, 0xB6D0,
  0xBEF0, 0xBEF0, 0xBEF0, 0xBEF0, 0xBEF0, 0xBEF0, 0xBEF0, 0xBEF0, 0xBEF0, 0xBEF0, 0xBEF0, 0xBEF0,
  0xBEF0, 0xBEF0, 0xBEF0, 0xBEF0, 0xBF10, 0xB6F0, 0xBEF0, 0xBF10, 0xB6F0, 0xBEF0, 0xBEF0, 0xB6CF,
  0x9E0C, 0x95EC, 0x95EC, 0x95EC, 0x9E0C, 0x9E0C, 0x9DEC, 0x9DEC, 0x9DEC, 0x9DEC, 0x9DEC, 0x9DEC,
  0x9DEC, 0x9DEC, 0x9DEC, 0x9DEC, 0x9DEC, 0x9DEC, 0x9DEC, 0x9DEC, 0x9DEC, 0x9DEC, 0x9DEC, 0x9DEC,
  0x9DEC, 0x9DEC, 0x9DEC, 0x9DEC, 0x9DEC, 0x9DEC, 0x9DEC, 0x9DEC, 0x9DEC, 0x9DEC, 0x9DEC, 0x9DEC,
  0x9DEC, 0x9DEC, 0x9DEC, 0x9DEC, 0x960C, 0x960C, 0x960C, 0x960C, 0x960C, 0x960C, 0x9DEC, 0x9DEC,
  0x9E0C, 0x95CC, 0x9E2D, 0xBF11, 0xBF11, 0xB6D0, 0xBEF0, 0xBEF1, 0xC712, 0x53A5, 0x4323, 0x4303,
  0x4B45, 0x4B05, 0x4B05, 0x4B05, 0x4B05, 0x4B04, 0x4B04, 0x4B04, 0x4B04, 0x4B04, 0x4B05, 0x4B05,
  0x4B05, 0x4B05, 0x4B05, 0x4B05, 0x4B05, 0x4B05, 0x4B05, 0x4B05, 0x4B05, 0x4B05, 0x4B05, 0x4B05,
  0x4B05, 0x4B05, 0x4B05, 0x4B05, 0x4B05, 0x4B05, 0x4B05, 0x4B05, 0x4B05, 0x4B05, 0x4B05, 0x4B05,
  0x4AE5, 0x4B05, 0x4B05, 0x4B25, 0x4323, 0x6C47, 0xBED1, 0xBEF1, 0xBEF0, 0xBEF0, 0xBEF0, 0xBEF0,
  0xBEF0, 0xBEF0, 0xBEF0, 0xBEF0, 0xBEF0, 0xBEF0, 0xBEF0, 0xBEF0, 0xBEF0, 0xBEF0, 0xBEF0, 0xBEF0,
  0xBF10, 0xB6F0, 0xB6F0, 0xBEF0, 0xB6F0, 0xBF10, 0xB6F0, 0xAEAF, 0x95EC, 0x9E0C, 0x9E0C, 0x9DEC,
  0x9DEC, 0x9E0C, 0x9E0C, 0x95EC, 0x9DEC, 0x9DEC, 0x9DEC, 0x9DEC, 0x9DEC, 0x9DEC, 0x9DEC, 0x9DEC,
  0x9DEC, 0x9DEC, 0x9DEC, 0x9DEC, 0x9DEC, 0x9DEC, 0x9DEC, 0x9DEC, 0x9DEC, 0x9DEC, 0x9DEC, 0x9DEC,
  0x9DEC, 0x9DEC, 0x9DEC, 0x9DEC, 0x9DEC, 0x9DEC, 0x9DEC, 0x9DEC, 0x9DEC, 0x9DEC, 0x9DEC, 0x95EC,
  0x960C, 0x960C, 0x960C, 0x960C, 0x960C, 0x95EC, 0x9DEC, 0x9DEC, 0x9E2D, 0x9DEC, 0x9DEC, 0xBF11,
  0xBF11, 0xBEF0, 0xBEF1, 0xBED0, 0xBEF1, 0x6C27, 0x3AC2, 0x4304, 0x5386, 0x4B05, 0x4B05, 0x4AE4,
  0x4B05, 0x4B05, 0x4B04, 0x4B04, 0x4B04, 0x4B04, 0x4B05, 0x4B05, 0x4B05, 0x4B05, 0x4B05, 0x4B05,
  0x4B05, 0x4B05, 0x4B05, 0x4B05, 0x4B05, 0x4B05, 0x4B05, 0x4B05, 0x4B05, 0x4B05, 0x4B05, 0x4B05,
  0x4B05, 0x4B05, 0x4B05, 0x4B05, 0x4B05, 0x4B05, 0x4B05, 0x4B05, 0x4B05, 0x4B05, 0x4B05, 0x4B25,
  0x4303, 0x5364, 0xB68F, 0xBF11, 0xBEF0, 0xBEF0, 0xBEF0, 0xBEF0, 0xBEF0, 0xBEF0, 0xBEF0, 0xBEF0,
  0xBEF0, 0xBEF0, 0xBEF0, 0xBEF0, 0xBEF0, 0xBEF0, 0xBEF0, 0xBEF0, 0xBF10, 0xB6F0, 0xB6F0, 0xBEF0,
  0xBEF0, 0xBF10, 0xB6F0, 0xAE8E, 0x95EC, 0x9E0C, 0x9E0C, 0x9DEC, 0x95EC, 0x9E0C, 0x9E0C, 0x9DEC,
  0x9DEC, 0x9DEC, 0x9DEC, 0x9DEC, 0x9DEC, 0x9DEC, 0x9DEC, 0x9DEC, 0x9DEC, 0x9DEC, 0x9DEC, 0x9DEC,
  0x9DEC, 0x9DEC, 0x9DEC, 0x9DEC, 0x9DEC, 0x9DEC, 0x9DEC, 0x9DEC, 0x9DEC, 0x9DEC, 0x9DEC, 0x9DEC,
  0x9DEC, 0x9DEC, 0x9DEC, 0x9DEC, 0x9DEC, 0x9DEC, 0x9DEC, 0x95EC, 0x960C, 0x960C, 0x960C, 0x960C,
  0x960C, 0x95EC, 0x9DEC, 0x9DEC, 0x8D8B, 0x9E0D, 0xA64E, 0xBEF1, 0xB6B0, 0xBED0, 0xBF11, 0xB6B0,
  0xBED1, 0x9DEE, 0x4B44, 0x42E4, 0x4B05, 0x4AE4, 0x4B25, 0x4B05, 0x4B05, 0x4B05, 0x4B04, 0x4B04,
  0x4B04, 0x4B04, 0x4B05, 0x4B05, 0x4B05, 0x4B05, 0x4B05, 0x4B05, 0x4B05, 0x4B05, 0x4B05, 0x4B05,
  0x4B05, 0x4B05, 0x4B05, 0x4B05, 0x4B05, 0x4B05, 0x4B05, 0x4B05, 0x4B05, 0x4B05, 0x4B05, 0x4B05,
  0x4B05, 0x4B05, 0x4B05, 0x4B05, 0x5325, 0x4B05, 0x4B05, 0x4B04, 0x4303, 0x5384, 0xB6B0, 0xBEF1,
  0xBEF0, 0xBEF0, 0xBEF0, 0xBEF0, 0xBEF0, 0xBEF0, 0xBEF0, 0xBEF0, 0xBEF0, 0xBEF0, 0xBEF0, 0xBEF0,
  0xBEF0, 0xBEF0, 0xBEF0, 0xBEF0, 0xBF10, 0xB6F0, 0xB6F0, 0xBEF0, 0xBEF0, 0xBF10, 0xB6F0, 0xAEAF,
  0x95EC, 0x9DEC, 0x9DEC, 0x95EC, 0x95EC, 0x9DEC, 0x9E0C, 0x9E0C, 0x9DEC, 0x9DEC, 0x9DEC, 0x9DEC,
  0x9DEC, 0x9DEC, 0x9DEC, 0x9DEC, 0x9DEC, 0x9DEC, 0x9DEC, 0x9DEC, 0x9DEC, 0x9DEC, 0x9DEC, 0x9DEC,
  0x9DEC, 0x9DEC, 0x9DEC, 0x9DEC, 0x9DEC, 0x9DEC, 0x9DEC, 0x9DEC, 0x9DEC, 0x9DEC, 0x9DEC, 0x9DEC,
  0x9DEC, 0x9DEC, 0x9DEC, 0x95EC, 0x960C, 0x960C, 0x960C, 0x960C, 0x960C, 0x95EC, 0x9DEC, 0x9DEC,
  0xA64E, 0x9E0D, 0xA64E, 0xC732, 0xC732, 0xC712, 0xC732, 0xC732, 0xC733, 0xB691, 0x5365, 0x4B04,
  0x4B04, 0x4AE4, 0x4B05, 0x5325, 0x4B05, 0x4B05, 0x4B04, 0x4B04, 0x4B04, 0x4B04, 0x4B05, 0x4B05,
  0x4B05, 0x4B05, 0x4B05, 0x4B05, 0x4B05, 0x4B05, 0x4B05, 0x4B05, 0x4B05, 0x4B05, 0x4B05, 0x4B05,
  0x4B05, 0x4B05, 0x4B05, 0x4B05, 0x4B05, 0x4B05, 0x4B05, 0x4B05, 0x4B05, 0x4B05, 0x4B05, 0x4B05,
  0x5325, 0x4B05, 0x4B25, 0x4B04, 0x4B03, 0x5BA5, 0xB6B0, 0xBEF0, 0xBEF0, 0xBEF0, 0xBEF0, 0xBEF0,
  0xBEF0, 0xBEF0, 0xBEF0, 0xBEF0, 0xBEF0, 0xBEF0, 0xBEF0, 0xBEF0, 0xBEF0, 0xBEF0, 0xBEF0, 0xBEF0,
  0xBEF0, 0xB6F0, 0xBEF0, 0xBF10, 0xB6F0, 0xBF10, 0xBEF0, 0xB6AF, 0x9DEC, 0x95EC, 0x95EC, 0x9DEC,
  0x9DEC, 0x9DEC, 0x9DEC, 0x9E0C, 0x9DEC, 0x9DEC, 0x9DEC, 0x9DEC, 0x9DEC, 0x9DEC, 0x9DEC, 0x9DEC,
  0x9DEC, 0x9DEC, 0x9DEC, 0x9DEC, 0x9DEC, 0x9DEC, 0x9DEC, 0x9DEC, 0x9DEC, 0x9DEC, 0x9DEC, 0x9DEC,
  0x9DEC, 0x9DEC, 0x9DEC, 0x9DEC, 0x9DEC, 0x9DEC, 0x9DEC, 0x9DEC, 0x9DEC, 0x9DEC, 0x9DEC, 0x95EC,
  0x960C, 0x960C, 0x960C, 0x960C, 0x960C, 0x95EC, 0x9DEC, 0x9DEC, 0x95CC, 0x6C67, 0x6426, 0x74A8,
  0x7CC9, 0x7488, 0x6C88, 0x7488, 0xAE2F, 0x850B, 0x4303, 0x4B24, 0x4B25, 0x4B05, 0x4B05, 0x4B05,
  0x4B05, 0x4B05, 0x4B04, 0x4B04, 0x4B04, 0x4B04, 0x4B05, 0x4B05, 0x4B05, 0x4B05, 0x4B05, 0x4B05,
  0x4B05, 0x4B05, 0x4B05, 0x4B05, 0x4B05, 0x4B05, 0x4B05, 0x4B05, 0x4B05, 0x4B05, 0x4B05, 0x4B05,
  0x4B05, 0x4B05, 0x4B05, 0x4B05, 0x4B05, 0x4B05, 0x4B05, 0x4B05, 0x4B05, 0x42E4, 0x4B25, 0x4B24,
  0x4B03, 0x5384, 0xB68F, 0xBF11, 0xBEF0, 0xBF10, 0xBEF0, 0xBEF0, 0xBEF0, 0xBEF0, 0xBEF0, 0xBEF0,
  0xBEF0, 0xBEF0, 0xBF10, 0xBF10, 0xBF10, 0xBEF0, 0xBEF0, 0xBEF0, 0xBEF0, 0xB6F0, 0xBEF0, 0xBF10,
  0xB6F0, 0xBF10, 0xBEF0, 0xB6CF, 0x9E0C, 0x9E0C, 0x9DEC, 0x9E0C, 0x9E0C, 0x95EC, 0x95EC, 0x95EC,
  0x9DEC, 0x9DEC, 0x9DEC, 0x9DEC, 0x9DEC, 0x9DEC, 0x9DEC, 0x9DEC, 0x9DEC, 0x9DEC, 0x9DEC, 0x9DEC,
  0x9DEC, 0x9DEC, 0x9DEC, 0x9DEC, 0x9DEC, 0x9DEC, 0x9DEC, 0x9DEC, 0x9DEC, 0x9DEC, 0x9DEC, 0x9DEC,
  0x9DEC, 0x9DEC, 0x9DEC, 0x9DEC, 0x9DEC, 0x9DEC, 0x9DEC, 0x9DEC, 0x960C, 0x960C, 0x960C, 0x960C,
  0x95EC, 0x95EC, 0x9DEC, 0x9DEC, 0x9E2D, 0x7CE9, 0x6446, 0x4302, 0x3AC1, 0x4303, 0x4303, 0x32A2,
  0x6C28, 0x5365, 0x4B04, 0x4B04, 0x42E4, 0x4B25, 0x5325, 0x4AE4, 0x4B05, 0x4B05, 0x4B04, 0x4B04,
  0x4B04, 0x4B05, 0x4B05, 0x4B05, 0x4B05, 0x4B05, 0x4B05, 0x4B05, 0x4B05, 0x4B05, 0x4B05, 0x4B05,
  0x4B05, 0x4B05, 0x4B05, 0x4B05, 0x4B05, 0x4B05, 0x4B05, 0x4B05, 0x4B05, 0x4B05, 0x4B05, 0x4B05,
  0x4B05, 0x4B05, 0x4B05, 0x4B05, 0x42E4, 0x4B25, 0x4B04, 0x4304, 0x5364, 0x4B64, 0xB690, 0xC711,
  0xB6CF, 0xBF10, 0xBEF0, 0xB6F0, 0xBF31, 0xBF11, 0xB6D0, 0xBEF0, 0xB6EF, 0xBF30, 0xBF0F, 0xBF10,
  0xB6CF, 0xBF10, 0xB6D0, 0xB6F0, 0xBEF0, 0xBEF0, 0xBEF0, 0xBEF0, 0xBEF0, 0xBEF0, 0xBEF0, 0xBEF0,
  0xAEAE, 0x9E2D, 0x95CB, 0x95EC, 0x9E0C, 0x9DEC, 0x95EC, 0x9E0C, 0x95EC, 0x9DEC, 0x9E0C, 0x9E0C,
  0x9DEC, 0x9DEC, 0x9DEC, 0x9DEC, 0x95EC, 0x95EC, 0x95EC, 0x9DEC, 0x9DEC, 0x95EC, 0x95EC, 0x9DEC,
  0x9DEC, 0x9DEC, 0x9DEC, 0x95EC, 0x95EC, 0x95EC, 0x95EC, 0x9DEC, 0x9E0C, 0x9E0C, 0x95EC, 0x95EC,
  0x95EC, 0x95EC, 0x9DEC, 0x9E0C, 0x9DEC, 0x9E0C, 0x9E0D, 0x95CC, 0x9DED, 0x95CC, 0x9DED, 0x9E0C,
  0x95EB, 0xB6CF, 0xBEF0, 0x6426, 0x4323, 0x4303, 0x4B25, 0x4B25, 0x4B04, 0x4B04, 0x4B04, 0x4B05,
  0x4B05, 0x4B05, 0x4B05, 0x4B05, 0x4B05, 0x4B05, 0x4B05, 0x4B05, 0x4B05, 0x4B05, 0x4B05, 0x4B05,
  0x4B05, 0x4B05, 0x4B05, 0x4B05, 0x4B05, 0x4B05, 0x4B05, 0x4B05, 0x4B05, 0x4B05, 0x4B05, 0x4B05,
  0x4B05, 0x4B05, 0x4B05, 0x4B05, 0x4B05, 0x4B05, 0x4B05, 0x4B05, 0x4B04, 0x4B04, 0x4B05, 0x4B05,
  0x4B45, 0x42E4, 0x4304, 0x4B24, 0x4303, 0x4B64, 0xC712, 0xB6D0, 0xBF10, 0xB6EF, 0xB6F0, 0xB6D0,
  0xB6B0, 0xBF11, 0xCF73, 0xBF11, 0xC731, 0xB6CF, 0xB6CE, 0xBF30, 0xBF10, 0xBF30, 0xBF11, 0xBF11,
  0xBEF0, 0xBEF0, 0xBEF0, 0xBEF0, 0xBEF0, 0xBEF0, 0xBEF0, 0xBEF0, 0xBF10, 0xAE6E, 0x95EC, 0x95CB,
  0x9DEC, 0x9E0C, 0x9E0C, 0x9DEC, 0x9DEC, 0x9E0C, 0x9E0C, 0x9DEC, 0x95EC, 0x95EC, 0x95EC, 0x95EC,
  0x9E0C, 0x9E0C, 0x9DEC, 0x9DEC, 0x9DEC, 0x9DEC, 0x9DEC, 0x9DEC, 0x9DEC, 0x9DEC, 0x9DEC, 0x9DEC,
  0x9DEC, 0x9E0C, 0x9E0C, 0x9E0C, 0x95CB, 0x95CC, 0x95EC, 0x9DEC, 0x9E0C, 0x9E0C, 0x9E0C, 0x9E0C,
  0x95CB, 0x9DEC, 0x9DEC, 0x9E0D, 0x9E0D, 0x95CC, 0x9DED, 0x95CB, 0xA64D, 0xAE8E, 0xBF10, 0xAE6E,
  0x5BC5, 0x4B24, 0x4B26, 0x4B05, 0x4B05, 0x4B05, 0x4B05, 0x4B05, 0x4B05, 0x4B05, 0x4B25, 0x4B25,
  0x4B05, 0x4B05, 0x4B05, 0x4B05, 0x4B05, 0x4B05, 0x4B05, 0x4B05, 0x4B05, 0x4B05, 0x4B05, 0x4B05,
  0x4B05, 0x4B05, 0x4B05, 0x4B05, 0x4B05, 0x4B05, 0x4B05, 0x4B05, 0x4B05, 0x4B05, 0x4B05, 0x4B05,
  0x4B05, 0x4B05, 0x4B05, 0x4B05, 0x4B04, 0x4B04, 0x4B05, 0x4B05, 0x4B25, 0x4B25, 0x42E4, 0x4B45,
  0x4B44, 0x4B23, 0xB690, 0xC711, 0xB6CF, 0xB6CF, 0xBF11, 0xC752, 0xAE8F, 0x95AC, 0x9DCD, 0xA62D,
  0xBF10, 0xB6CF, 0xBF0F, 0xBF0F, 0xB6CF, 0xB6EF, 0xBF31, 0xB6D0, 0xBEF0, 0xBEF0, 0xBEF0, 0xBEF0,
  0xBEF0, 0xBEF0, 0xBEF0, 0xBEF0, 0xBF10, 0xB6CF, 0xAE6E, 0x9E2D, 0x95EC, 0x95EB, 0x95EC, 0x95EC,
  0x95EC, 0x95EC, 0x95EC, 0x95EC, 0x9DEC, 0x9E0C, 0x9E0C, 0x9E0C, 0x95EC, 0x95EC, 0x95EC, 0x95EC,
  0x9DEC, 0x9E0C, 0x9E0C, 0x9E0C, 0x95EC, 0x95EC, 0x95EC, 0x9DEC, 0x9DEC, 0x9DEC, 0x9DEC, 0x9DEC,
  0x9E0C, 0x9E0C, 0x9E0C, 0x95EC, 0x95EC, 0x95EC, 0x95EC, 0x95EB, 0xA62C, 0x9DEB, 0x95AB, 0x9E0D,
  0x9DED, 0x95CC, 0xA62E, 0xA64E, 0xB6CF, 0xB6CF, 0xBF10, 0xC731, 0x6C47, 0x42E3, 0x4AE5, 0x4B05,
  0x4B05, 0x4B05, 0x4B05, 0x4B05, 0x4B05, 0x4B05, 0x4B05, 0x4B05, 0x4B05, 0x4B05, 0x4B05, 0x4B05,
  0x4B05, 0x4B05, 0x4B05, 0x4B05, 0x4B05, 0x4B05, 0x4B05, 0x4B05, 0x4B05, 0x4B05, 0x4B05, 0x4B05,
  0x4B05, 0x4B05, 0x4B05, 0x4B05, 0x4B05, 0x4B05, 0x4B05, 0x4B05, 0x4B05, 0x4B05, 0x4B05, 0x4B05,
  0x4B04, 0x4B04, 0x4B05, 0x4B05, 0x42E4, 0x5346, 0x42E4, 0x4B24, 0x4B45, 0x4B64, 0xB670, 0xC711,
  0xBF31, 0xBF11, 0xBEF1, 0x95CD, 0x6447, 0x32A1, 0x32A0, 0x74A8, 0xC731, 0xBEF0, 0xC730, 0xBEEF,
  0xBF10, 0xB6EF, 0xBF31, 0xB6F0, 0xBEF0, 0xBEF0, 0xBEF0, 0xBEF0, 0xBEF0, 0xBEF0, 0xBEF0, 0xBEF0,
  0xB6CF, 0xBF10, 0xBF10, 0xB6AF, 0xA66D, 0x9E2D, 0x9DEC, 0x95CB, 0x9E0C, 0x9E0C, 0x9DEC, 0x9DEC,
  0x9DEC, 0x95EC, 0x95EC, 0x95EC, 0x95EC, 0x9DEC, 0x9E0C, 0x9DEC, 0x9DEC, 0x9E0C, 0x9E0C, 0x9DEC,
  0x95EC, 0x95EC, 0x9DEC, 0x9DEC, 0x9DEC, 0x9DEC, 0x9DEC, 0x9DEC, 0x95EC, 0x9DEC, 0x9DEC, 0x9DEC,
  0x9DEC, 0x9DEC, 0x9E0C, 0x9E0C, 0x95EB, 0x9DEB, 0x9E2C, 0x9E0D, 0x95CC, 0xA62E, 0xA62E, 0x9E0D,
  0xAE6E, 0xC751, 0xBF10, 0xB6D0, 0x9DAD, 0x4B24, 0x4B04, 0x4B25, 0x4B05, 0x4B05, 0x4B05, 0x4B05,
  0x4B05, 0x4B05, 0x4B05, 0x4B05, 0x4B05, 0x4B05, 0x4B05, 0x4B05, 0x4B05, 0x4B05, 0x4B05, 0x4B05,
  0x4B05, 0x4B05, 0x4B05, 0x4B05, 0x4B05, 0x4B05, 0x4B05, 0x4B05, 0x4B05, 0x4B05, 0x4B05, 0x4B05,
  0x4B05, 0x4B05, 0x4B05, 0x4B05, 0x4B05, 0x4B05, 0x4B05, 0x4B05, 0x4B04, 0x4B04, 0x4B05, 0x4B05,
  0x4B25, 0x4B25, 0x4304, 0x4B04, 0x42E3, 0x5BC6, 0xBED2, 0xBED1, 0xBEF1, 0xA64F, 0x8D6B, 0x4343,
  0x4302, 0x53A5, 0x4323, 0x6C88, 0xC711, 0xBEF0, 0xB6EF, 0xB6CF, 0xC751, 0xB6F0, 0xB6F0, 0xBF30,
  0xBEF0, 0xBEF0, 0xBEF0, 0xBEF0, 0xBEF0, 0xBEF0, 0xBEF0, 0xBEF0, 0xBF10, 0xBF10, 0xBF10, 0xBEF0,
  0xBF10, 0xB6F0, 0xAE8E, 0x9E0C, 0x9E0C, 0x9DEC, 0x95EC, 0x9DEC, 0x9E0C, 0x9DEC, 0x9DEC, 0x9E0C,
  0x9DEC, 0x9E0C, 0x9E0C, 0x9E0C, 0x9DEC, 0x9E0C, 0x95EC, 0x95CC, 0x9E0C, 0x9E0C, 0x9E0C, 0x9E0C,
  0x9E0C, 0x9E0C, 0x9E0C, 0x9DEC, 0x95CC, 0x95EC, 0x9E0C, 0x9E0C, 0x9E0C, 0x9DEC, 0x95EC, 0x9DEC,
  0x9E0C, 0x95EB, 0x9E0C, 0x95EC, 0xB6D0, 0xCF94, 0x854B, 0x3B01, 0x8D8B, 0xC731, 0xBED0, 0xB6B0,
  0xC712, 0x5BC6, 0x4B04, 0x4B04, 0x4B05, 0x4B05, 0x4B05, 0x4B05, 0x4B05, 0x4B05, 0x4B05, 0x4B05,
  0x4B05, 0x4B05, 0x4B05, 0x4B05, 0x4B05, 0x4B05, 0x4B05, 0x4B05, 0x4B05, 0x4B05, 0x4B05, 0x4B05,
  0x4B05, 0x4B05, 0x4B05, 0x4B05, 0x4B05, 0x4B05, 0x4B05, 0x4B05, 0x4B05, 0x4B05, 0x4B05, 0x4B05,
  0x4B05, 0x4B05, 0x4B05, 0x4B05, 0x4B04, 0x4B04, 0x4B05, 0x4B05, 0x4B25, 0x4B05, 0x4B05, 0x4B25,
  0x4B24, 0x4B44, 0x9DCE, 0xCF53, 0xBED1, 0x53A5, 0x4302, 0x4323, 0x4B64, 0x4B24, 0x3AE2, 0x852A,
  0xBEF1, 0xC731, 0xC731, 0xBEF0, 0xBEF0, 0xB6EF, 0xB6EF, 0xB6F0, 0xBF10, 0xBEF0, 0xBEF0, 0xBEF0,
  0xBEF0, 0xBEF0, 0xBEF0, 0xBEF0, 0xBF10, 0xBF10, 0xB6F0, 0xB6F0, 0xBF10, 0xBF10, 0xBF10, 0xB6CF,
  0xA66E, 0xA64D, 0xA62D, 0xA62D, 0x9E2D, 0x95EC, 0x95EC, 0x9E0C, 0x95CB, 0x95EC, 0x95EC, 0x95EC,
  0x95EC, 0x9E0C, 0x9E0C, 0x95EC, 0x9E0C, 0x9DEC, 0x9DEC, 0x95EC, 0x95EC, 0x95EC, 0x9DEC, 0x9DEC,
  0x9DEC, 0x9DEC, 0x95EC, 0x95CC, 0x95CC, 0x95EC, 0x9E2D, 0xA64D, 0xA64C, 0xA64C, 0xBF10, 0xB6D0,
  0xBEF1, 0x9DED, 0x53C5, 0x32A0, 0x95AC, 0xC732, 0xB6B0, 0xC6F1, 0xC712, 0x63E6, 0x4B03, 0x42E3,
  0x4B04, 0x4B05, 0x4B05, 0x4B05, 0x4B05, 0x4B05, 0x4B05, 0x4B05, 0x4B05, 0x4B05, 0x4B05, 0x4B05,
  0x4B05, 0x4B05, 0x4B05, 0x4B05, 0x4B05, 0x4B05, 0x4B05, 0x4B05, 0x4B05, 0x4B05, 0x4B05, 0x4B05,
  0x4B05, 0x4B05, 0x4B05, 0x4B05, 0x4B05, 0x4B05, 0x4B05, 0x4B05, 0x4B05, 0x4B05, 0x4B05, 0x4B05,
  0x4B04, 0x4B04, 0x4B04, 0x4B05, 0x4B05, 0x4B25, 0x4B25, 0x4B25, 0x5365, 0x3AC2, 0x6C48, 0xBEF2,
  0x6427, 0x4B24, 0x4B44, 0x4324, 0x3AC3, 0x42E3, 0x6427, 0xBED2, 0xC712, 0xAE6F, 0xAE8F, 0xBF31,
  0xBEF0, 0xBF10, 0xBF30, 0xB710, 0xBF10, 0xBEF0, 0xBEF0, 0xBEF0, 0xBEF0, 0xBEF0, 0xBEF0, 0xBEF0,
  0xB6EF, 0xBEF0, 0xBF10, 0xB6F0, 0xB6CF, 0xB6F0, 0xBF10, 0xBF31, 0xBF31, 0xBF10, 0xB6F0, 0xB6CF,
  0xAE6E, 0x9E0D, 0x9DEC, 0x9E0C, 0x9E2D, 0x9E2D, 0x9E0D, 0x95EC, 0x95EC, 0x9E0C, 0x9E0C, 0x9E0C,
  0x9DEC, 0x95EC, 0x95EC, 0x95EC, 0x95EC, 0x9DEC, 0x9E0C, 0x9E0C, 0x9E2D, 0x9E2D, 0x9E0D, 0x9E0C,
  0x9E2D, 0xA66E, 0xB6CF, 0xBF10, 0xBF10, 0xB6CE, 0xBF10, 0xBF11, 0xBEF1, 0x6427, 0x4303, 0x4323,
  0x852B, 0xC712, 0xBED1, 0xC6F2, 0xBED1, 0x63E6, 0x4B24, 0x4B44, 0x4B25, 0x4B25, 0x4B05, 0x4B05,
  0x4B05, 0x4B05, 0x4B05, 0x4B05, 0x4B05, 0x4B05, 0x4B05, 0x4B05, 0x4B05, 0x4B05, 0x4B05, 0x4B05,
  0x4B05, 0x4B05, 0x4B05, 0x4B05, 0x4B05, 0x4B05, 0x4B05, 0x4B05, 0x4B05, 0x4B05, 0x4B05, 0x4B05,
  0x4B05, 0x4B05, 0x4B05, 0x4B05, 0x4B05, 0x4B05, 0x4B05, 0x4B05, 0x4B04, 0x4B04, 0x4B04, 0x4B05,
  0x4B25, 0x4304, 0x4B25, 0x42E4, 0x4304, 0x4B24, 0x6407, 0x8D4C, 0x4303, 0x4324, 0x42E3, 0x4B24,
  0x4B65, 0x3AC2, 0x63E7, 0xC6F2, 0xBED2, 0x6406, 0x6426, 0xB6D0, 0xBF31, 0xB6EF, 0xB70F, 0xB70F,
  0xBF10, 0xBEF0, 0xBEF0, 0xBEF0, 0xBEF0, 0xBEF0, 0xBEF0, 0xBEF0, 0xBF10, 0xBEF0, 0xBEF0, 0xBF10,
  0xBF10, 0xBF10, 0xB6F0, 0xB6EF, 0xB6F0, 0xB6F0, 0xBF10, 0xBF10, 0xBF10, 0xB6CF, 0xB6F0, 0xBF31,
  0xB6F0, 0xB6F0, 0xAE8E, 0x9E2D, 0x9E0C, 0x9E0C, 0x9E0C, 0x9DEC, 0x9E0C, 0x9E0C, 0x9E0C, 0x9E0C,
  0x9E0C, 0x9E2D, 0x9E2D, 0xA64D, 0xB6F0, 0xBEF0, 0xBF10, 0xBF10, 0xB6F0, 0xB6F0, 0xB6F0, 0xBEF0,
  0xBF10, 0xBF10, 0xB6D0, 0xBEF1, 0xBF12, 0x5BC6, 0x4324, 0x4304, 0x4303, 0xA60F, 0xB691, 0xB671,
  0xBED2, 0x63E7, 0x42E3, 0x4B24, 0x4B25, 0x4B25, 0x4B05, 0x4B05, 0x4B05, 0x4B05, 0x4B05, 0x4B05,
  0x4B05, 0x4B05, 0x4B05, 0x4B05, 0x4B05, 0x4B05, 0x4B05, 0x4B05, 0x4B05, 0x4B05, 0x4B05, 0x4B05,
  0x4B05, 0x4B05, 0x4B05, 0x4B05, 0x4B05, 0x4B05, 0x4B05, 0x4B05, 0x4B05, 0x4B05, 0x4B05, 0x4B05,
  0x4B05, 0x4B05, 0x4B05, 0x4B05, 0x4B04, 0x4B04, 0x4B04, 0x4B05, 0x4B05, 0x4B05, 0x4B05, 0x4B05,
  0x4B24, 0x4B24, 0x4B24, 0x4B24, 0x42E4, 0x4B25, 0x4B45, 0x42E3, 0x4B24, 0x4304, 0x5BC7, 0xC6F3,
  0xC6F2, 0x5BE6, 0x53A4, 0xBF11, 0xBEF0, 0xBF10, 0xB6EF, 0xBF0F, 0xBF10, 0xBEF0, 0xBEF0, 0xBEF0,
  0xBEF0, 0xBEF0, 0xBEF0, 0xBEF0, 0xBEF0, 0xBEF0, 0xBEF0, 0xBEF0, 0xBEF0, 0xBEF0, 0xBEF0, 0xBEF0,
  0xBEF0, 0xBEF0, 0xBEF0, 0xBEF0, 0xBEF0, 0xBEF0, 0xBEF0, 0xBEF0, 0xB6F0, 0xB6F0, 0xB6F0, 0xB6F0,
  0xB6F0, 0xB6F0, 0xB6F0, 0xB6F0, 0xB6F0, 0xB6F0, 0xB6F0, 0xB6F0, 0xB6F0, 0xB6F0, 0xB6F0, 0xB6F0,
  0xBEF0, 0xBEF0, 0xBEF0, 0xBEF0, 0xBEF0, 0xBEF0, 0xBEF0, 0xBEF0, 0xB6CF, 0xBF10, 0xBF11, 0xBEF1,
  0xBED1, 0x6407, 0x42E3, 0x4B25, 0x4B24, 0x4B25, 0x4B45, 0x5345, 0x5345, 0x5345, 0x4B24, 0x4B24,
  0x4B04, 0x4B05, 0x4B05, 0x4B05, 0x4B05, 0x4B05, 0x4B05, 0x4B05, 0x4B05, 0x4B05, 0x4B05, 0x4B05,
  0x4B05, 0x4B05, 0x4B05, 0x4B05, 0x4B05, 0x4B05, 0x4B05, 0x4B05, 0x4B05, 0x4B05, 0x4B05, 0x4B05,
  0x4B05, 0x4B05, 0x4B05, 0x4B05, 0x4B05, 0x4B05, 0x4B05, 0x4B05, 0x4B05, 0x4B05, 0x4B05, 0x4B04,
  0x4B04, 0x4B04, 0x4B04, 0x4B04, 0x4B05, 0x4B05, 0x4B05, 0x4B05, 0x4B24, 0x4B24, 0x4B24, 0x4B24,
  0x4B25, 0x4B25, 0x4B05, 0x4304, 0x4B45, 0x42E4, 0x5BC7, 0xC6F3, 0xBED2, 0x5BC6, 0x5BC5, 0xBF11,
  0xBF11, 0xBF10, 0xBF10, 0xB70F, 0xBF10, 0xBEF0, 0xBEF0, 0xBEF0, 0xBEF0, 0xBEF0, 0xBEF0, 0xBEF0,
  0xBEF0, 0xBEF0, 0xBEF0, 0xBEF0, 0xBEF0, 0xBEF0, 0xBEF0, 0xBEF0, 0xBEF0, 0xBEF0, 0xBEF0, 0xBEF0,
  0xBEF0, 0xBEF0, 0xBEF0, 0xBEF0, 0xBEF0, 0xBEF0, 0xBEF0, 0xBEF0, 0xBEF0, 0xBEF0, 0xBEF0, 0xBEF0,
  0xB6F0, 0xB6F0, 0xB6F0, 0xB6F0, 0xB6F0, 0xB6F0, 0xB6F0, 0xB6F0, 0xBEF0, 0xBEF0, 0xBEF0, 0xBEF0,
  0xBEF0, 0xBEF0, 0xBEF0, 0xBEF0, 0xBF10, 0xB6F0, 0xB6D0, 0xB6D1, 0xBEF2, 0x6407, 0x4B24, 0x4304,
  0x4305, 0x4B05, 0x4B05, 0x4B25, 0x4B25, 0x4B04, 0x4B04, 0x4B04, 0x4B05, 0x4B05, 0x4B05, 0x4B05,
  0x4B05, 0x4B05, 0x4B05, 0x4B05, 0x4B05, 0x4B05, 0x4B05, 0x4B05, 0x4B05, 0x4B05, 0x4B05, 0x4B05,
  0x4B05, 0x4B05, 0x4B05, 0x4B05, 0x4B05, 0x4B05, 0x4B05, 0x4B05, 0x4B05, 0x4B05, 0x4B05, 0x4B05,
  0x4B05, 0x4B05, 0x4B05, 0x4B05, 0x4B05, 0x4B05, 0x4B05, 0x4B04, 0x4B04, 0x4B04, 0x4B04, 0x4B04,
  0x4B05, 0x4B05, 0x4B05, 0x4B05, 0x4B05, 0x4B24, 0x4B24, 0x4B24, 0x4B45, 0x4305, 0x4304, 0x4B04,
  0x4B25, 0x42C3, 0x63E7, 0xCF34, 0x850C, 0x4324, 0x6406, 0xBEF2, 0xC731, 0xB6AF, 0xBF10, 0xBF0F,
  0xBF10, 0xBEF0, 0xBEF0, 0xBEF0, 0xBEF0, 0xBEF0, 0xBEF0, 0xBEF0, 0xBEF0, 0xBEF0, 0xBEF0, 0xBEF0,
  0xBEF0, 0xBEF0, 0xBEF0, 0xBEF0, 0xBEF0, 0xBEF0, 0xBEF0, 0xBEF0, 0xBEF0, 0xBEF0, 0xBEF0, 0xBEF0,
  0xBEF0, 0xBEF0, 0xBEF0, 0xBEF0, 0xBEF0, 0xBEF0, 0xBEF0, 0xBEF0, 0xBF10, 0xBF10, 0xBF10, 0xBF10,
  0xBF10, 0xBF10, 0xBF10, 0xBF10, 0xBEF0, 0xBEF0, 0xBEF0, 0xBEF0, 0xBEF0, 0xBEF0, 0xBEF0, 0xBEF0,
  0xBF10, 0xB6F0, 0xBEF1, 0xBEF1, 0xBEF2, 0x5BA6, 0x4304, 0x4304, 0x4B05, 0x4B05, 0x4B05, 0x4B05,
  0x4B05, 0x4B05, 0x4B05, 0x4B05, 0x4B05, 0x4B05, 0x4B05, 0x4B05, 0x4B05, 0x4B05, 0x4B05, 0x4B05,
  0x4B05, 0x4B05, 0x4B05, 0x4B05, 0x4B05, 0x4B05, 0x4B05, 0x4B05, 0x4B05, 0x4B05, 0x4B05, 0x4B05,
  0x4B05, 0x4B05, 0x4B05, 0x4B05, 0x4B05, 0x4B05, 0x4B05, 0x4B05, 0x4B05, 0x4B05, 0x4B05, 0x4B05,
  0x4B05, 0x4B05, 0x4B05, 0x4B04, 0x4B04, 0x4B24, 0x4B04, 0x4B04, 0x4B25, 0x4B05, 0x4B05, 0x4B05,
  0x4B05, 0x4B05, 0x4B24, 0x4B04, 0x4B05, 0x42E4, 0x4B04, 0x4B25, 0x4B04, 0x42C3, 0x6C08, 0xCF34,
  0x6C49, 0x3AC3, 0x4303, 0x8D6C, 0xBF11, 0xBEF0, 0xBF30, 0xB6EF, 0xBF10, 0xBEF0, 0xBEF0, 0xBEF0,
  0xBEF0, 0xBEF0, 0xBEF0, 0xBEF0, 0xBEF0, 0xBEF0, 0xBEF0, 0xBEF0, 0xBEF0, 0xBEF0, 0xBEF0, 0xBEF0,
  0xBEF0, 0xBEF0, 0xBEF0, 0xBEF0, 0xBEF0, 0xBEF0, 0xBEF0, 0xBEF0, 0xBEF0, 0xBEF0, 0xBEF0, 0xBEF0,
  0xBEF0, 0xBEF0, 0xBEF0, 0xBEF0, 0xBF10, 0xBF10, 0xBF10, 0xBF10, 0xBF10, 0xBF10, 0xBF10, 0xBF10,
  0xBEF0, 0xBEF0, 0xBEF0, 0xBEF0, 0xBEF0, 0xBEF0, 0xBEF0, 0xBF10, 0xB6F0, 0xB6F0, 0xBF11, 0xBEF1,
  0xBEF2, 0x6C48, 0x3AE3, 0x4B25, 0x4B25, 0x4B05, 0x4B05, 0x4B05, 0x4B05, 0x4B05, 0x4B05, 0x4B25,
  0x4B05, 0x4B05, 0x4B05, 0x4B05, 0x4B05, 0x4B05, 0x4B05, 0x4B05, 0x4B05, 0x4B05, 0x4B05, 0x4B05,
  0x4B05, 0x4B05, 0x4B05, 0x4B05, 0x4B05, 0x4B05, 0x4B05, 0x4B05, 0x4B05, 0x4B05, 0x4B05, 0x4B05,
  0x4B05, 0x4B05, 0x4B05, 0x4B05, 0x4B05, 0x4B05, 0x4B05, 0x4B05, 0x4B05, 0x4B05, 0x4B05, 0x4B24,
  0x4B24, 0x4B24, 0x4B24, 0x4B04, 0x4B25, 0x4B05, 0x4B05, 0x4B05, 0x4B05, 0x4B05, 0x4B04, 0x4B04,
  0x4B05, 0x4B05, 0x4B25, 0x4B25, 0x4B24, 0x42E3, 0x63E7, 0xA5F0, 0x5B86, 0x4B24, 0x3AC3, 0x6C68,
  0xC712, 0xBF11, 0xBF10, 0xB6EF, 0xBF10, 0xBEF0, 0xBEF0, 0xBEF0, 0xBEF0, 0xBEF0, 0xBEF0, 0xBEF0,
  0xBEF0, 0xBEF0, 0xBEF0, 0xBEF0, 0xBEF0, 0xBEF0, 0xBEF0, 0xBEF0, 0xBEF0, 0xBEF0, 0xBEF0, 0xBEF0,
  0xBEF0, 0xBEF0, 0xBEF0, 0xBEF0, 0xBEF0, 0xBEF0, 0xBEF0, 0xBEF0, 0xBEF0, 0xBEF0, 0xBEF0, 0xBEF0,
  0xBEF0, 0xBEF0, 0xBEF0, 0xBEF0, 0xBEF0, 0xBEF0, 0xBEF0, 0xBEF0, 0xBEF0, 0xBEF0, 0xBEF0, 0xBEF0,
  0xBEF0, 0xBEF0, 0xBEF0, 0xBF10, 0xB710, 0xB6F0, 0xB6F0, 0xB6D0, 0xC752, 0x9DCD, 0x4303, 0x4B24,
  0x4B05, 0x4B05, 0x4B05, 0x4B05, 0x4B05, 0x4B05, 0x4B05, 0x4B05, 0x4B05, 0x4B05, 0x4B05, 0x4B05,
  0x4B05, 0x4B05, 0x4B05, 0x4B05, 0x4B05, 0x4B05, 0x4B05, 0x4B05, 0x4B05, 0x4B05, 0x4B05, 0x4B05,
  0x4B05, 0x4B05, 0x4B05, 0x4B05, 0x4B05, 0x4B05, 0x4B05, 0x4B05, 0x4B05, 0x4B05, 0x4B05, 0x4B05,
  0x4B05, 0x4B05, 0x4B05, 0x4B05, 0x4B05, 0x4B05, 0x4B05, 0x4B24, 0x4B24, 0x4B24, 0x4B24, 0x4B24,
  0x4B25, 0x4B05, 0x4B05, 0x4B05, 0x4B05, 0x4B05, 0x4B04, 0x4B04, 0x4B05, 0x4B05, 0x4B04, 0x4B04,
  0x4B24, 0x4B04, 0x5345, 0x63E8, 0x3AA3, 0x4B45, 0x4B24, 0x7489, 0xC733, 0xB6D0, 0xB6CF, 0xBF10,
  0xBEF0, 0xBEF0, 0xBEF0, 0xBEF0, 0xBEF0, 0xBEF0, 0xBEF0, 0xBEF0, 0xBEF0, 0xBEF0, 0xBEF0, 0xBEF0,
  0xBEF0, 0xBEF0, 0xBEF0, 0xBEF0, 0xBEF0, 0xBEF0, 0xBEF0, 0xBEF0, 0xBEF0, 0xBEF0, 0xBEF0, 0xBEF0,
  0xBEF0, 0xBEF0, 0xBEF0, 0xBEF0, 0xBEF0, 0xBEF0, 0xBEF0, 0xBEF0, 0xBEF0, 0xBEF0, 0xBEF0, 0xBEF0,
  0xBEF0, 0xBEF0, 0xBEF0, 0xBEF0, 0xBEF0, 0xBEF0, 0xBEF0, 0xBEF0, 0xBEF0, 0xBEF0, 0xBEF0, 0xB710,
  0xB710, 0xB710, 0xB6F0, 0xB6F0, 0xBF11, 0xB690, 0x5BA5, 0x4303, 0x4B04, 0x4B05, 0x4B05, 0x4B05,
  0x4B05, 0x4B05, 0x4B05, 0x4B05, 0x4B05, 0x4B05, 0x4B05, 0x4B05, 0x4B05, 0x4B05, 0x4B05, 0x4B05,
  0x4B05, 0x4B05, 0x4B05, 0x4B05, 0x4B05, 0x4B05, 0x4B05, 0x4B05, 0x4B05, 0x4B05, 0x4B05, 0x4B05,
  0x4B05, 0x4B05, 0x4B05, 0x4B05, 0x4B05, 0x4B05, 0x4B05, 0x4B05, 0x4B05, 0x4B05, 0x4B05, 0x4B05,
  0x4B05, 0x4B05, 0x4B05, 0x4B24, 0x4B24, 0x4B24, 0x4B24, 0x4B24, 0x4B05, 0x4B05, 0x4B05, 0x4B05,
  0x4B05, 0x4B05, 0x4B05, 0x4B04, 0x4B05, 0x4B05, 0x4AE4, 0x4B04, 0x4B24, 0x4B04, 0x4B04, 0x42E4,
  0x4B25, 0x4B25, 0x3AA2, 0x6C48, 0xC733, 0xBEF1, 0xBEF0, 0xBF30, 0xBEF0, 0xBEF0, 0xBEF0, 0xBEF0,
  0xBEF0, 0xBEF0, 0xBEF0, 0xBEF0, 0xBEF0, 0xBEF0, 0xBEF0, 0xBEF0, 0xBEF0, 0xBEF0, 0xBEF0, 0xBEF0,
  0xBEF0, 0xBEF0, 0xBEF0, 0xBEF0, 0xBEF0, 0xBEF0, 0xBEF0, 0xBEF0, 0xBEF0, 0xBEF0, 0xBEF0, 0xBEF0,
  0xBEF0, 0xBEF0, 0xBEF0, 0xBEF0, 0xBEF0, 0xBEF0, 0xBEF0, 0xBEF0, 0xBEF0, 0xBEF0, 0xBEF0, 0xBEF0,
  0xBEF0, 0xBEF0, 0xBEF0, 0xBEF0, 0xBEF0, 0xBEF0, 0xBEF0, 0xB710, 0xB6EF, 0xBF10, 0xBF30, 0xBF10,
  0xB6CF, 0xBED0, 0x7CE9, 0x4303, 0x4B24, 0x4B05, 0x4B05, 0x4B05, 0x4B05, 0x4B05, 0x4B05, 0x4B05,
  0x4B05, 0x4B05, 0x4B05, 0x4B05, 0x4B05, 0x4B05, 0x4B05, 0x4B05, 0x4B05, 0x4B05, 0x4B05, 0x4B05,
  0x4B05, 0x4B05, 0x4B05, 0x4B05, 0x4B05, 0x4B05, 0x4B05, 0x4B05, 0x4B05, 0x4B05, 0x4B05, 0x4B05,
  0x4B05, 0x4B05, 0x4B05, 0x4B05, 0x4B05, 0x4B05, 0x4B05, 0x4B05, 0x4B05, 0x4B05, 0x4B05, 0x4B24,
  0x4B24, 0x4B24, 0x4B24, 0x4B24, 0x4B05, 0x4B05, 0x4B05, 0x4B05, 0x4B05, 0x4B05, 0x4B05, 0x4B04,
  0x4B04, 0x4B05, 0x4B04, 0x4B24, 0x4B24, 0x4B04, 0x4B24, 0x4B04, 0x4B25, 0x4305, 0x3AC3, 0x7CCA,
  0xC733, 0xB6D0, 0xBEF0, 0xBF10, 0xBEF0, 0xBEF0, 0xBEF0, 0xBEF0, 0xBEF0, 0xBEF0, 0xBEF0, 0xBEF0,
  0xBEF0, 0xBEF0, 0xBEF0, 0xBEF0, 0xBEF0, 0xBEF0, 0xBEF0, 0xBEF0, 0xBEF0, 0xBEF0, 0xBEF0, 0xBEF0,
  0xBEF0, 0xBEF0, 0xBEF0, 0xBEF0, 0xBF10, 0xBF10, 0xBF10, 0xBF10, 0xBF10, 0xBF10, 0xBF10, 0xBF10,
  0xBEF0, 0xBEF0, 0xBEF0, 0xBEF0, 0xBEF0, 0xBEF0, 0xBEF0, 0xBEF0, 0xBEF0, 0xBEF0, 0xBEF0, 0xBEF0,
  0xBEF0, 0xBEF0, 0xBEF0, 0xB710, 0xB710, 0xB6EF, 0xB6EF, 0xBF10, 0xB6EF, 0xC752, 0xAE4F, 0x4302,
  0x4B24, 0x4B04, 0x4B05, 0x4B05, 0x4B05, 0x4B05, 0x4B05, 0x4B05, 0x4B05, 0x4B05, 0x4B05, 0x4B05,
  0x4B05, 0x4B05, 0x4B05, 0x4B05, 0x4B05, 0x4B05, 0x4B05, 0x4B05, 0x4B05, 0x4B05, 0x4B05, 0x4B05,
  0x4B05, 0x4B05, 0x4B05, 0x4B05, 0x4B05, 0x4B05, 0x4B05, 0x4B05, 0x4B05, 0x4B05, 0x4B05, 0x4B05,
  0x4B05, 0x4B05, 0x4B05, 0x4B05
};


const uint16_t frame4_bg_g[] = {
  0xE79F, 0xE79F, 0xE79F, 0xE79F, 0xE79F, 0xE79F, 0xE79F, 0xE79F, 0xE79F, 0xE79F, 0xE79F, 0xE79F,
  0xE79F, 0xE79F, 0xE79F, 0xE79F, 0xE79F, 0xE79F, 0xE79F, 0xE79F, 0xE79F, 0xE79F, 0xE79F, 0xE79F,
  0xDF5F, 0xDF5F, 0xDF5F, 0xDF5F, 0xDF5F, 0xD75F, 0xD75F, 0xD75F, 0xD75F, 0xDF5F, 0xDF7F, 0xDF7F,
  0xD75F, 0xD75F, 0xDF5F, 0xDF7F, 0xD75F, 0xD75F, 0xD77F, 0xD77F, 0xD77F, 0xCF3F, 0xCF1F, 0xC6FF,
  0xC71F, 0xBEFF, 0xBEFF, 0xBEFF, 0xBEFF, 0xBEFF, 0xBEFF, 0xBEFF, 0xBEFF, 0xBEFF, 0xBEFF, 0xBEFF,
  0xBEFF, 0xBEFF, 0xBEFF, 0xBEFF, 0xBEFF, 0xBEFF, 0xBEFF, 0xBEFF, 0xBEFF, 0xBEFF, 0xBEFF, 0xBEFF,
  0xBEDF, 0xBEDF, 0xBEDF, 0xBEDF, 0xBEDF, 0xBEFF, 0xC71F, 0xC73F, 0xCF3F, 0xD75F, 0xD77F, 0xD75F,
  0xD75F, 0xD77F, 0xD77F, 0xD75F, 0xD75F, 0xD75F, 0xDF7F, 0xDF5F, 0xD75F, 0xD75F, 0xDF5F, 0xDF7F,
  0xDF5F, 0xDF5F, 0xDF5F, 0xDF5F, 0xDF5F, 0xDF7F, 0xE79F, 0xE79F, 0xE79F, 0xE79F, 0xE77F, 0xE77F,
  0xE77F, 0xEF9F, 0xEF9F, 0xEF9F, 0xE79F, 0xE79F, 0xE79F, 0xE79F, 0xE79F, 0xE79F, 0xE79F, 0xE79F,
  0xE79F, 0xE79F, 0xE79F, 0xE79F, 0xE79F, 0xE79F, 0xE79F, 0xE79F, 0xE79F, 0xE79F, 0xE79F, 0xE79F,
  0xE79F, 0xE79F, 0xE79F, 0xE79F, 0xE79F, 0xE79F, 0xE79F, 0xE79F, 0xE79F, 0xE79F, 0xE79F, 0xE79F,
  0xE79F, 0xE79F, 0xE79F, 0xE79F, 0xE79F, 0xE79F, 0xE79F, 0xE77F, 0xDF5F, 0xDF5F, 0xDF5F, 0xDF5F,
  0xDF5F, 0xD75F, 0xD75F, 0xD75F, 0xDF5F, 0xD75F, 0xD75F, 0xD75F, 0xD75F, 0xD75F, 0xDF7F, 0xDF7F,
  0xDF7F, 0xD75F, 0xD73F, 0xCF1F, 0xC71F, 0xC6FF, 0xC6DF, 0xBEDF, 0xBEFF, 0xBEDF, 0xBEFF, 0xBEFF,
  0xBEFF, 0xBEFF, 0xB6DF, 0xB6DF, 0xB6DF, 0xB6DF, 0xB6DF, 0xB6DF, 0xB6DF, 0xB6DF, 0xBEDF, 0xBEDF,
  0xBEDF, 0xBEDF, 0xBEDF, 0xBEDF, 0xBEDF, 0xBEDF, 0xBEDF, 0xBEDF, 0xBEFF, 0xBEFF, 0xBEFF, 0xBEFF,
  0xBEFF, 0xBEFF, 0xBEFF, 0xBEFF, 0xBEDE, 0xC71F, 0xCF3F, 0xD75F, 0xD75F, 0xD75F, 0xD75F, 0xD75F,
  0xDF7F, 0xD75F, 0xD75F, 0xD75F, 0xDF7F, 0xDF7F, 0xDF5F, 0xD75F, 0xDF5F, 0xDF5F, 0xDF5F, 0xDF5F,
  0xDF5F, 0xDF7F, 0xDF7F, 0xE77F, 0xE79F, 0xE79F, 0xE79F, 0xE79F, 0xE79F, 0xEF9F, 0xEF9F, 0xEF9F,
  0xE79F, 0xE79F, 0xE79F, 0xE79F, 0xE79F, 0xE79F, 0xE79F, 0xE79F, 0xE79F, 0xE79F, 0xE79F, 0xE79F,
  0xE79F, 0xE79F, 0xE79F, 0xE79F, 0xE79F, 0xE79F, 0xE79F, 0xE79F, 0xE79F, 0xE79F, 0xE79F, 0xE79F,
  0xE79F, 0xE79F, 0xE79F, 0xE79F, 0xE79F, 0xE79F, 0xE79F, 0xE79F, 0xE79F, 0xE79F, 0xE79F, 0xE79F,
  0xE79F, 0xE77F, 0xDF5F, 0xDF5F, 0xDF5F, 0xDF5F, 0xDF5F, 0xDF5F, 0xDF5F, 0xDF5F, 0xDF5F, 0xDF5F,
  0xDF5F, 0xD75F, 0xD75F, 0xD75F, 0xDF7F, 0xDF7F, 0xD77F, 0xD75F, 0xCF3F, 0xCF1F, 0xC6FF, 0xC6DF,
  0xC6DF, 0xBEDF, 0xC6DF, 0xBEDF, 0xBEDF, 0xBEDF, 0xBEDF, 0xBEDF, 0xBEDF, 0xB6DF, 0xB6BF, 0xB6BF,
  0xB6BF, 0xB6BF, 0xB6BF, 0xB6BF, 0xB6BF, 0xB69F, 0xB69F, 0xB69F, 0xB69F, 0xB69F, 0xB69F, 0xB69F,
  0xB69F, 0xB69F, 0xB69F, 0xB6BF, 0xB6BF, 0xB6DF, 0xB6DF, 0xBEDF, 0xBEDF, 0xBEDF, 0xBEDF, 0xBEFF,
  0xBEDF, 0xC6DF, 0xC6FF, 0xC6FF, 0xC6FF, 0xCF1F, 0xD75F, 0xD75F, 0xD77F, 0xD75F, 0xD75F, 0xD75F,
  0xDF7F, 0xDF7F, 0xDF5F, 0xD73F, 0xDF5F, 0xDF5F, 0xDF5F, 0xD75F, 0xDF5F, 0xDF5F, 0xDF5F, 0xDF5F,
  0xE77F, 0xE77F, 0xE79F, 0xE79F, 0xEF9F, 0xE79F, 0xEF9F, 0xE77F, 0xE79F, 0xE79F, 0xE79F, 0xE79F,
  0xE79F, 0xE79F, 0xE79F, 0xE79F, 0xE79F, 0xE79F, 0xE79F, 0xE79F, 0xE79F, 0xE79F, 0xE79F, 0xE79F,
  0xE79F, 0xE79F, 0xE79F, 0xE79F, 0xE79F, 0xE79F, 0xE79F, 0xE79F, 0xE79F, 0xE79F, 0xE79F, 0xE79F,
  0xE79F, 0xE79F, 0xE79F, 0xE79F, 0xE79F, 0xE79F, 0xE79F, 0xE79F, 0xE79F, 0xDF7F, 0xDF5F, 0xDF3F,
  0xDF5F, 0xDF5F, 0xDF5F, 0xDF5F, 0xDF5F, 0xDF5F, 0xDF5F, 0xDF5F, 0xD75F, 0xD75F, 0xD75F, 0xDF7F,
  0xDF7F, 0xD75F, 0xCF3F, 0xCF1F, 0xC6DE, 0xC6DF, 0xC6DF, 0xC6DF, 0xBEFF, 0xBEDF, 0xBEDF, 0xBEDF,
  0xBEDF, 0xB6BF, 0xB69F, 0xB69F, 0xB6BF, 0xB69F, 0xB6BF, 0xB6BF, 0xAEBF, 0xAEBF, 0xAE9F, 0xAE9F,
  0xB69F, 0xB69F, 0xB69F, 0xB69F, 0xB69F, 0xB69F, 0xB69F, 0xB69F, 0xB69F, 0xB69F, 0xB69F, 0xB69F,
  0xB69F, 0xB69F, 0xB69F, 0xB69F, 0xB6BF, 0xB6BF, 0xBEDF, 0xBEFF, 0xC6FF, 0xC6FF, 0xBEDF, 0xBEBE,
  0xBEBE, 0xC6DF, 0xCF1F, 0xCF3F, 0xCF3F, 0xD75F, 0xDF7F, 0xDF7F, 0xD75F, 0xD75F, 0xD75F, 0xD75F,
  0xD75F, 0xD75F, 0xD75F, 0xDF5F, 0xDF5F, 0xDF5F, 0xDF5F, 0xDF5F, 0xDF7F, 0xE77F, 0xE77F, 0xE79F,
  0xE79F, 0xE79F, 0xE79F, 0xE79F, 0xE79F, 0xE79F, 0xE79F, 0xE79F, 0xE79F, 0xE79F, 0xE79F, 0xE79F,
  0xE79F, 0xE79F, 0xE79F, 0xE79F, 0xE79F, 0xE79F, 0xE79F, 0xE79F, 0xE79F, 0xE79F, 0xE79F, 0xE79F,
  0xE79F, 0xE79F, 0xE79F, 0xE79F, 0xE79F, 0xE79F, 0xE79F, 0xE79F, 0xE79F, 0xE79F, 0xE79F, 0xE79F,
  0xE7BF, 0xE79F, 0xE79F, 0xE77F, 0xDF7F, 0xDF5F, 0xDF5F, 0xDF5F, 0xDF5F, 0xDF5F, 0xDF5F, 0xDF5F,
  0xDF5F, 0xDF5F, 0xDF5F, 0xDF5F, 0xDF5F, 0xD75F, 0xD77F, 0xD75F, 0xD73F, 0xCF1F, 0xC6FF, 0xC6FF,
  0xC6DF, 0xC6FF, 0xBEFF, 0xBEDF, 0xBEDF, 0xB6BF, 0xB6BF, 0xB6BF, 0xBEBF, 0xB6BF, 0xB69F, 0xB69F,
  0xB6BF, 0xB69F, 0xB6BF, 0xB6BF, 0xB6BF, 0xB6BF, 0xB6BF, 0xB6BF, 0xB6BF, 0xB6BF, 0xB6BF, 0xB6BF,
  0xB6BF, 0xB6BF, 0xB6BF, 0xB6BF, 0xB6BF, 0xB6BF, 0xB6BF, 0xB6BF, 0xB6BF, 0xB6BF, 0xB6BF, 0xAE9F,
  0xAE9F, 0xB69F, 0xB6BF, 0xB6BF, 0xB6BF, 0xBEBF, 0xBEDF, 0xBEDF, 0xC6FF, 0xBEDF, 0xBEDF, 0xC6DE,
  0xC6FF, 0xCF1F, 0xD75F, 0xD77F, 0xD75F, 0xD75F, 0xD75F, 0xDF7F, 0xD75F, 0xD75F, 0xD75F, 0xDF5F,
  0xDF5F, 0xDF5F, 0xDF5F, 0xDF5F, 0xDF5F, 0xDF5F, 0xDF7F, 0xE77F, 0xE79F, 0xE79F, 0xE79F, 0xE79F,
  0xE79F, 0xE79F, 0xE79F, 0xE79F, 0xE79F, 0xE79F, 0xE79F, 0xE79F, 0xE79F, 0xE79F, 0xE79F, 0xE79F,
  0xE79F, 0xE79F, 0xE79F, 0xE79F, 0xE79F, 0xE79F, 0xE79F, 0xE79F, 0xE79F, 0xE79F, 0xE79F, 0xE79F,
  0xE79F, 0xE79F, 0xE79F, 0xE79F, 0xE79F, 0xE79F, 0xE79F, 0xE79F, 0xE7BF, 0xE79F, 0xDF7F, 0xDF7F,
  0xDF5F, 0xDF5F, 0xDF5F, 0xDF5F, 0xDF5F, 0xDF5F, 0xDF5F, 0xDF5F, 0xDF5F, 0xDF5F, 0xDF5F, 0xDF5F,
  0xDF7F, 0xD75F, 0xCF3F, 0xCF1F, 0xC6FE, 0xC6DE, 0xBEDF, 0xBEFF, 0xBEDF, 0xBEDF, 0xBEDF, 0xB6BF,
  0xB6BF, 0xB6BF, 0xB6BF, 0xB69F, 0xB6BF, 0xB69F, 0xB69F, 0xB6BF, 0xB6BF, 0xAEBF, 0xAE9F, 0xAE9F,
  0xAEBF, 0xAEBF, 0xAEBF, 0xAEBF, 0xAEBF, 0xAEBF, 0xAE9F, 0xAEBF, 0xAEBF, 0xAEBF, 0xAEBF, 0xAEBF,
  0xAEBF, 0xAEBF, 0xAEBF, 0xAEBF, 0xAEBF, 0xAEBF, 0xB6BF, 0xB6BF, 0xB6BF, 0xAE9F, 0xAE9F, 0xAE9F,
  0xB69F, 0xB69F, 0xB6BF, 0xBEDF, 0xBEDF, 0xBEDF, 0xBEDF, 0xC6FF, 0xBEDF, 0xC6DF, 0xC6FF, 0xCF1F,
  0xD75F, 0xD77F, 0xD77F, 0xD77F, 0xD75F, 0xD75F, 0xD75F, 0xD77F, 0xDF5F, 0xDF5F, 0xDF5F, 0xDF5F,
  0xDF5F, 0xDF5F, 0xDF5F, 0xDF7F, 0xE77F, 0xE79F, 0xE79F, 0xE79F, 0xE79F, 0xE79F, 0xE79F, 0xE79F,
  0xE79F, 0xE79F, 0xE79F, 0xE79F, 0xE79F, 0xE79F, 0xE79F, 0xE79F, 0xE79F, 0xE79F, 0xE79F, 0xE79F,
  0xE79F, 0xE79F, 0xE79F, 0xE79F, 0xE79F, 0xE79F, 0xE79F, 0xE79F, 0xE79F, 0xE79F, 0xE79F, 0xE79F,
  0xE79F, 0xE79F, 0xE79F, 0xE79F, 0xE79F, 0xDF7F, 0xDF7F, 0xDF5F, 0xDF5F, 0xDF5F, 0xDF5F, 0xDF5F,
  0xDF5F, 0xDF5F, 0xDF5F, 0xDF5F, 0xDF5F, 0xDF5F, 0xDF5F, 0xD75F, 0xD75F, 0xCF3F, 0xC6FF, 0xC6DE,
  0xBEDF, 0xBEDF, 0xBEDF, 0xBEDF, 0xB6BF, 0xB6BF, 0xB6BF, 0xAE9F, 0xAE9F, 0xAEBF, 0xB6BF, 0xB6BF,
  0xAE9F, 0xAE9F, 0xAE9F, 0xAEBF, 0xAEBF, 0xAE9F, 0xA69F, 0xA69F, 0xA69F, 0xA69F, 0xA69F, 0xA69F,
  0xA69F, 0xA69F, 0xA69F, 0xA69F, 0xA69F, 0xA69F, 0xA69F, 0xA69F, 0xA69F, 0xA69F, 0xA69F, 0xA69F,
  0xA67F, 0xAE9F, 0xAE9F, 0xAEBF, 0xAEBF, 0xAEBF, 0xAE9F, 0xAE9F, 0xB6BF, 0xB69F, 0xAE9F, 0xB69F,
  0xB6BF, 0xB6BF, 0xBEDF, 0xBEFF, 0xBEDF, 0xBEDF, 0xBEDF, 0xC6FF, 0xCF1F, 0xCF3F, 0xD75F, 0xD75F,
  0xD75F, 0xD75F, 0xD75F, 0xD75F, 0xD75F, 0xD75F, 0xDF5F, 0xDF5F, 0xDF5F, 0xDF5F, 0xDF5F, 0xDF5F,
  0xDF7F, 0xDF7F, 0xE79F, 0xE79F, 0xE79F, 0xE79F, 0xE79F, 0xE79F, 0xE79F, 0xE79F, 0xE79F, 0xE79F,
  0xE79F, 0xE79F, 0xE79F, 0xE79F, 0xE79F, 0xE79F, 0xE79F, 0xE79F, 0xE79F, 0xE79F, 0xE79F, 0xE79F,
  0xE79F, 0xE79F, 0xE79F, 0xE79F, 0xE79F, 0xE79F, 0xE79F, 0xE79F, 0xE79F, 0xE79F, 0xE79F, 0xE79F,
  0xDF7F, 0xDF7F, 0xDF5F, 0xDF5F, 0xDF5F, 0xDF5F, 0xDF5F, 0xDF5F, 0xDF5F, 0xDF5F, 0xD75F, 0xD75F,
  0xD75F, 0xD75F, 0xD75F, 0xD75F, 0xCF1F, 0xC6FF, 0xBEDF, 0xBEDF, 0xC6FF, 0xBEFF, 0xBEDF, 0xB6BF,
  0xB6BF, 0xB6BF, 0xB6BF, 0xAEBF, 0xAEBF, 0xAEBF, 0xAEBF, 0xAE9F, 0xAEBF, 0xAE9F, 0xA67F, 0xA67F,
  0xA67F, 0xA67F, 0xA67F, 0xA69F, 0xA69F, 0xA69F, 0xA69F, 0xA69F, 0xA69F, 0xA69F, 0xA69F, 0xA69F,
  0xA69F, 0xA69F, 0xA69F, 0xA69F, 0xA69F, 0xA69F, 0xA69F, 0xA69F, 0xA67F, 0xA67F, 0xA69F, 0xA67F,
  0xA67F, 0xAE9F, 0xAE9F, 0xAEBF, 0xAEBF, 0xAE9F, 0xAE9F, 0xB6BF, 0xB6BF, 0xB6BF, 0xB69F, 0xB69F,
  0xBEDF, 0xBEDF, 0xC6FF, 0xBEDF, 0xBEBF, 0xBEDF, 0xCF1F, 0xD75F, 0xD77F, 0xD77F, 0xD75F, 0xD75F,
  0xD75F, 0xD75F, 0xD75F, 0xDF5F, 0xDF5F, 0xDF5F, 0xDF5F, 0xD75F, 0xDF5F, 0xDF7F, 0xDF9F, 0xE79F,
  0xE79F, 0xE79F, 0xE79F, 0xE79F, 0xE79F, 0xE79F, 0xE79F, 0xE79F, 0xE79F, 0xE79F, 0xE79F, 0xE79F,
  0xE79F, 0xE79F, 0xE79F, 0xE79F, 0xE79F, 0xE79F, 0xE79F, 0xE79F, 0xE79F, 0xE79F, 0xE79F, 0xE79F,
  0xE79F, 0xE79F, 0xE79F, 0xE79F, 0xE79F, 0xE79F, 0xE79F, 0xE79F, 0xDF5F, 0xDF5F, 0xDF5F, 0xDF5F,
  0xDF5F, 0xDF5F, 0xDF5F, 0xDF5F, 0xDF7F, 0xD75F, 0xD75F, 0xD75F, 0xD77F, 0xD75F, 0xCF1F, 0xC6DF,
  0xC6DE, 0xC6DF, 0xBEDF, 0xBEDF, 0xBEBF, 0xB6BF, 0xB6BF, 0xAE9F, 0xAEBF, 0xAE9F, 0xAEBF, 0xAEBF,
  0xB6DF, 0xAEBF, 0xA65F, 0xAE9F, 0xA67F, 0xA69F, 0xA67F, 0x9E5F, 0xA67F, 0xA6BF, 0x9E7F, 0x961E,
  0x963F, 0x963F, 0x963F, 0x963F, 0x963F, 0x963F, 0x963F, 0x963F, 0x963F, 0x963F, 0x963F, 0x963F,
  0x963F, 0x963F, 0x963F, 0x963F, 0x9E5F, 0xA67F, 0xA69F, 0xA67F, 0xA67F, 0xAE9F, 0xAE9F, 0xA67F,
  0xA69F, 0xAE9F, 0xAE9F, 0xAEBF, 0xAEBF, 0xAEBF, 0xB6BF, 0xB6BF, 0xAE9F, 0xB6BF, 0xBEDF, 0xBEFF,
  0xBEDF, 0xBEDF, 0xBEDF, 0xBEDF, 0xCF3F, 0xD77F, 0xD77F, 0xD75F, 0xDF7F, 0xDF7F, 0xDF7F, 0xDF5F,
  0xDF5F, 0xDF5F, 0xDF5F, 0xDF5F, 0xDF5F, 0xDF7F, 0xDF7F, 0xDF7F, 0xE79F, 0xE79F, 0xE79F, 0xE79F,
  0xE79F, 0xE79F, 0xE79F, 0xE79F, 0xE79F, 0xE79F, 0xE79F, 0xE79F, 0xE79F, 0xE79F, 0xE79F, 0xE79F,
  0xE79F, 0xE79F, 0xE79F, 0xE79F, 0xE79F, 0xE79F, 0xE79F, 0xE79F, 0xE79F, 0xE79F, 0xE79F, 0xE79F,
  0xE79F, 0xE79F, 0xDF7F, 0xDF7F, 0xDF5F, 0xDF5F, 0xDF5F, 0xDF5F, 0xDF5F, 0xD75F, 0xD75F, 0xD75F,
  0xD73F, 0xD75F, 0xD77F, 0xD77F, 0xCF3F, 0xCF1F, 0xC6FF, 0xC6FF, 0xBEDF, 0xBEDF, 0xBEDF, 0xB6BF,
  0xB6BF, 0xB6BF, 0xAEBF, 0xAEBF, 0xB6DF, 0xAEBF, 0xAE9F, 0xA65F, 0xA67F, 0xAE9F, 0xA67F, 0xAE9F,
  0xA67F, 0x9E7F, 0x9E5F, 0x9E3F, 0x963F, 0x963F, 0x963F, 0x965F, 0x963F, 0x963F, 0x963F, 0x963F,
  0x963F, 0x963F, 0x963F, 0x963F, 0x963F, 0x963F, 0x963F, 0x963F, 0x963F, 0x963F, 0x963F, 0x963F,
  0x963F, 0x9E5F, 0x9E5F, 0x9E5F, 0x9E5F, 0xA67F, 0xA69F, 0xA67F, 0xA67F, 0xA67F, 0xA69F, 0xAE9F,
  0xAE9F, 0xAEBF, 0xAEBF, 0xB6BF, 0xB6BF, 0xB6BF, 0xB6BF, 0xB6BF, 0xBEDF, 0xBEFF, 0xBEFF, 0xBEDF,
  0xBEDE, 0xCF3F, 0xD75F, 0xD75F, 0xD75F, 0xD73F, 0xD73F, 0xDF5F, 0xDF5F, 0xDF5F, 0xDF5F, 0xD75F,
  0xDF5F, 0xDF7F, 0xDF7F, 0xDF7F, 0xDF9F, 0xE79F, 0xE79F, 0xE79F, 0xE79F, 0xE79F, 0xE79F, 0xE79F,
  0xE79F, 0xE79F, 0xE79F, 0xE79F, 0xE79F, 0xE79F, 0xE79F, 0xE79F, 0xE79F, 0xE79F, 0xE79F, 0xE79F,
  0xE79F, 0xE79F, 0xE79F, 0xE79F, 0xE77F, 0xE79F, 0xE79F, 0xE79F, 0xE79F, 0xDF7F, 0xDF5F, 0xDF5F,
  0xDF5F, 0xDF5F, 0xDF5F, 0xDF5F, 0xD75F, 0xD75F, 0xD75F, 0xD75F, 0xD75F, 0xD75F, 0xD75F, 0xCF3F,
  0xC6FF, 0xBEDF, 0xBEDF, 0xC6DF, 0xBEDF, 0xBEBF, 0xB6BF, 0xB69F, 0xAE9F, 0xAE9F, 0xAEBF, 0xAEBF,
  0xA67F, 0xA67F, 0xAE9F, 0xA67F, 0xA69F, 0xAE9F, 0xA65E, 0xA67F, 0x9E5F, 0x961E, 0x961E, 0x963F,
  0x961F, 0x8DDE, 0x85BE, 0x8DFE, 0x85DE, 0x85DE, 0x85DE, 0x85DE, 0x85DE, 0x85DE, 0x85DE, 0x85DE,
  0x85DE, 0x85DE, 0x85DE, 0x85DE, 0x85DE, 0x85DE, 0x85DE, 0x85DE, 0x8DDE, 0x8DFE, 0x961F, 0x95FE,
  0x961F, 0x9E3F, 0x9E5F, 0x9E5F, 0x9E7F, 0x9E7F, 0xA67F, 0xA67F, 0xA69F, 0xAE9F, 0xAEBF, 0xAEBF,
  0xAEBF, 0xAE9F, 0xAE9F, 0xB69F, 0xB6BF, 0xBEDF, 0xBEFF, 0xBEFF, 0xC6FE, 0xC6FE, 0xCF1F, 0xD73F,
  0xDF9F, 0xDF7F, 0xDF5F, 0xDF7F, 0xDF5F, 0xDF5F, 0xD75F, 0xD75F, 0xD75F, 0xD75F, 0xD75F, 0xD77F,
  0xDF7F, 0xDF7F, 0xE79F, 0xE7BF, 0xE79F, 0xE79F, 0xE79F, 0xE79F, 0xE79F, 0xE79F, 0xE79F, 0xE79F,
  0xE79F, 0xE79F, 0xE79F, 0xE79F, 0xE79F, 0xE79F, 0xE79F, 0xE79F, 0xE79F, 0xE79F, 0xE79F, 0xE79F,
  0xE77F, 0xE79F, 0xE79F, 0xE79F, 0xDF7F, 0xDF5F, 0xDF5F, 0xDF5F, 0xDF5F, 0xDF5F, 0xDF5F, 0xD75F,
  0xD75F, 0xD75F, 0xD77F, 0xD77F, 0xDF9F, 0xD75F, 0xC6FF, 0xC6DF, 0xC6FF, 0xC6FF, 0xBEDF, 0xBEDF,
  0xB69F, 0xB6BF, 0xB6BF, 0xB6BF, 0xB6BF, 0xAEBF, 0xAE9F, 0xA69F, 0xA67F, 0xA69F, 0xA69F, 0x9E3E,
  0x9E5F, 0xA69F, 0xAE9F, 0xB6DF, 0xA67F, 0x961E, 0x8DDD, 0x8DFE, 0x8DFE, 0x8DDE, 0x859D, 0x7D9D,
  0x85BE, 0x85BE, 0x85BE, 0x85BE, 0x85BE, 0x85BE, 0x85DE, 0x85DE, 0x85DE, 0x85DE, 0x85DE, 0x85DE,
  0x85DE, 0x85DE, 0x85DE, 0x85BE, 0x85BE, 0x8DDE, 0x8DDE, 0x8DDE, 0x8DFE, 0x961F, 0x961F, 0x961F,
  0x9E5F, 0x9E5F, 0x9E5F, 0x9E7F, 0xA67F, 0xA69F, 0xA69F, 0xAE9F, 0xAE9F, 0xAEBF, 0xB6BF, 0xB6BF,
  0xB6BF, 0xB6BF, 0xB6DF, 0xBEFF, 0xBEBE, 0xBEDE, 0xBEBD, 0xC6DE, 0xD73F, 0xDF5F, 0xDF5F, 0xDF5F,
  0xDF5F, 0xDF5F, 0xDF5F, 0xD75F, 0xD75F, 0xD75F, 0xD75F, 0xD75F, 0xD75F, 0xDF7F, 0xE79F, 0xE7BF,
  0xE79F, 0xE79F, 0xE79F, 0xE79F, 0xE79F, 0xE79F, 0xE79F, 0xE79F, 0xE79F, 0xE79F, 0xE79F, 0xE79F,
  0xE79F, 0xE79F, 0xE79F, 0xE79F, 0xE79F, 0xE79F, 0xE79F, 0xE79F, 0xE79F, 0xE79F, 0xE79F, 0xE79F,
  0xDF7F, 0xDF5F, 0xDF5F, 0xDF5F, 0xDF5F, 0xDF5F, 0xDF5F, 0xD75F, 0xD75F, 0xD77F, 0xD77F, 0xD77F,
  0xD77F, 0xCF3F, 0xBEDF, 0xBEBF, 0xBEDF, 0xBEFF, 0xBEDF, 0xB6BF, 0xB69F, 0xB69F, 0xAEBF, 0xAEBF,
  0xAEBF, 0xAEBF, 0xA69F, 0xA67F, 0xA69F, 0xA67F, 0x9E5F, 0x961E, 0x9E5F, 0xAEBF, 0xAE9F, 0xAEBF,
  0xAEBF, 0xA67F, 0x95FD, 0x859C, 0x85BD, 0x8DDD, 0x8DDE, 0x8DDE, 0x85BE, 0x85BE, 0x85BE, 0x85BE,
  0x85DE, 0x85DE, 0x85DE, 0x85DE, 0x85DE, 0x85DE, 0x85DE, 0x85DE, 0x85DE, 0x85DE, 0x85DE, 0x85DE,
  0x85BE, 0x85BE, 0x85BE, 0x85BE, 0x85DE, 0x8DDE, 0x8DDE, 0x8DFE, 0x8E1E, 0x963F, 0x963F, 0x9E5F,
  0x9E5F, 0x9E7F, 0xA67F, 0xA69F, 0xAE9F, 0xAE9F, 0xAEBF, 0xB6BF, 0xB6BF, 0xAE9F, 0xB69F, 0xB6BF,
  0xBEBE, 0xCF1F, 0xCF3F, 0xCEFE, 0xCEFE, 0xD73F, 0xD73F, 0xDF5F, 0xDF5F, 0xDF5F, 0xDF5F, 0xDF5F,
  0xD75F, 0xD75F, 0xD75F, 0xD75F, 0xD75F, 0xDF5F, 0xDF7F, 0xE79F, 0xE79F, 0xE79F, 0xE79F, 0xE79F,
  0xE79F, 0xE79F, 0xE79F, 0xE79F, 0xE79F, 0xE79F, 0xE79F, 0xE79F, 0xE79F, 0xE79F, 0xE79F, 0xE79F,
  0xE79F, 0xE79F, 0xE79F, 0xE79F, 0xE7BF, 0xE79F, 0xE79F, 0xDF7F, 0xDF5F, 0xDF5F, 0xDF5F, 0xDF5F,
  0xDF5F, 0xDF5F, 0xDF5F, 0xD75F, 0xD75F, 0xD77F, 0xD77F, 0xCF5F, 0xC6FF, 0xC6FF, 0xBEDF, 0xBEDF,
  0xB6DF, 0xB6BF, 0xB6BF, 0xAE9F, 0xB6BF, 0xAEBF, 0xAE9F, 0xAE9F, 0xA69F, 0xA69F, 0xA67F, 0xA67F,
  0x9E5F, 0x961E, 0x961E, 0x961E, 0xA67F, 0xAEBF, 0x9E3E, 0x9E1D, 0xAE9F, 0xAE9F, 0x9E5E, 0x8DDC,
  0x857C, 0x859C, 0x8DBD, 0x85BE, 0x85BE, 0x85BE, 0x85BE, 0x85BE, 0x85BE, 0x85BE, 0x85BE, 0x85BE,
  0x85BE, 0x85BE, 0x85BE, 0x85BE, 0x85BE, 0x85BE, 0x85BE, 0x85BE, 0x85DE, 0x85DE, 0x85BE, 0x85DE,
  0x85DE, 0x85DE, 0x85DE, 0x85DE, 0x85DE, 0x8DFE, 0x8DFE, 0x961F, 0x963F, 0x9E5F, 0x9E7F, 0xA67F,
  0xAE9F, 0xA67F, 0xA67F, 0xAEBF, 0xB6DF, 0xB6BF, 0xAE9F, 0xAE9E, 0xCF3F, 0xD77F, 0xD77F, 0xD75F,
  0xDF7F, 0xDF9F, 0xDF5F, 0xDF5F, 0xDF5F, 0xDF5F, 0xDF5F, 0xDF5F, 0xDF5F, 0xD77F, 0xD75F, 0xD75F,
  0xD75F, 0xDF5F, 0xDF7F, 0xDF7F, 0xE79F, 0xE79F, 0xE79F, 0xE79F, 0xE79F, 0xE79F, 0xE79F, 0xE79F,
  0xE79F, 0xE79F, 0xE79F, 0xE79F, 0xE79F, 0xE79F, 0xE79F, 0xE79F, 0xE79F, 0xE79F, 0xE79F, 0xE79F,
  0xE79F, 0xE79F, 0xDF7F, 0xDF5F, 0xDF5F, 0xDF5F, 0xDF5F, 0xDF5F, 0xDF5F, 0xDF5F, 0xDF5F, 0xD75F,
  0xD75F, 0xD77F, 0xD75F, 0xC71F, 0xBEDE, 0xBEDF, 0xBEFF, 0xBEDF, 0xB6BF, 0xAE9F, 0xAE9F, 0xAE9F,
  0xB6BF, 0xAE9F, 0xAE7F, 0xA67F, 0xA67F, 0xA67F, 0x9E5F, 0x9E5F, 0x9E5F, 0x961E, 0x95FD, 0x95FD,
  0x9E3E, 0xA65E, 0x9E1D, 0x9E3D, 0xA65E, 0xAE9F, 0xAE9F, 0x9E3E, 0x95DD, 0x95DD, 0x8DDE, 0x8DBE,
  0x8DDE, 0x8DDE, 0x8DDE, 0x8DDE, 0x8DDE, 0x8DBE, 0x8DBE, 0x8DDE, 0x85DE, 0x85DE, 0x85DE, 0x85DE,
  0x85DE, 0x85DE, 0x85DE, 0x85DE, 0x85DE, 0x85DE, 0x85DE, 0x85DE, 0x85DE, 0x85BE, 0x85BE, 0x85BE,
  0x85BE, 0x85DE, 0x85DE, 0x8DDE, 0x8DFE, 0x961E, 0x9E3F, 0x9E5F, 0xA67F, 0x9E5F, 0xA65E, 0xAE9F,
  0xAEBF, 0xAEBF, 0xB6BF, 0xB6DF, 0xCF3F, 0xC71E, 0xC6DE, 0xCF3F, 0xE79F, 0xE7BF, 0xDF7F, 0xDF5F,
  0xDF5F, 0xDF5F, 0xDF5F, 0xDF5F, 0xD75F, 0xD75F, 0xD75F, 0xD75F, 0xDF5F, 0xDF5F, 0xDF5F, 0xDF7F,
  0xDF9F, 0xE79F, 0xE79F, 0xE79F, 0xE79F, 0xE79F, 0xE79F, 0xE79F, 0xE79F, 0xE79F, 0xE79F, 0xE79F,
  0xE79F, 0xE79F, 0xE79F, 0xE79F, 0xE79F, 0xE79F, 0xE79F, 0xE79F, 0xE79F, 0xDF7F, 0xDF5F, 0xDF5F,
  0xDF5F, 0xDF5F, 0xDF5F, 0xD75F, 0xD75F, 0xDF5F, 0xDF5F, 0xD75F, 0xD77F, 0xD77F, 0xCF3F, 0xBEDE,
  0xBEFF, 0xBEFF, 0xB6DF, 0xB6BF, 0xB6BF, 0xAEBF, 0xAEBF, 0xAEBF, 0xAE9F, 0xAE9F, 0xA67F, 0xA69F,
  0xA67F, 0x9E5F, 0x9E3F, 0x961E, 0x8DDD, 0x95FE, 0xA67F, 0xAE9F, 0xAE7F, 0xA63E, 0x9DFD, 0xA65E,
  0xAE7E, 0xAE9F, 0xAE9F, 0xA67E, 0xA67F, 0xAE9F, 0xAE9F, 0xA69F, 0x8DBD, 0x8DBD, 0x8DBE, 0x85BE,
  0x85BE, 0x85BE, 0x85BE, 0x85BE, 0x85BE, 0x85BE, 0x85BE, 0x85BE, 0x85BE, 0x85BE, 0x85BE, 0x85BE,
  0x85BE, 0x85BE, 0x85DE, 0x85DE, 0x85DE, 0x85DE, 0x85BE, 0x85DE, 0x85DE, 0x85DE, 0x85BD, 0x85BD,
  0x85BD, 0x8DFE, 0x961E, 0x963F, 0x963E, 0x9E3F, 0xA67F, 0xAE9F, 0xA67F, 0xA67E, 0xB6DF, 0xC73F,
  0xBEDE, 0xBE9D, 0xB67C, 0xCF1E, 0xDF9F, 0xDF9F, 0xE79F, 0xEFDF, 0xDF3F, 0xDF3F, 0xDF5F, 0xDF5F,
  0xD75F, 0xD75F, 0xD75F, 0xD75F, 0xDF7F, 0xDF5F, 0xD75F, 0xDF5F, 0xDF7F, 0xE79F, 0xE7BF, 0xE79F,
  0xE79F, 0xE79F, 0xE79F, 0xE79F, 0xE79F, 0xE79F, 0xE79F, 0xE79F, 0xE79F, 0xE79F, 0xE79F, 0xE79F,
  0xE79F, 0xE79F, 0xE79F, 0xE79F, 0xDF7F, 0xDF7F, 0xDF5F, 0xD75F, 0xDF5F, 0xDF5F, 0xDF5F, 0xDF7F,
  0xD75F, 0xD75F, 0xD77F, 0xD77F, 0xCF3F, 0xC6FF, 0xC6FF, 0xBEFF, 0xBEDF, 0xB6DF, 0xB6BF, 0xB6BF,
  0xB6BF, 0xB6BF, 0xAE9F, 0xA69F, 0xA69F, 0xA69F, 0xA67F, 0x9E3F, 0x9E5F, 0x9E3F, 0x8DDD, 0x95FE,
  0x95DE, 0x9E3F, 0xA65F, 0x9E3E, 0x9E1E, 0xA65F, 0xAE7F, 0xAE7F, 0xAE9F, 0xAE9E, 0xAE9E, 0xAE9E,
  0xAE9E, 0xAE9F, 0xAE9F, 0xAE9F, 0xA65F, 0x8D9D, 0x8DDE, 0x8DDE, 0x85BE, 0x85DF, 0x7DBE, 0x85DE,
  0x85DE, 0x85BE, 0x85BE, 0x85BE, 0x85BE, 0x85BE, 0x85BE, 0x85BE, 0x85BE, 0x85BE, 0x85BE, 0x85DE,
  0x85DE, 0x85DE, 0x85DE, 0x85DE, 0x8DFE, 0x7D9D, 0x85DE, 0x85DE, 0x85BD, 0x85DE, 0x85DE, 0x8DFE,
  0x95FF, 0x8DDE, 0x9E5F, 0x9E3F, 0xA65F, 0xAE9F, 0xC73F, 0xBF1F, 0xBEBE, 0xBE9D, 0xC6DE, 0xD75F,
  0xDF9F, 0xE7BF, 0xE79F, 0xE7BF, 0xD73E, 0xD6FD, 0xDF3F, 0xDF7F, 0xDF5F, 0xD75F, 0xDF7F, 0xD75F,
  0xD75F, 0xD75F, 0xD75F, 0xD75F, 0xD75F, 0xDF7F, 0xDF9F, 0xE7BF, 0xE79F, 0xE79F, 0xE79F, 0xE79F,
  0xE79F, 0xE79F, 0xE79F, 0xE79F, 0xE79F, 0xE79F, 0xE79F, 0xE79F, 0xE79F, 0xE79F, 0xE79F, 0xDF9F,
  0xDF7F, 0xDF5F, 0xDF5F, 0xD75F, 0xDF5F, 0xDF5F, 0xDF5F, 0xDF5F, 0xD75F, 0xD77F, 0xD77F, 0xCF3F,
  0xC71F, 0xC6FF, 0xC6FF, 0xBEDF, 0xBEDF, 0xB6BF, 0xB69F, 0xAE9F, 0xAEBF, 0xAE9F, 0xAE9F, 0xA67F,
  0xA67F, 0x9E7F, 0x9E5F, 0x961F, 0x961F, 0x95FE, 0x859D, 0x8DBD, 0x9E3F, 0xA65F, 0xA63F, 0x9E1E,
  0x9E1E, 0xA63E, 0xAE7F, 0xAE7F, 0xAE9F, 0xAE9F, 0xAE9E, 0xAE9E, 0xAE9E, 0xAE9E, 0xAE9E, 0xAE7F,
  0xAE7F, 0x8DDD, 0x8DDE, 0x8DBE, 0x85BE, 0x85DF, 0x7DDE, 0x85DF, 0x85DE, 0x85BE, 0x85BE, 0x85BE,
  0x85BE, 0x85BE, 0x85BE, 0x85BE, 0x85BE, 0x85BE, 0x85BE, 0x85BE, 0x85BE, 0x85BE, 0x85BE, 0x85DE,
  0x85DE, 0x7D9D, 0x85BE, 0x85BE, 0x85BD, 0x85DE, 0x85BE, 0x8DDE, 0x8DFF, 0x95DE, 0x95FE, 0x9E1E,
  0xA65E, 0xBEFF, 0xC71F, 0xB69E, 0xBEBE, 0xBE9D, 0xC6DD, 0xD75F, 0xE7BF, 0xE7BF, 0xE79F, 0xE79F,
  0xE77F, 0xD71E, 0xD6FE, 0xDF3F, 0xDF5F, 0xDF7F, 0xDF7F, 0xD73F, 0xD75F, 0xD75F, 0xD75F, 0xD75F,
  0xD75F, 0xDF7F, 0xDF9F, 0xE79F, 0xE79F, 0xE79F, 0xE79F, 0xE79F, 0xE79F, 0xE79F, 0xE79F, 0xE79F,
  0xE79F, 0xE79F, 0xE79F, 0xE79F, 0xE79F, 0xE79F, 0xDF9F, 0xDF7F, 0xD75F, 0xD75F, 0xD75F, 0xDF5F,
  0xDF5F, 0xDF5F, 0xDF5F, 0xD75F, 0xD75F, 0xD77F, 0xD75F, 0xC6FF, 0xBEDE, 0xC6FF, 0xBEFF, 0xBEBF,
  0xB6BF, 0xB6BF, 0xAE9F, 0xAE9F, 0xAE9F, 0xAE9F, 0xA67F, 0xA67F, 0x9E7F, 0x963F, 0x963F, 0x95FE,
  0x8DBD, 0x8DBD, 0x859C, 0x8DBC, 0xA67F, 0x9E5F, 0x9E1E, 0x9E1D, 0x9E1D, 0xA63E, 0xA63E, 0xA65E,
  0xAE7E, 0xAE7E, 0xAE9E, 0xAE9E, 0xAE9E, 0xAE9E, 0xAE9E, 0xAE9F, 0xA65F, 0x8DBD, 0x8DBD, 0x8DBE,
  0x85BE, 0x85DE, 0x85DE, 0x85DE, 0x85DE, 0x85BE, 0x85BE, 0x85BE, 0x85BE, 0x85BE, 0x85BE, 0x85BE,
  0x85BE, 0x85BE, 0x85BE, 0x85BE, 0x85BE, 0x85BE, 0x85BE, 0x85DE, 0x85FF, 0x85DE, 0x85FE, 0x85DE,
  0x85DE, 0x85DE, 0x85BD, 0x8DBD, 0x857C, 0x8DBD, 0x8D9C, 0x95BC, 0xA61C, 0xC71F, 0xC71F, 0xBE9D,
  0xBE9D, 0xBEBD, 0xCF1E, 0xDF9F, 0xE7DF, 0xE79F, 0xDF9F, 0xE79F, 0xEFBF, 0xDF3F, 0xD6FE, 0xD71E,
  0xD75F, 0xDF7F, 0xDF7F, 0xD73F, 0xD75F, 0xD75F, 0xD75F, 0xD75F, 0xD75F, 0xDF7F, 0xDF7F, 0xDF9F,
  0xE79F, 0xE79F, 0xE79F, 0xE79F, 0xE79F, 0xE79F, 0xE79F, 0xEF9F, 0xE79F, 0xE79F, 0xE79F, 0xE79F,
  0xE79F, 0xE79F, 0xDF7F, 0xDF5F, 0xD75F, 0xD75F, 0xD75F, 0xDF5F, 0xDF5F, 0xDF5F, 0xDF5F, 0xD75F,
  0xD77F, 0xD75F, 0xCF3F, 0xC6FF, 0xBEDE, 0xBEDF, 0xBEDF, 0xB6BF, 0xB69F, 0xAE9F, 0xAE9F, 0xAE9F,
  0xAE9F, 0xA67F, 0xA67F, 0x9E5F, 0x9E3F, 0x8DFE, 0x961E, 0x8DDD, 0x859C, 0x8DBD, 0x8DDD, 0x95FD,
  0x9E3E, 0x9E1E, 0x9E1D, 0x9E3D, 0x9E3E, 0x9E1D, 0x9E1D, 0x9E3D, 0xAE7E, 0xAE7E, 0xAE9E, 0xAE9E,
  0xAE9E, 0xAE9E, 0xAE9E, 0xAE9F, 0x9E1D, 0x8DBD, 0x8D9D, 0x8DBD, 0x8DDE, 0x85DE, 0x85DE, 0x85DE,
  0x85DE, 0x85BE, 0x85BE, 0x85BE, 0x85BE, 0x85BE, 0x85BE, 0x85BE, 0x85BE, 0x85BE, 0x85BE, 0x85BE,
  0x85BE, 0x85BE, 0x85BE, 0x85DE, 0x85DE, 0x7DBE, 0x85DE, 0x85BD, 0x85BD, 0x85DD, 0x859D, 0x8DBD,
  0x857C, 0xA63F, 0xB69F, 0xBEDF, 0xC6FF, 0xD75F, 0xCEFE, 0xBE9C, 0xBE9C, 0xCEFE, 0xDF7F, 0xE7BF,
  0xE7BF, 0xDF9F, 0xE79F, 0xE7BF, 0xE79F, 0xE77F, 0xDF5F, 0xD73F, 0xD73F, 0xD75F, 0xDF5F, 0xDF5F,
  0xDF5F, 0xDF5F, 0xDF5F, 0xDF5F, 0xDF5F, 0xDF5F, 0xDF7F, 0xDF7F, 0xE79F, 0xE79F, 0xE79F, 0xE79F,
  0xE79F, 0xEF9F, 0xEF9F, 0xEF7F, 0xE79F, 0xE79F, 0xE79F, 0xE79F, 0xE79F, 0xE79F, 0xDF7F, 0xD75F,
  0xDF5F, 0xDF5F, 0xD75F, 0xD75F, 0xDF5F, 0xDF5F, 0xDF5F, 0xD75F, 0xD77F, 0xCF3F, 0xC6FF, 0xC6FF,
  0xBEFF, 0xBEDF, 0xB6BF, 0xB69F, 0xAE9F, 0xAE9F, 0xAE9F, 0xAE9F, 0xA69F, 0xA67F, 0x9E5F, 0x9E3F,
  0x961E, 0x85BD, 0x8DDD, 0x85BD, 0x859C, 0x8DFD, 0x961E, 0x963E, 0x9E3E, 0x961D, 0x9E1D, 0xA65E,
  0xA65E, 0x9E1D, 0x9E1D, 0x9E3D, 0xAE9F, 0xAE9F, 0xB69E, 0xAE9E, 0xAE7E, 0xAE7E, 0xAE7E, 0xAE9F,
  0xA65E, 0x9E1E, 0x8DBD, 0x8DBD, 0x8DDE, 0x85BE, 0x85DE, 0x85DE, 0x85BE, 0x85BE, 0x85BE, 0x85BE,
  0x85BE, 0x85BE, 0x85BE, 0x85BE, 0x85BE, 0x85BE, 0x85BE, 0x85BE, 0x85BE, 0x85BE, 0x85BE, 0x85DE,
  0x85BE, 0x85DE, 0x85DE, 0x85BD, 0x85DD, 0x8DDD, 0x8D9C, 0x95FD, 0xB6BF, 0xC73F, 0xD79F, 0xD75F,
  0xD75F, 0xCEFE, 0xCEDD, 0xC6BC, 0xD6FE, 0xDF5F, 0xE7BF, 0xE79F, 0xE79F, 0xE7BF, 0xE7BF, 0xE79F,
  0xDF7F, 0xE79F, 0xE79F, 0xDF5F, 0xDF5F, 0xDF5F, 0xDF5F, 0xDF7F, 0xDF5F, 0xDF5F, 0xDF5F, 0xDF5F,
  0xDF5F, 0xDF5F, 0xDF5F, 0xDF5F, 0xDF7F, 0xE79F, 0xE79F, 0xE79F, 0xE79F, 0xEF9F, 0xEF9F, 0xEF7F,
  0xE79F, 0xE79F, 0xE79F, 0xE79F, 0xE79F, 0xDF7F, 0xDF5F, 0xD75F, 0xDF7F, 0xD75F, 0xD75F, 0xD75F,
  0xD75F, 0xDF5F, 0xDF5F, 0xD77F, 0xCF5F, 0xC6FF, 0xBEDF, 0xBEFF, 0xBEFF, 0xB6BF, 0xAE9F, 0xAE9F,
  0xAEBF, 0xAE9F, 0xAE9F, 0xA67F, 0xA67F, 0x9E5F, 0x963F, 0x961E, 0x8DFE, 0x85BD, 0x85BD, 0x85BC,
  0x8DDD, 0x963E, 0x963E, 0x9E3E, 0x9E3E, 0x9E3E, 0x9E3E, 0x9E3E, 0x9E3D, 0x9E1D, 0x9E3D, 0xA65E,
  0xAE7F, 0xAE7E, 0xAE7E, 0xAE7E, 0xAE9E, 0xAE9E, 0xAE9F, 0xAE9F, 0xAEBF, 0xA67F, 0x8DDD, 0x8D9D,
  0x8DBE, 0x85BD, 0x85BE, 0x85DE, 0x85BE, 0x85BE, 0x85BE, 0x85BE, 0x85BE, 0x85BE, 0x85BE, 0x85BE,
  0x85BE, 0x85BE, 0x85BE, 0x85BE, 0x85BE, 0x85BE, 0x85BE, 0x85DE, 0x85DE, 0x85DE, 0x85DE, 0x85BD,
  0x8DDD, 0x8DBC, 0x8D9B, 0xA63D, 0xD79F, 0xCF3F, 0xC6FF, 0xBE7D, 0xC69C, 0xC69B, 0xD71D, 0xDF3D,
  0xE77F, 0xEF9F, 0xE79F, 0xE79F, 0xE7BF, 0xEFDF, 0xE79F, 0xD73E, 0xD75F, 0xE79F, 0xE79F, 0xDF7F,
  0xE79F, 0xE79F, 0xE77F, 0xE77F, 0xDF5F, 0xDF5F, 0xDF5F, 0xDF5F, 0xDF5F, 0xDF5F, 0xDF5F, 0xDF5F,
  0xDF7F, 0xDF7F, 0xE77F, 0xE79F, 0xE79F, 0xE79F, 0xEF9F, 0xE77F, 0xE79F, 0xE79F, 0xE79F, 0xE79F,
  0xDF7F, 0xDF5F, 0xD75F, 0xD75F, 0xDF5F, 0xD75F, 0xD75F, 0xD75F, 0xD75F, 0xD75F, 0xD75F, 0xD75F,
  0xC71F, 0xBEFF, 0xBEDF, 0xBEDF, 0xB6DF, 0xB6BF, 0xAE9F, 0xAEBF, 0xAEBF, 0xA69F, 0xA67F, 0x9E5F,
  0x9E5F, 0x963F, 0x8DFE, 0x8DDE, 0x8DDE, 0x85BD, 0x85BD, 0x85DD, 0x963E, 0x9E7F, 0x963E, 0x963E,
  0x9E3E, 0x9E3E, 0x9E3E, 0x9E3E, 0x9E1D, 0x9E3D, 0x9E5E, 0xA65E, 0xA65E, 0xA65E, 0xA65E, 0xAE7E,
  0xAE9F, 0xAEBF, 0xAE9F, 0xA67F, 0xAE9F, 0xA67F, 0x8DBD, 0x859D, 0x8DDE, 0x85BD, 0x85DE, 0x85DE,
  0x85BE, 0x85BE, 0x85BE, 0x85BE, 0x85BE, 0x85BE, 0x85BE, 0x85BE, 0x85BE, 0x85BE, 0x85BE, 0x85BE,
  0x85BE, 0x85BE, 0x85BE, 0x85BE, 0x85BD, 0x85BD, 0x85BC, 0x8DBC, 0x8DDC, 0x8D9B, 0x8D9B, 0xAE7E,
  0xCF3F, 0xBEBE, 0xBE9D, 0xBE9D, 0xC6BC, 0xD71D, 0xE77E, 0xE77E, 0xEFBF, 0xEF9F, 0xE77F, 0xE79F,
  0xE79F, 0xDF7F, 0xD71E, 0xC6DD, 0xCEFE, 0xDF7F, 0xE79F, 0xE77F, 0xE7BF, 0xEFBF, 0xE79F, 0xE79F,
  0xDF7F, 0xDF5F, 0xDF5F, 0xDF5F, 0xDF5F, 0xDF5F, 0xDF5F, 0xDF5F, 0xDF5F, 0xDF5F, 0xDF7F, 0xE77F,
  0xE79F, 0xE79F, 0xEF9F, 0xE77F, 0xE77F, 0xE79F, 0xE7BF, 0xE79F, 0xDF7F, 0xDF5F, 0xD75F, 0xDF5F,
  0xD75F, 0xD75F, 0xD75F, 0xD77F, 0xD77F, 0xD75F, 0xD75F, 0xCF3F, 0xBEDE, 0xBEFF, 0xBEFF, 0xB6DF,
  0xB69F, 0xAE9F, 0xAEBF, 0xAEBF, 0xAE9F, 0xA69F, 0x9E5F, 0x9E3F, 0x963F, 0x961F, 0x8DDE, 0x85BD,
  0x8DDD, 0x85BD, 0x85BD, 0x8DFE, 0x9E9F, 0xA6BF, 0x963F, 0x963E, 0x963E, 0x9E3E, 0x9E3E, 0x9E3E,
  0x9E5E, 0x9E5F, 0xA67F, 0xA67F, 0xA67F, 0xA65F, 0xA65F, 0xA67F, 0xAE9F, 0xAE9F, 0xA67E, 0x9E3E,
  0x961E, 0x9E3F, 0x859D, 0x859D, 0x8DFE, 0x85BE, 0x85DE, 0x85BE, 0x85BE, 0x85BE, 0x85BE, 0x85BE,
  0x85BE, 0x85BE, 0x85BE, 0x85BE, 0x85BE, 0x85BE, 0x85BE, 0x85BE, 0x85BE, 0x85BE, 0x85BE, 0x85BE,
  0x8DBD, 0x8DBC, 0x95DD, 0x9E1D, 0xA65E, 0xA63D, 0xAE7E, 0xD79F, 0xCF1F, 0xBEBE, 0xBE7D, 0xCEDE,
  0xC6BC, 0xDF5E, 0xEFBF, 0xE79F, 0xE77F, 0xE77F, 0xE79F, 0xEFBF, 0xE77F, 0xCEFD, 0xC6BC, 0xBE9C,
  0xBE9C, 0xD75F, 0xE79F, 0xE77F, 0xE79F, 0xE79F, 0xE79F, 0xEFBF, 0xDF7F, 0xDF5F, 0xDF5F, 0xDF5F,
  0xDF5F, 0xDF5F, 0xDF5F, 0xDF5F, 0xDF3F, 0xDF5F, 0xDF7F, 0xE77F, 0xE79F, 0xE79F, 0xE79F, 0xE77F,
  0xE79F, 0xE79F, 0xE79F, 0xDF7F, 0xDF5F, 0xD75F, 0xDF5F, 0xDF5F, 0xD75F, 0xDF7F, 0xD77F, 0xD75F,
  0xD77F, 0xD77F, 0xCF3F, 0xC6DE, 0xBEFF, 0xBEDF, 0xB6DF, 0xB6BF, 0xAEBF, 0xAEBF, 0xAE9F, 0xA69F,
  0xA69F, 0x9E7F, 0x9E5F, 0x961F, 0x8DFE, 0x8DDE, 0x8DDE, 0x8DDE, 0x8DDE, 0x85BE, 0x85BD, 0x8DDE,
  0x8DFE, 0x961F, 0x961E, 0x8DFE, 0x95FE, 0x95FE, 0x95FE, 0x95FE, 0x961E, 0x961E, 0x9E3E, 0x9E3F,
  0x9E5F, 0x9E3F, 0x963E, 0x9E3E, 0x9E3E, 0x963E, 0x8DFD, 0x8DBD, 0x8DBD, 0x85BE, 0x85BE, 0x85BE,
  0x85BE, 0x85DE, 0x85DE, 0x85DE, 0x85DE, 0x85BE, 0x85BE, 0x85BE, 0x85BE, 0x85BE, 0x85BE, 0x85BE,
  0x85DE, 0x85BE, 0x85BE, 0x85BE, 0x85BE, 0x85DE, 0x85BE, 0x8DBD, 0x8DBC, 0x9DDC, 0xAE5E, 0xC75F,
  0xD7BF, 0xD79F, 0xD77F, 0xCF5F, 0xBE9E, 0xBE9D, 0xC6BE, 0xBE9D, 0xCEFE, 0xDF9F, 0xDF9F, 0xE7BF,
  0xE77F, 0xEF9F, 0xE77F, 0xE79F, 0xE79F, 0xD75E, 0xC6DD, 0xBE9C, 0xC6BD, 0xCF1F, 0xDF7F, 0xDF7F,
  0xDF3F, 0xDF5F, 0xEF9F, 0xEF9F, 0xDF7F, 0xDF7F, 0xDF5F, 0xDF5F, 0xD73F, 0xD73F, 0xDF5F, 0xDF5F,
  0xDF5F, 0xDF3F, 0xDF5F, 0xE77F, 0xE79F, 0xE79F, 0xE77F, 0xE79F, 0xE79F, 0xE79F, 0xDF7F, 0xDF7F,
  0xDF5F, 0xDF5F, 0xDF5F, 0xDF5F, 0xDF5F, 0xD77F, 0xD77F, 0xD77F, 0xD75F, 0xCF3F, 0xC71F, 0xBEDE,
  0xBEFF, 0xBEDF, 0xB6BF, 0xB6BF, 0xAEBF, 0xAE9F, 0xA69F, 0xA69F, 0x9E7F, 0x9E5F, 0x963F, 0x8DFE,
  0x8DDE, 0x85DE, 0x85BE, 0x85BE, 0x85DE, 0x85BD, 0x85BD, 0x85BD, 0x85DE, 0x8DDE, 0x8DDE, 0x85BD,
  0x85BD, 0x85BD, 0x85BD, 0x85BD, 0x85BD, 0x85BD, 0x85BD, 0x85BD, 0x85BD, 0x859D, 0x859C, 0x85BD,
  0x8DDD, 0x8DDD, 0x85BD, 0x859D, 0x85BE, 0x85BE, 0x85BE, 0x85BE, 0x85BE, 0x85DE, 0x85DE, 0x85DE,
  0x85DE, 0x85BE, 0x85BE, 0x85BE, 0x85BE, 0x85BE, 0x85BE, 0x85BE, 0x85DE, 0x85BE, 0x85BE, 0x85BE,
  0x85BE, 0x85DE, 0x85BE, 0x8DBD, 0x8D9B, 0xC6FF, 0xCF7F, 0xBEDF, 0xB69D, 0xBEDE, 0xC6DE, 0xB67D,
  0xBEBE, 0xBEBE, 0xC6BE, 0xBE9D, 0xCF3F, 0xE7DF, 0xE7BF, 0xE79F, 0xEFBF, 0xEFBF, 0xE79F, 0xE79F,
  0xE79F, 0xDF5F, 0xCEFD, 0xC6DD, 0xBE9D, 0xC6BD, 0xCEDE, 0xC6BD, 0xC67C, 0xCEBD, 0xDF3E, 0xE77F,
  0xE79F, 0xE79F, 0xE79F, 0xDF7F, 0xDF7F, 0xDF5F, 0xDF5F, 0xDF5F, 0xDF5F, 0xDF5F, 0xDF5F, 0xE77F,
  0xE79F, 0xE79F, 0xE79F, 0xE79F, 0xE79F, 0xDF9F, 0xDF7F, 0xDF5F, 0xDF5F, 0xDF5F, 0xDF5F, 0xDF5F,
  0xDF5F, 0xD75F, 0xD75F, 0xD77F, 0xD75F, 0xC71F, 0xC6DE, 0xBEDF, 0xBEDF, 0xBEDF, 0xB6BF, 0xB6BF,
  0xAEBF, 0xAE9F, 0xA69F, 0xA67F, 0x9E5F, 0x963F, 0x8DFF, 0x85DE, 0x85BE, 0x85BE, 0x85BE, 0x85BE,
  0x85DE, 0x85BE, 0x85BE, 0x85BE, 0x85BE, 0x85BE, 0x85BE, 0x85BD, 0x8DDE, 0x8DDE, 0x8DDE, 0x8DDE,
  0x85BD, 0x85BD, 0x85BD, 0x85BD, 0x85BE, 0x85BE, 0x85BD, 0x85BD, 0x85BD, 0x85DD, 0x85DD, 0x85DE,
  0x85DE, 0x85DE, 0x85DE, 0x85DE, 0x85DE, 0x85DE, 0x85DE, 0x85DE, 0x85DE, 0x85BE, 0x85BE, 0x85BE,
  0x85BE, 0x85BE, 0x85BE, 0x85BE, 0x85DE, 0x85BE, 0x85BE, 0x85DE, 0x85DE, 0x85DE, 0x85BE, 0x8DBD,
  0xAE7E, 0xC71F, 0xBEDF, 0xB69D, 0xBEBD, 0xBEBD, 0xBEBD, 0xC6DE, 0xBE9D, 0xBEBE, 0xBEBE, 0xBE9D,
  0xCF1F, 0xDF9F, 0xD77F, 0xD75F, 0xDF5F, 0xDF5F, 0xDF7F, 0xE79F, 0xE7BF, 0xE7BF, 0xDF9F, 0xDF7F,
  0xC6BD, 0xC69D, 0xC69D, 0xC69C, 0xC67C, 0xCEDD, 0xE75F, 0xEFDF, 0xE79F, 0xE79F, 0xE79F, 0xDF9F,
  0xDF7F, 0xD75F, 0xD75F, 0xD75F, 0xDF5F, 0xDF5F, 0xDF5F, 0xDF5F, 0xE77F, 0xE79F, 0xE79F, 0xE79F,
  0xE79F, 0xDF7F, 0xDF5F, 0xDF5F, 0xDF5F, 0xDF5F, 0xDF5F, 0xDF5F, 0xD75F, 0xD75F, 0xD77F, 0xD75F,
  0xCF3F, 0xC6FF, 0xBEDE, 0xBEDF, 0xBEBF, 0xB6BF, 0xB6BF, 0xAEBF, 0xAE9F, 0xA69F, 0xA67F, 0x9E7F,
  0x963F, 0x961F, 0x8DDE, 0x85BE, 0x85BE, 0x85BE, 0x85BE, 0x85BE, 0x85BE, 0x85BE, 0x85BE, 0x85BE,
  0x85BE, 0x85BE, 0x85DE, 0x85DE, 0x85BE, 0x85BE, 0x85BE, 0x85DE, 0x85DE, 0x85DE, 0x85DE, 0x85BE,
  0x85DE, 0x85DE, 0x85DE, 0x85DE, 0x85DD, 0x85BD, 0x85BD, 0x85DE, 0x85DE, 0x85DE, 0x85DE, 0x85DE,
  0x85DE, 0x85DE, 0x85DE, 0x85DE, 0x85DE, 0x85BE, 0x85BE, 0x85BE, 0x85BE, 0x85BE, 0x85BE, 0x85BE,
  0x85BE, 0x85BE, 0x85DE, 0x85DE, 0x85DE, 0x85DE, 0x85BE, 0x859D, 0xA61D, 0xC6FF, 0xC6DF, 0xBE9D,
  0xC6DE, 0xBEBD, 0xBE9D, 0xBEBD, 0xBE9D, 0xC6BE, 0xC6BE, 0xBE9D, 0xC6BE, 0xC6DE, 0xC6DE, 0xC6DE,
  0xC6BD, 0xC6BD, 0xCEFE, 0xD73F, 0xDF7F, 0xE7BF, 0xE7DF, 0xE7BF, 0xCEFE, 0xC6BD, 0xC6BD, 0xCEDD,
  0xCEDD, 0xD71E, 0xDF7F, 0xE79F, 0xE79F, 0xE79F, 0xE79F, 0xDF7F, 0xDF5F, 0xD75F, 0xD75F, 0xD75F,
  0xD75F, 0xDF5F, 0xDF5F, 0xDF5F, 0xDF5F, 0xE79F, 0xE79F, 0xE79F, 0xE79F, 0xDF7F, 0xDF5F, 0xD75F,
  0xDF5F, 0xDF5F, 0xDF5F, 0xD75F, 0xD73F, 0xDF7F, 0xD77F, 0xCF3F, 0xC6FF, 0xC6FF, 0xBEDF, 0xBEBE,
  0xB6BE, 0xB6BF, 0xB69F, 0xAE9F, 0xAE9F, 0xA69F, 0x9E7F, 0x9E5F, 0x961F, 0x8DFF, 0x85DE, 0x85BE,
  0x85BE, 0x85BE, 0x85DE, 0x85BE, 0x85BE, 0x85BE, 0x85BE, 0x85BE, 0x85BE, 0x85BE, 0x85BE, 0x85DE,
  0x859D, 0x85BD, 0x85BE, 0x85BE, 0x85BE, 0x85BE, 0x85BE, 0x85BE, 0x85BE, 0x85BE, 0x85BE, 0x85BD,
  0x85DD, 0x85DD, 0x85DE, 0x85DE, 0x85DE, 0x85DE, 0x85BE, 0x85BE, 0x85BE, 0x85DE, 0x85DE, 0x85DE,
  0x85DE, 0x85BE, 0x85BE, 0x85BE, 0x85BE, 0x85BE, 0x85BE, 0x85BE, 0x85BE, 0x85BE, 0x85DE, 0x85DE,
  0x85DE, 0x85DE, 0x85BE, 0x859D, 0x9E1D, 0xBEBE, 0xB69D, 0xB67D, 0xBEDE, 0xBEBD, 0xBEBD, 0xC6FE,
  0xBEBD, 0xC6BE, 0xBE9D, 0xBEBE, 0xC6BE, 0xBE9D, 0xBE9D, 0xC6BE, 0xBE9D, 0xBE9D, 0xC6BD, 0xC6DD,
  0xC6DD, 0xD73E, 0xE79F, 0xDF7F, 0xEFBF, 0xDF7F, 0xDF5F, 0xE77F, 0xE79F, 0xE79F, 0xE79F, 0xE79F,
  0xE7BF, 0xE7BF, 0xDF9F, 0xDF7F, 0xDF7F, 0xDF5F, 0xDF5F, 0xDF5F, 0xD75F, 0xDF5F, 0xDF5F, 0xD75F,
  0xDF5F, 0xE79F, 0xE79F, 0xE79F, 0xDF7F, 0xDF5F, 0xDF5F, 0xD75F, 0xDF5F, 0xDF5F, 0xDF5F, 0xD75F,
  0xD75F, 0xDF7F, 0xD77F, 0xCF1F, 0xC6DE, 0xBEDF, 0xBEDF, 0xB69E, 0xB6BE, 0xB6BF, 0xB69F, 0xAE9F,
  0xA69F, 0xA67F, 0x9E5F, 0x963F, 0x8DFE, 0x8DFE, 0x85DE, 0x85BE, 0x85BE, 0x85DE, 0x85DE, 0x85DE,
  0x85DE, 0x85BE, 0x85DE, 0x85DE, 0x85BE, 0x85BE, 0x85BE, 0x85BE, 0x85DE, 0x85DE, 0x85DE, 0x85DE,
  0x85DE, 0x85DE, 0x85DE, 0x85DE, 0x85BE, 0x85DE, 0x85DE, 0x85DE, 0x85DE, 0x85DE, 0x85DE, 0x85DE,
  0x85DE, 0x85BE, 0x85BE, 0x85BE, 0x85BE, 0x85BE, 0x85DD, 0x85DD, 0x85BE, 0x85BE, 0x85BE, 0x85BE,
  0x85BE, 0x85BE, 0x85BE, 0x85BE, 0x85DE, 0x85BE, 0x85BE, 0x85DE, 0x85DE, 0x85DE, 0x85BE, 0x85BD,
  0xB6DF, 0xC71F, 0xBEBE, 0xBEBE, 0xC6FE, 0xB69D, 0xB67C, 0xBEBD, 0xC6DE, 0xC6BE, 0xB67D, 0xBE9E,
  0xC6DE, 0xBEBD, 0xBEBD, 0xBEBE, 0xC6DE, 0xBE9E, 0xBEBD, 0xBEBD, 0xC6BC, 0xD73E, 0xE7BF, 0xE7BF,
  0xE79F, 0xE77F, 0xE77F, 0xE79F, 0xE79F, 0xE79F, 0xE7BF, 0xE79F, 0xE79F, 0xDF9F, 0xDF7F, 0xD75F,
  0xD75F, 0xDF5F, 0xD75F, 0xD75F, 0xD75F, 0xDF5F, 0xD75F, 0xD75F, 0xDF5F, 0xDF7F, 0xE79F, 0xE79F,
  0xDF5F, 0xDF5F, 0xDF5F, 0xDF5F, 0xDF5F, 0xDF5F, 0xDF5F, 0xD75F, 0xDF5F, 0xD77F, 0xCF3F, 0xC6FF,
  0xBEDE, 0xBEDF, 0xBEBE, 0xB6BE, 0xB6BF, 0xB6BF, 0xB6BF, 0xAE9F, 0xA67F, 0x9E5F, 0x963E, 0x961E,
  0x8DDE, 0x85DE, 0x85DE, 0x85DE, 0x85BE, 0x85BE, 0x85BE, 0x85BE, 0x8DDE, 0x85DE, 0x85DE, 0x85DE,
  0x85DE, 0x85DE, 0x85DE, 0x85BE, 0x85BE, 0x85DE, 0x85DE, 0x85DE, 0x85BE, 0x85BE, 0x85BD, 0x85BD,
  0x85DE, 0x85BE, 0x85BD, 0x85BD, 0x85BD, 0x85BD, 0x85BD, 0x85BD, 0x85DE, 0x85BE, 0x85BE, 0x85BE,
  0x85BE, 0x85BD, 0x85BD, 0x85BD, 0x85BE, 0x85BE, 0x85BE, 0x85BE, 0x85BE, 0x85BE, 0x85BE, 0x85BE,
  0x85DE, 0x85BE, 0x85BE, 0x85BE, 0x85BE, 0x85DE, 0x85BE, 0x85BD, 0x8D7B, 0xBF1F, 0xD7BF, 0xD79F,
  0xCF7F, 0xD7BF, 0xDFDF, 0xD77F, 0xC6DE, 0xCEFF, 0xBE7D, 0xBE9D, 0xC6BE, 0xBE9D, 0xC6BE, 0xBE9D,
  0xBEBE, 0xBE9E, 0xBEBE, 0xC6DE, 0xBEBC, 0xD73E, 0xE7BF, 0xE79F, 0xE77F, 0xE77F, 0xEF9F, 0xE79F,
  0xDF7F, 0xE77F, 0xE7BF, 0xE7BF, 0xD73E, 0xCF1E, 0xCF1E, 0xCF1E, 0xD75F, 0xD75F, 0xD75F, 0xD75F,
  0xD75F, 0xD75F, 0xD75F, 0xDF5F, 0xDF5F, 0xDF5F, 0xDF7F, 0xE79F, 0xDF5F, 0xDF5F, 0xDF5F, 0xDF5F,
  0xDF5F, 0xDF5F, 0xDF5F, 0xD75F, 0xDF7F, 0xD73F, 0xCEFF, 0xC6FF, 0xC6DF, 0xBEBE, 0xBEBE, 0xBEBE,
  0xBEBF, 0xBEBF, 0xB6BF, 0xB69F, 0xAE7E, 0x9E3E, 0x961D, 0x95FD, 0x85BD, 0x85BE, 0x85DE, 0x85DE,
  0x85DE, 0x85BE, 0x85BE, 0x85BE, 0x85BE, 0x85BD, 0x85BD, 0x85BD, 0x85DE, 0x85DE, 0x85DE, 0x85BE,
  0x85BE, 0x85BE, 0x85DE, 0x85DE, 0x85DE, 0x85DE, 0x85DE, 0x85DE, 0x85DE, 0x85BE, 0x85BD, 0x85BD,
  0x85DD, 0x85DE, 0x85DE, 0x85DE, 0x85BE, 0x85BE, 0x85BE, 0x85BE, 0x85BE, 0x85BD, 0x85BD, 0x85BD,
  0x85BE, 0x85BE, 0x85BE, 0x85BE, 0x85BE, 0x85BE, 0x85BE, 0x85BE, 0x85DE, 0x85BE, 0x85BE, 0x85BE,
  0x85BE, 0x85DE, 0x85BE, 0x85BD, 0x8DBC, 0x9E1D, 0x9E1D, 0xA63D, 0xA63D, 0x9E1C, 0xA63C, 0xA61C,
  0xBEDF, 0xCF5F, 0xC6FF, 0xBEBE, 0xBE9E, 0xBE9D, 0xBEDE, 0xB69E, 0xB6BE, 0xB69E, 0xBEDF, 0xBEDE,
  0xB69D, 0xC6BD, 0xCF1E, 0xC6BD, 0xD75F, 0xDF7F, 0xE79F, 0xDF5F, 0xC6DE, 0xC6BE, 0xC6DE, 0xC6DE,
  0xC6DE, 0xBEBD, 0xC6BD, 0xC6FE, 0xD73F, 0xDF7F, 0xDF7F, 0xD75F, 0xDF7F, 0xD75F, 0xD75F, 0xDF5F,
  0xDF5F, 0xDF5F, 0xDF7F, 0xE79F, 0xDF5F, 0xDF5F, 0xDF5F, 0xDF7F, 0xDF7F, 0xD75F, 0xD75F, 0xD77F,
  0xD77F, 0xCF1F, 0xC6DE, 0xC6DE, 0xBEBE, 0xBE9D, 0xC6DE, 0xD75F, 0xC6DF, 0xB67E, 0xBEBF, 0xBEDF,
  0xB67E, 0xB6BF, 0xB6BF, 0x95FD, 0x857C, 0x961F, 0x859D, 0x7D9D, 0x85DF, 0x7DBE, 0x85DE, 0x85FE,
  0x85DE, 0x85BE, 0x85BE, 0x85BE, 0x85BE, 0x85BE, 0x85BE, 0x85BE, 0x85BE, 0x85BE, 0x85BE, 0x85BE,
  0x85DE, 0x85DE, 0x85DE, 0x85DE, 0x85BE, 0x85BE, 0x85BE, 0x85DE, 0x85DE, 0x85DE, 0x85DE, 0x85BE,
  0x85BE, 0x85BE, 0x85BE, 0x85BE, 0x85BE, 0x85BE, 0x85BE, 0x85BE, 0x85BE, 0x85BE, 0x85BE, 0x85BE,
  0x85BE, 0x85BE, 0x85BE, 0x85BE, 0x85BE, 0x85BE, 0x85BE, 0x85BE, 0x85BE, 0x85BE, 0x85BE, 0x85BE,
  0x85BD, 0x85BD, 0x85BD, 0x85BD, 0x85BD, 0x85BC, 0x85BC, 0x85BC, 0x95FD, 0x9E3E, 0x95FD, 0xA65E,
  0xCF7F, 0xD7BF, 0xCF7F, 0xD79F, 0xD7BF, 0xAEBF, 0x95DC, 0xA67E, 0xCF7F, 0xC75F, 0xB6BF, 0xB6BF,
  0xBEDF, 0xD77F, 0xD77F, 0xBEDF, 0xB67E, 0xB69E, 0xB69F, 0xB69E, 0xB6BF, 0xB6BF, 0xBEFF, 0xBEFF,
  0xC6DF, 0xD75F, 0xDF9F, 0xD75F, 0xD75F, 0xD75F, 0xD75F, 0xDF5F, 0xDF5F, 0xDF5F, 0xDF7F, 0xDF7F,
  0xDF7F, 0xDF5F, 0xD75F, 0xD75F, 0xD75F, 0xD75F, 0xD75F, 0xD75F, 0xD75F, 0xCF1F, 0xC6DE, 0xC6DE,
  0xC6BE, 0xC6DE, 0xCF1F, 0xDF9F, 0xDF7F, 0xD71F, 0xC6BD, 0xBE7C, 0xBEBD, 0xCF1F, 0xCF3F, 0xC71F,
  0x9DDD, 0x8D9C, 0x8DBE, 0x8DFF, 0x8DFF, 0x85DE, 0x7DBD, 0x7DBD, 0x85DE, 0x85BE, 0x85BE, 0x85BE,
  0x85BE, 0x85BE, 0x85BE, 0x85BE, 0x85BE, 0x85BE, 0x85BE, 0x85BE, 0x85BE, 0x85BE, 0x85BE, 0x85BE,
  0x85BE, 0x85BE, 0x85BE, 0x85BE, 0x85BE, 0x85BE, 0x85BE, 0x85BE, 0x85BE, 0x85BE, 0x85BE, 0x85BE,
  0x85BE, 0x85BE, 0x85BE, 0x85BE, 0x85BE, 0x85BE, 0x85BE, 0x85BE, 0x85BE, 0x85BE, 0x85BE, 0x85BE,
  0x85BE, 0x85BE, 0x85BE, 0x85BE, 0x85BE, 0x85BE, 0x85BE, 0x85BE, 0x85DE, 0x85DE, 0x85DE, 0x85DE,
  0x85DE, 0x85DE, 0x85DE, 0x85DE, 0x85BD, 0x8DFD, 0x85BC, 0x8DDC, 0xA67F, 0xAE9F, 0xA63D, 0xAE7E,
  0xA67E, 0x961D, 0x8DBC, 0x95DC, 0xA67F, 0x9E5E, 0x95FD, 0x9E3E, 0x95FD, 0xAE9F, 0xB6BF, 0xA67F,
  0xA65F, 0xAE9F, 0xB69F, 0xB6BF, 0xAEBF, 0xAEBF, 0xB6DF, 0xBEFF, 0xBEDF, 0xCF3F, 0xD77F, 0xD75F,
  0xD75F, 0xD75F, 0xDF5F, 0xDF5F, 0xDF5F, 0xDF5F, 0xDF5F, 0xDF5F, 0xD75F, 0xD75F, 0xD75F, 0xD75F,
  0xD75F, 0xDF7F, 0xD77F, 0xD75F, 0xC6DE, 0xBEBD, 0xBE9D, 0xBE9D, 0xC6BD, 0xCEFE, 0xDF5F, 0xE7BF,
  0xE79F, 0xEF9F, 0xD6FC, 0xC6BB, 0xDF5D, 0xE79F, 0xDF7F, 0xE7BF, 0xC6FF, 0x959B, 0x8D9C, 0x8DBD,
  0x857D, 0x8DDE, 0x8DDE, 0x8DFE, 0x85DE, 0x85BE, 0x85BE, 0x85BE, 0x85BE, 0x85BE, 0x85BE, 0x85BE,
  0x85BE, 0x85BE, 0x85BE, 0x85BE, 0x85BE, 0x85BE, 0x85BE, 0x85BE, 0x85BE, 0x85BE, 0x85BE, 0x85BE,
  0x85BE, 0x85BE, 0x85BE, 0x85BE, 0x85BE, 0x85BE, 0x85BE, 0x85BE, 0x85BE, 0x85BE, 0x85BE, 0x85BE,
  0x85BE, 0x85BE, 0x85BE, 0x85BE, 0x85BE, 0x85BE, 0x85BE, 0x85BE, 0x85BE, 0x85BE, 0x85BE, 0x85BE,
  0x85BE, 0x85BE, 0x85BE, 0x85BE, 0x85DE, 0x85DE, 0x85DE, 0x85DE, 0x85DE, 0x85DE, 0x85DE, 0x85DE,
  0x85BD, 0x85BD, 0x85BD, 0x859C, 0x8DBD, 0x8DBC, 0x8D9B, 0x8D9C, 0x859C, 0x8DDD, 0x85BC, 0x859C,
  0x8DDD, 0x8DBC, 0x859C, 0x8DBD, 0x857C, 0x95FD, 0x9E3E, 0x9E3E, 0xA65F, 0xAE9F, 0xAE9F, 0xAE9F,
  0xAEBF, 0xAEBF, 0xB6DF, 0xBEDF, 0xBEDF, 0xC71F, 0xD75F, 0xD75F, 0xD75F, 0xD75F, 0xDF5F, 0xDF5F,
  0xDF5F, 0xDF5F, 0xDF5F, 0xDF5F, 0xD73F, 0xD75F, 0xD77F, 0xD75F, 0xD75F, 0xDF7F, 0xDF7F, 0xD75F,
  0xBEBD, 0xC6BD, 0xC69D, 0xC6BD, 0xCEFE, 0xDF7F, 0xE7BF, 0xE7BF, 0xE77E, 0xEF9E, 0xE75D, 0xDF5D,
  0xEFDF, 0xEFDF, 0xDF7E, 0xE79F, 0xE7BF, 0xAE3D, 0x9DBC, 0x95BD, 0x8D9D, 0x8DDE, 0x85BE, 0x859D,
  0x85BE, 0x85BE, 0x85BE, 0x85BE, 0x85BE, 0x85BE, 0x85BE, 0x85BE, 0x85BE, 0x85BE, 0x85BE, 0x85BE,
  0x85BE, 0x85BE, 0x85BE, 0x85BE, 0x85BE, 0x85BE, 0x85BE, 0x85BE, 0x85BE, 0x85BE, 0x85BE, 0x85BE,
  0x85BE, 0x85BE, 0x85BE, 0x85BE, 0x85BE, 0x85BE, 0x85BE, 0x85BE, 0x85BE, 0x85BE, 0x85BE, 0x85BE,
  0x85BE, 0x85BE, 0x85BE, 0x85BE, 0x85BE, 0x85BE, 0x85BE, 0x85BE, 0x85BE, 0x85BE, 0x85BE, 0x85BE,
  0x85BD, 0x85BD, 0x85BD, 0x85BE, 0x85BE, 0x85BE, 0x85BE, 0x85BE, 0x85DE, 0x8DDE, 0x8DDE, 0x8DDE,
  0x8DBD, 0x8DBD, 0x8DBD, 0x8DBD, 0x85BC, 0x8DDD, 0x85DD, 0x85BD, 0x8DDD, 0x8DDD, 0x85BD, 0x8DBD,
  0x85BD, 0x8DDD, 0x95FE, 0x9E1E, 0xA67F, 0xA69F, 0xA69F, 0xAE9F, 0xAEBF, 0xAEBF, 0xB6BF, 0xBEDF,
  0xBEDF, 0xC6FF, 0xCF3F, 0xD77F, 0xD75F, 0xDF5F, 0xDF5F, 0xDF5F, 0xDF5F, 0xDF5F, 0xDF5F, 0xDF5F,
  0xD73F, 0xDF7F, 0xDF7F, 0xD75F, 0xD75F, 0xD75F, 0xD75F, 0xD73F, 0xC6BD, 0xC6BD, 0xC69C, 0xC69C,
  0xCEFD, 0xE77F, 0xEFBF, 0xE77F, 0xE79F, 0xE79F, 0xEF9F, 0xEFBF, 0xE79F, 0xE79F, 0xE77F, 0xE79F,
  0xE7BF, 0xC6DF, 0x959C, 0x8D5C, 0x8DBE, 0x8DBE, 0x85DF, 0x85DF, 0x85BE, 0x85BE, 0x85BE, 0x85BE,
  0x85BE, 0x85BE, 0x85BE, 0x85BE, 0x85BE, 0x85BE, 0x85BE, 0x85BE, 0x85BE, 0x85BE, 0x85BE, 0x85BE,
  0x85BE, 0x85BE, 0x85BE, 0x85BE, 0x85BE, 0x85BE, 0x85BE, 0x85BE, 0x85BE, 0x85BE, 0x85BE, 0x85BE,
  0x85BE, 0x85BE, 0x85BE, 0x85BE, 0x85BE, 0x85BE, 0x85BE, 0x85BE, 0x85BE, 0x85BE, 0x85BE, 0x85BE,
  0x85BE, 0x85BE, 0x85BE, 0x85BE, 0x85BE, 0x85BE, 0x85BE, 0x85BE, 0x85DE, 0x85DD, 0x85DE, 0x85DE,
  0x85DE, 0x85DE, 0x85DE, 0x85DE, 0x85DF, 0x85BE, 0x85BE, 0x8DDE, 0x8DBE, 0x8DBE, 0x95DE, 0x8DBE,
  0x8DDE, 0x85DE, 0x85BD, 0x85BD, 0x85DE, 0x85DE, 0x85BD, 0x85BE, 0x85BD, 0x85BD, 0x85BD, 0x95FE,
  0x9E7F, 0xA69F, 0xA69F, 0xAEBF, 0xAEBF, 0xAEBF, 0xB6BF, 0xB6DF, 0xBEDF, 0xBEDF, 0xC71F, 0xD75F,
  0xD75F, 0xD75F, 0xDF5F, 0xDF5F, 0xDF5F, 0xDF5F, 0xDF5F, 0xDF5F, 0xD75F, 0xDF7F, 0xD75F, 0xD73F,
  0xCF1F, 0xC6FE, 0xC6DE, 0xC6BD, 0xBE9C, 0xC69C, 0xC69C, 0xC67B, 0xCEDD, 0xE77F, 0xEF9F, 0xE77F,
  0xE7BF, 0xDF7F, 0xE79F, 0xEFBF, 0xE77F, 0xE77F, 0xE7BF, 0xE79F, 0xE7BF, 0xD77F, 0x9DDC, 0x8D7B,
  0x95DD, 0x85BD, 0x85DE, 0x85FE, 0x85DE, 0x85BE, 0x85BE, 0x85BE, 0x85BE, 0x85BE, 0x85BE, 0x85BE,
  0x85BE, 0x85BE, 0x85BE, 0x85BE, 0x85BE, 0x85BE, 0x85BE, 0x85BE, 0x85BE, 0x85BE, 0x85BE, 0x85BE,
  0x85BE, 0x85BE, 0x85BE, 0x85BE, 0x85BE, 0x85BE, 0x85BE, 0x85BE, 0x85BE, 0x85BE, 0x85BE, 0x85BE,
  0x85BE, 0x85BE, 0x85BE, 0x85BE, 0x85BE, 0x85BE, 0x85BE, 0x85BE, 0x85BE, 0x85BE, 0x85BE, 0x85BE,
  0x85BE, 0x85BE, 0x85BE, 0x85BE, 0x85DD, 0x85DD, 0x85DE, 0x85DE, 0x85DE, 0x85DE, 0x85DE, 0x85DE,
  0x85DF, 0x85BE, 0x85BE, 0x85BE, 0x859E, 0x8DBE, 0x8DBE, 0x859E, 0x85DE, 0x85BE, 0x85BE, 0x85DE,
  0x85DE, 0x85BE, 0x85BE, 0x8DDE, 0x85DE, 0x85BE, 0x859D, 0x8DDE, 0x963F, 0x9E7F, 0x9E7F, 0xA69F,
  0xAEBF, 0xAEBF, 0xAEBF, 0xB6BF, 0xBEDF, 0xBEDF, 0xC6FF, 0xD75F, 0xD75F, 0xD75F, 0xD75F, 0xDF5F,
  0xDF5F, 0xDF5F, 0xDF5F, 0xDF5F, 0xD75F, 0xCF3F, 0xCEFF, 0xC6DE, 0xC6DE, 0xC6BD, 0xBE9D, 0xBE9D,
  0xCEFE, 0xD71E, 0xD71E, 0xD71E, 0xDF5E, 0xEF9F, 0xEFBF, 0xEFBF, 0xDF5F, 0xCF1E, 0xD73E, 0xDF7F,
  0xE79F, 0xE79F, 0xE7BF, 0xE79F, 0xE7BF, 0xE7DF, 0xC73F, 0xBEFE, 0xB71F, 0x9E5D, 0x85BA, 0x85BB,
  0x85DD, 0x85BE, 0x85BE, 0x85BE, 0x85BE, 0x85BE, 0x85BE, 0x85BE, 0x85BE, 0x85BE, 0x85BE, 0x85BE,
  0x85BE, 0x85BE, 0x85BE, 0x85BE, 0x85BE, 0x85BE, 0x85BE, 0x85BE, 0x85BE, 0x85BE, 0x85BE, 0x85BE,
  0x85BE, 0x85BE, 0x85BE, 0x85BE, 0x85BE, 0x85BE, 0x85BE, 0x85BE, 0x85BE, 0x85BE, 0x85BE, 0x85BE,
  0x85BE, 0x85BE, 0x85BE, 0x85BE, 0x85BE, 0x85BE, 0x85BE, 0x85BE, 0x85BE, 0x85BE, 0x85BE, 0x85BE,
  0x85DD, 0x85DD, 0x85DD, 0x85DE, 0x85DE, 0x85DE, 0x85DE, 0x85DE, 0x85DF, 0x85BF, 0x85BF, 0x85BF,
  0x85BE, 0x85BE, 0x85BE, 0x85BE, 0x85DE, 0x85BE, 0x85DE, 0x85DF, 0x85BE, 0x85BE, 0x85DE, 0x85DE,
  0x85DE, 0x85DE, 0x85BD, 0x85DD, 0x961F, 0x965F, 0x9E7F, 0xA69F, 0xAE9F, 0xAEBF, 0xAEBF, 0xB69F,
  0xBEDF, 0xBEDF, 0xC6FF, 0xCF1F, 0xD75F, 0xD75F, 0xD75F, 0xDF5F, 0xDF5F, 0xDF5F, 0xDF5F, 0xDF5F,
  0xD73F, 0xC6DF, 0xBE9D, 0xBE9D, 0xC6BE, 0xC6BE, 0xBE9D, 0xC6BD, 0xD73F, 0xE79F, 0xEFBF, 0xE79F,
  0xE79F, 0xE79F, 0xE77F, 0xDF5E, 0xCEFE, 0xC6BD, 0xBE9C, 0xCEFE, 0xE79F, 0xEFBF, 0xE79F, 0xE79F,
  0xE79F, 0xDF9F, 0xE7DF, 0xDFDF, 0xDFFF, 0xCF7F, 0xAEBD, 0xAEFF, 0x85DD, 0x85BE, 0x85BE, 0x85BE,
  0x85BE, 0x85BE, 0x85BE, 0x85BE, 0x85BE, 0x85BE, 0x85BE, 0x85BE, 0x85BE, 0x85BE, 0x85BE, 0x85BE,
  0x85BE, 0x85BE, 0x85BE, 0x85BE, 0x85BE, 0x85BE, 0x85BE, 0x85BE, 0x85BE, 0x85BE, 0x85BE, 0x85BE,
  0x85BE, 0x85BE, 0x85BE, 0x85BE, 0x85BE, 0x85BE, 0x85BE, 0x85BE, 0x85BE, 0x85BE, 0x85BE, 0x85BE,
  0x85BE, 0x85BE, 0x85BE, 0x85BE, 0x85BE, 0x85BE, 0x85BE, 0x85BE, 0x85BD, 0x85BD, 0x85BE, 0x85DE,
  0x85DE, 0x85DE, 0x85DE, 0x85DE, 0x85BE, 0x85DE, 0x85DE, 0x85BE, 0x85DF, 0x85DE, 0x85BE, 0x85DE,
  0x85BE, 0x85BE, 0x85DE, 0x85DE, 0x85BE, 0x85DF, 0x85DE, 0x7D9D, 0x85BE, 0x85DE, 0x85BD, 0x85BD,
  0x8E1F, 0x965F, 0x9E7F, 0xA69F, 0xA69F, 0xAEBF, 0xAE9F, 0xAE9F, 0xBEDF, 0xBEFF, 0xBEDF, 0xC71F,
  0xD75F, 0xD75F, 0xD75F, 0xD75F, 0xD75F, 0xDF5F, 0xDF5F, 0xDF5F, 0xC6FF, 0xC6BE, 0xBE9E, 0xBE9E,
  0xBE9E, 0xBE9D, 0xBE9D, 0xC6BD, 0xD73F, 0xE7BF, 0xDF9F, 0xE79F, 0xE77F, 0xE77F, 0xEF9F, 0xCEBD,
  0xC6BE, 0xC69E, 0xC69E, 0xCEBE, 0xD6DE, 0xD6FE, 0xDF1E, 0xDF3E, 0xEF9F, 0xE77F, 0xE77F, 0xDF7F,
  0xE7BF, 0xE7DF, 0xDFDF, 0xD7BF, 0x8DDD, 0x85BE, 0x85BE, 0x85BE, 0x85BE, 0x85BE, 0x85BE, 0x85BE,
  0x85BE, 0x85BE, 0x85BE, 0x85BE, 0x85BE, 0x85BE, 0x85BE, 0x85BE, 0x85BE, 0x85BE, 0x85BE, 0x85BE,
  0x85BE, 0x85BE, 0x85BE, 0x85BE, 0x85BE, 0x85BE, 0x85BE, 0x85BE, 0x85BE, 0x85BE, 0x85BE, 0x85BE,
  0x85BE, 0x85BE, 0x85BE, 0x85BE, 0x85BE, 0x85BE, 0x85BE, 0x85BE, 0x85BE, 0x85BE, 0x85BE, 0x85BE,
  0x85BE, 0x85BE, 0x85BE, 0x85BE, 0x85BE, 0x85BE, 0x85BE, 0x85BE, 0x85BE, 0x85BE, 0x85DE, 0x85DE,
  0x85DE, 0x85DE, 0x85DE, 0x85DE, 0x85DE, 0x85DE, 0x85DE, 0x85DE, 0x85DE, 0x85DE, 0x85DE, 0x85BE,
  0x85BE, 0x85BE, 0x85BE, 0x85BE, 0x85BE, 0x85BE, 0x85BE, 0x85DE, 0x8DFE, 0x963F, 0x9E7F, 0x9E7F,
  0xA69F, 0xAE9F, 0xAEBF, 0xAEBF, 0xB6BF, 0xBEDF, 0xBEDF, 0xBEDE, 0xCF3F, 0xD75F, 0xDF7F, 0xD75F,
  0xD75F, 0xDF7F, 0xDF5F, 0xD73F, 0xBE9E, 0xBE9D, 0xBE9D, 0xBEBE, 0xC6BE, 0xC6BE, 0xBEBE, 0xBEBD,
  0xC6DE, 0xD73F, 0xD71F, 0xE79F, 0xE7BF, 0xE79F, 0xE79F, 0xCEFE, 0xBE7D, 0xBE9E, 0xC6BF, 0xCEFF,
  0xD6FF, 0xCEBE, 0xC67C, 0xC65B, 0xDF3E, 0xEF9F, 0xEFBF, 0xE79F, 0xDF7F, 0xE79F, 0xE7BF, 0xDFBF,
  0x8DBD, 0x85BE, 0x85BE, 0x85BE, 0x85BE, 0x85BE, 0x85BE, 0x85BE, 0x85BE, 0x85BE, 0x85BE, 0x85BE,
  0x85BE, 0x85BE, 0x85BE, 0x85BE, 0x85BE, 0x85BE, 0x85BE, 0x85BE, 0x85BE, 0x85BE, 0x85BE, 0x85BE,
  0x85BE, 0x85BE, 0x85BE, 0x85BE, 0x85BE, 0x85BE, 0x85BE, 0x85BE, 0x85BE, 0x85BE, 0x85BE, 0x85BE,
  0x85BE, 0x85BE, 0x85BE, 0x85BE, 0x85BE, 0x85BE, 0x85BE, 0x85BE, 0x85BE, 0x85BE, 0x85BE, 0x85BE,
  0x85BE, 0x85BE, 0x85BE, 0x85BE, 0x85BE, 0x85BE, 0x85DE, 0x85DE, 0x85DE, 0x85DE, 0x85DE, 0x85DD,
  0x85DD, 0x85DD, 0x85DD, 0x85DD, 0x85DE, 0x85BE, 0x85BE, 0x85BE, 0x85BE, 0x85BE, 0x85BE, 0x85BE,
  0x85BE, 0x85BE, 0x85BE, 0x85BD, 0x8DFE, 0x961F, 0x9E5F, 0x9E7F, 0xA69F, 0xAE9F, 0xAE9F, 0xAE9F,
  0xB69F, 0xB6DF, 0xBEDF, 0xC6FF, 0xCF1F, 0xD75F, 0xD77F, 0xD75F, 0xD75F, 0xDF5F, 0xDF5F, 0xDF5F,
  0xCEFF, 0xC6BE, 0xBE9D, 0xBE9D, 0xBEBE, 0xBEBE, 0xBEBE, 0xBEBE, 0xBE9D, 0xBE9D, 0xBEBD, 0xD77F,
  0xDFBF, 0xDF9F, 0xDF9F, 0xCF3F, 0xC73F, 0xCF5F, 0xD79F, 0xDFDF, 0xDFDF, 0xDF7F, 0xD71F, 0xCEFE,
  0xD71E, 0xDF7F, 0xE7BF, 0xE7BF, 0xE7DF, 0xE7DF, 0xD75F, 0xBEDF, 0x8DBD, 0x85BE, 0x85BE, 0x85BE,
  0x85BE, 0x85BE, 0x85BE, 0x85BE, 0x85BE, 0x85BE, 0x85BE, 0x85BE, 0x85BE, 0x85BE, 0x85BE, 0x85BE,
  0x85BE, 0x85BE, 0x85BE, 0x85BE, 0x85BE, 0x85BE, 0x85BE, 0x85BE, 0x85BE, 0x85BE, 0x85BE, 0x85BE,
  0x85BE, 0x85BE, 0x85BE, 0x85BE, 0x85BE, 0x85BE, 0x85BE, 0x85BE, 0x85BE, 0x85BE, 0x85BE, 0x85BE,
  0x85BE, 0x85BE, 0x85BE, 0x85BE, 0x85BE, 0x85BE, 0x85BE, 0x85BE, 0x85BE, 0x85BE, 0x85BE, 0x85BE,
  0x85BE, 0x85BE, 0x85DE, 0x85DE, 0x85DE, 0x85DD, 0x85DD, 0x85DD, 0x85DD, 0x85DD, 0x85DD, 0x85DD,
  0x85DD, 0x85BE, 0x85BE, 0x85BE, 0x85BE, 0x85BE, 0x85BE, 0x85BE, 0x85BE, 0x85BE, 0x85BD, 0x85BD,
  0x85DD, 0x8DFE, 0x963F, 0x9E7F, 0xA67F, 0xAE9F, 0xAEBF, 0xAE9F, 0xAE9F, 0xB6BF, 0xBEDF, 0xC6FF,
  0xC6FF, 0xCF3F, 0xD77F, 0xD75F, 0xD75F, 0xDF5F, 0xDF5F, 0xDF5F, 0xDF5F, 0xD73F, 0xCEFF, 0xC6DE,
  0xC6DE, 0xC6DE, 0xBEBE, 0xBEBE, 0xC6FF, 0xBEDE, 0xBEBE, 0xCF3F, 0xD77F, 0xCF5F, 0xD77F, 0xCF3F,
  0xBF3F, 0xBF3F, 0xBF3F, 0xC75F, 0xC75F, 0xC73F, 0xC71F, 0xC71F, 0xCF3F, 0xCF3F, 0xC71F, 0xC71F,
  0xCF3F, 0xC71F, 0xAE3D, 0x8D5A, 0x8DBD, 0x85BE, 0x85BE, 0x85BE, 0x85BE, 0x85BE, 0x85BE, 0x85BE,
  0x85BE, 0x85BE, 0x85BE, 0x85BE, 0x85BE, 0x85BE, 0x85BE, 0x85BE, 0x85BE, 0x85BE, 0x85BE, 0x85BE,
  0x85BE, 0x85BE, 0x85BE, 0x85BE, 0x85BE, 0x85BE, 0x85BE, 0x85BE, 0x85BE, 0x85BE, 0x85BE, 0x85BE,
  0x85BE, 0x85BE, 0x85BE, 0x85BE, 0x85BE, 0x85BE, 0x85BE, 0x85BE, 0x85BE, 0x85BE, 0x85BE, 0x85BE,
  0x85BE, 0x85BE, 0x85BE, 0x85BE, 0x85BE, 0x85BE, 0x85BE, 0x85BE, 0x85BE, 0x85BE, 0x85BE, 0x85DE,
  0x85DE, 0x85DD, 0x85DD, 0x85DD, 0x85DD, 0x85DD, 0x85DD, 0x85DD, 0x85DD, 0x85BD, 0x85BD, 0x85BD,
  0x85BE, 0x85BE, 0x85BE, 0x85BE, 0x85BE, 0x85BE, 0x85BE, 0x85BD, 0x85BD, 0x8DDE, 0x961E, 0x9E5F,
  0x9E7F, 0xA69F, 0xAEBF, 0xB6BF, 0xB6BF, 0xB6BF, 0xBEDF, 0xBEDF, 0xC6DF, 0xCF1F, 0xD75F, 0xD77F,
  0xD75F, 0xDF5F, 0xDF5F, 0xDF5F, 0xD75F, 0xD75F, 0xD75F, 0xD75F, 0xD75F, 0xCF1F, 0xC6DF, 0xBEDF,
  0xB6BE, 0xB69E, 0xAE7E, 0xAE9E, 0xAE7E, 0xA65E, 0xAE5E, 0x9E3D, 0x95FC, 0x8DDC, 0x85BC, 0x859C,
  0x859C, 0x859C, 0x8D9D, 0x8DBD, 0x859C, 0x859C, 0x859B, 0x8D9C, 0x8DBD, 0x8DBD, 0x8DBE, 0x8D9D,
  0x8DBE, 0x85BE, 0x85BE, 0x85BE, 0x85BE, 0x85BE, 0x85BE, 0x85BE, 0x85BE, 0x85BE, 0x85BE, 0x85BE,
  0x85BE, 0x85BE, 0x85BE, 0x85BE, 0x85BE, 0x85BE, 0x85BE, 0x85BE, 0x85BE, 0x85BE, 0x85BE, 0x85BE,
  0x85BE, 0x85BE, 0x85BE, 0x85BE, 0x85BE, 0x85BE, 0x85BE, 0x85BE, 0x85BE, 0x85BE, 0x85BE, 0x85BE,
  0x85BE, 0x85BE, 0x85BE, 0x85BE, 0x85BE, 0x85BE, 0x85BE, 0x85BE, 0x85BE, 0x85BE, 0x85BE, 0x85BE,
  0x85BE, 0x85BE, 0x85BE, 0x85BE, 0x85BE, 0x85BE, 0x85BE, 0x85BE, 0x85BE, 0x85DE, 0x85DE, 0x85DE,
  0x85DE, 0x85DE, 0x85DE, 0x85DE, 0x85DD, 0x85DD, 0x85BD, 0x85BD, 0x85BE, 0x85BE, 0x85BE, 0x85BE,
  0x85BE, 0x85BE, 0x85DE, 0x85DE, 0x85BD, 0x85BE, 0x8E1F, 0x9E5F, 0x9E5F, 0xA67F, 0xAE9F, 0xAEBF,
  0xAEBF, 0xB6BF, 0xB6DF, 0xBEDF, 0xBEDF, 0xCF1F, 0xD75F, 0xD77F, 0xDF5F, 0xDF5F, 0xDF5F, 0xDF5F,
  0xDF5F, 0xD75F, 0xDF5F, 0xD75F, 0xCF3F, 0xC6FF, 0xBEDF, 0xBEDF, 0xB6BF, 0xB6BF, 0xB6DF, 0xAEBF,
  0xA67F, 0xA67F, 0xA65E, 0x961D, 0x8DDD, 0x85DD, 0x85BD, 0x85DE, 0x85BE, 0x85BF, 0x85BF, 0x85BE,
  0x8DFF, 0x85DE, 0x8DDE, 0x8DDE, 0x85BE, 0x859D, 0x85BE, 0x8DFF, 0x85DE, 0x85BE, 0x85BE, 0x85BE,
  0x85BE, 0x85BE, 0x85BE, 0x85BE, 0x85BE, 0x85BE, 0x85BE, 0x85BE, 0x85BE, 0x85BE, 0x85BE, 0x85BE,
  0x85BE, 0x85BE, 0x85BE, 0x85BE, 0x85BE, 0x85BE, 0x85BE, 0x85BE, 0x85BE, 0x85BE, 0x85BE, 0x85BE,
  0x85BE, 0x85BE, 0x85BE, 0x85BE, 0x85BE, 0x85BE, 0x85BE, 0x85BE, 0x85BE, 0x85BE, 0x85BE, 0x85BE,
  0x85BE, 0x85BE, 0x85BE, 0x85BE, 0x85BE, 0x85BE, 0x85BE, 0x85BE, 0x85BE, 0x85BE, 0x85BE, 0x85BE,
  0x85BE, 0x85BE, 0x85BE, 0x85BE, 0x85BE, 0x85BE, 0x85BE, 0x85BE, 0x85BE, 0x85BE, 0x85BE, 0x85DE,
  0x85DD, 0x85DD, 0x85DD, 0x85BE, 0x85BE, 0x85BE, 0x85BE, 0x85BE, 0x85DE, 0x85BE, 0x85DE, 0x85DE,
  0x85BE, 0x85BE, 0x8DFF, 0x963F, 0xA67F, 0xA67F, 0xA67F, 0xAE9F, 0xAE9F, 0xAE9F, 0xB6BF, 0xBEDF,
  0xBEDF, 0xC6FF, 0xD73F, 0xD75F, 0xDF5F, 0xDF5F, 0xDF5F, 0xDF5F, 0xDF7F, 0xDF5F, 0xD75F, 0xD73F,
  0xC6FF, 0xBEBE, 0xBEBF, 0xBEDF, 0xAE9F, 0xAE9F, 0xAEBF, 0xAEBF, 0xA69F, 0xA69F, 0x9E5F, 0x961E,
  0x859C, 0x859C, 0x859D, 0x8DBE, 0x8DDF, 0x85BF, 0x85BF, 0x85BE, 0x7DBE, 0x7DBD, 0x85DD, 0x85DD,
  0x85DD, 0x85DE, 0x85DE, 0x85BE, 0x85DE, 0x85BE, 0x85BE, 0x85BE, 0x85BE, 0x85BE, 0x85BE, 0x85BE,
  0x85BE, 0x85BE, 0x85BE, 0x85BE, 0x85BE, 0x85BE, 0x85BE, 0x85BE, 0x85BE, 0x85BE, 0x85BE, 0x85BE,
  0x85BE, 0x85BE, 0x85BE, 0x85BE, 0x85BE, 0x85BE, 0x85BE, 0x85BE, 0x85BE, 0x85BE, 0x85BE, 0x85BE,
  0x85BE, 0x85BE, 0x85BE, 0x85BE, 0x85BE, 0x85BE, 0x85BE, 0x85BE, 0x85BE, 0x85BE, 0x85BE, 0x85BE,
  0x85BE, 0x85BE, 0x85BE, 0x85BE, 0x85BE, 0x85DE, 0x85DE, 0x85BE, 0x85BE, 0x85BE, 0x85BE, 0x85BE,
  0x85BE, 0x85BE, 0x85BE, 0x85BF, 0x85BF, 0x85BF, 0x85BF, 0x85BE, 0x85DE, 0x85DD, 0x85DE, 0x85DE,
  0x85DE, 0x85DE, 0x85DE, 0x85BE, 0x85DE, 0x85BE, 0x85BE, 0x85DE, 0x85BE, 0x85BE, 0x85DF, 0x961F,
  0x9E5F, 0xA65F, 0xA67F, 0xAEBF, 0xB6DF, 0xB6BF, 0xB6BF, 0xBEDF, 0xBEDF, 0xC6FF, 0xCF3F, 0xD75F,
  0xDF5F, 0xDF5F, 0xDF5F, 0xDF5F, 0xD73F, 0xD75F, 0xDF7F, 0xD75F, 0xCF1F, 0xBEDF, 0xBEDF, 0xBEDF,
  0xB6DF, 0xAE9F, 0xAE9F, 0xAEBF, 0xA69F, 0x9E7F, 0x961F, 0x8DFE, 0x8DBD, 0x8DBD, 0x8D9D, 0x8DBE,
  0x85BE, 0x85BF, 0x85BF, 0x85BE, 0x85BE, 0x85DE, 0x85FE, 0x7DBD, 0x7DBD, 0x85DD, 0x85DE, 0x85BD,
  0x85DE, 0x85BE, 0x85BE, 0x85BE, 0x85BE, 0x85BE, 0x85BE, 0x85BE, 0x85BE, 0x85BE, 0x85BE, 0x85BE,
  0x85BE, 0x85BE, 0x85BE, 0x85BE, 0x85BE, 0x85BE, 0x85BE, 0x85BE, 0x85BE, 0x85BE, 0x85BE, 0x85BE,
  0x85BE, 0x85BE, 0x85BE, 0x85BE, 0x85BE, 0x85BE, 0x85BE, 0x85BE, 0x85BE, 0x85BE, 0x85BE, 0x85BE,
  0x85BE, 0x85BE, 0x85BE, 0x85BE, 0x85BE, 0x85BE, 0x85BE, 0x85BE, 0x85BE, 0x85BE, 0x85BE, 0x85BE,
  0x85DE, 0x85DE, 0x85DE, 0x85BE, 0x85BE, 0x85BE, 0x85BE, 0x85BE, 0x85BE, 0x85BE, 0x85BE, 0x85BF,
  0x85BF, 0x85BF, 0x85BF, 0x85BE, 0x85DE, 0x85DD, 0x85DE, 0x85DE, 0x85DE, 0x85DE, 0x85DE, 0x85BE,
  0x85BE, 0x85BE, 0x85BE, 0x85DE, 0x85BE, 0x85BE, 0x85DE, 0x961F, 0x9E3F, 0x9E5F, 0xAE9F, 0xB6FF,
  0xBF1F, 0xBEFF, 0xB6DF, 0xBEBF, 0xBEDF, 0xC6FF, 0xCF1F, 0xD75F, 0xDF7F, 0xDF5F, 0xDF5F, 0xDF5F,
  0xDF5F, 0xD73F, 0xDF7F, 0xCF3F, 0xBEDF, 0xC6FF, 0xBEDF, 0xB6BF, 0xB6BF, 0xAE9F, 0xB6BF, 0xA67F,
  0xA69F, 0x9E5F, 0x963F, 0x8DDE, 0x85BE, 0x85BE, 0x85BE, 0x85BE, 0x85BE, 0x85BE, 0x85BE, 0x85BE,
  0x85DE, 0x85DE, 0x85DE, 0x85DE, 0x85DE, 0x85DE, 0x85DE, 0x85BE, 0x85BE, 0x85BE, 0x85BE, 0x85BE,
  0x85BE, 0x85BE, 0x85BE, 0x85BE, 0x85BE, 0x85BE, 0x85BE, 0x85BE, 0x85BE, 0x85BE, 0x85BE, 0x85BE,
  0x85BE, 0x85BE, 0x85BE, 0x85BE, 0x85BE, 0x85BE, 0x85BE, 0x85BE, 0x85BE, 0x85BE, 0x85BE, 0x85BE,
  0x85BE, 0x85BE, 0x85BE, 0x85BE, 0x85BE, 0x85BE, 0x85BE, 0x85BE, 0x85BE, 0x85BE, 0x85BE, 0x85BE,
  0x85BE, 0x85BE, 0x85BE, 0x85BE, 0x85BE, 0x85BE, 0x85BE, 0x85BE, 0x85BE, 0x85BE, 0x85BE, 0x85BE,
  0x85BE, 0x85BE, 0x85BE, 0x85BE, 0x85BE, 0x85BE, 0x85BE, 0x85BE, 0x85BE, 0x85BE, 0x85BE, 0x85BE,
  0x85DE, 0x85DD, 0x85DE, 0x85DE, 0x85DE, 0x85DE, 0x85BE, 0x85BE, 0x85DE, 0x859E, 0x85BE, 0x8DDE,
  0x85DE, 0x8DDE, 0x8DDE, 0x8DDD, 0x9E3F, 0xA65E, 0xB6DF, 0xBEFF, 0xBEFF, 0xC6FF, 0xBEDF, 0xC71F,
  0xC6DF, 0xBEBE, 0xC71F, 0xD75F, 0xD77F, 0xD75F, 0xD73F, 0xDF7F, 0xDF5F, 0xD73F, 0xD77F, 0xCF3F,
  0xBEDF, 0xBEFF, 0xBEDF, 0xB69F, 0xB69F, 0xAE9F, 0xB6BF, 0xA67F, 0xA69F, 0x9E3F, 0x961F, 0x85DE,
  0x85BE, 0x85BE, 0x85BE, 0x85BE, 0x85BE, 0x85BE, 0x85BE, 0x85BE, 0x85BE, 0x85BE, 0x85BE, 0x85BE,
  0x85BE, 0x85BE, 0x85BE, 0x85BE, 0x85BE, 0x85BE, 0x85BE, 0x85BE, 0x85BE, 0x85BE, 0x85BE, 0x85BE,
  0x85BE, 0x85BE, 0x85BE, 0x85BE, 0x85BE, 0x85BE, 0x85BE, 0x85BE, 0x85BE, 0x85BE, 0x85BE, 0x85BE,
  0x85BE, 0x85BE, 0x85BE, 0x85BE, 0x85BE, 0x85BE, 0x85BE, 0x85BE, 0x85BE, 0x85BE, 0x85BE, 0x85BE,
  0x85BE, 0x85BE, 0x85BE, 0x85BE, 0x85BE, 0x85BE, 0x85BE, 0x85BE, 0x85BE, 0x85BE, 0x85BE, 0x85BE,
  0x85BE, 0x85BE, 0x85BE, 0x85BE, 0x85BE, 0x85BE, 0x85BE, 0x85BE, 0x85BE, 0x85BE, 0x85BE, 0x85BE,
  0x85BE, 0x85BE, 0x85BE, 0x85BE, 0x85BE, 0x85BE, 0x85BE, 0x85BE, 0x85DE, 0x85DE, 0x85DE, 0x85DE,
  0x85DE, 0x85BE, 0x85BE, 0x85BE, 0x85DF, 0x85DE, 0x8DDE, 0x8DDE, 0x85BD, 0x859D, 0x8DBD, 0x8DBD,
  0xA67F, 0xB6DF, 0xB6BF, 0xBF1F, 0xB69E, 0xB67D, 0xDF9F, 0xBEBE, 0xBEBE, 0xBEBE, 0xCF1F, 0xD77F,
  0xD77F, 0xD77F, 0xD75F, 0xD75F, 0xDF5F, 0xD75F, 0xD77F, 0xCF3F, 0xBEDF, 0xBEFF, 0xB6BF, 0xB69F,
  0xB69F, 0xAE9F, 0xAEBF, 0xA67F, 0xA67F, 0x963F, 0x8E1F, 0x85DE, 0x85BE, 0x85BE, 0x85BE, 0x85BE,
  0x85BE, 0x85BE, 0x85BE, 0x85BE, 0x85BE, 0x85BE, 0x85BE, 0x85BE, 0x85BE, 0x85BE, 0x85BE, 0x85BE,
  0x85BE, 0x85BE, 0x85BE, 0x85BE, 0x85BE, 0x85BE, 0x85BE, 0x85BE, 0x85BE, 0x85BE, 0x85BE, 0x85BE,
  0x85BE, 0x85BE, 0x85BE, 0x85BE, 0x85BE, 0x85BE, 0x85BE, 0x85BE, 0x85BE, 0x85BE, 0x85BE, 0x85BE,
  0x85BE, 0x85BE, 0x85BE, 0x85BE, 0x85BE, 0x85BE, 0x85BE, 0x85BE, 0x85BE, 0x85BE, 0x85BE, 0x85BE,
  0x85BE, 0x85BE, 0x85BE, 0x85BE, 0x85BE, 0x85BE, 0x85BE, 0x85BE, 0x85BE, 0x85BE, 0x85BE, 0x85BE,
  0x85BE, 0x85BE, 0x85BE, 0x85BE, 0x85BE, 0x85BE, 0x85BE, 0x85BE, 0x85BE, 0x85BE, 0x85BE, 0x85BE,
  0x85BE, 0x85BE, 0x85BE, 0x85BE, 0x85DE, 0x85DE, 0x85DE, 0x85BE, 0x85BE, 0x85BE, 0x85BE, 0x85BE,
  0x85BE, 0x85BE, 0x8DDE, 0x85BD, 0x85BD, 0x8DDD, 0x961E, 0x9E3F, 0xAEDF, 0xAE9F, 0xAE9E, 0xB6BE,
  0xBEBD, 0xA5FA, 0x9DB8, 0xCF5F, 0xCF3F, 0xC6DF, 0xC6DE, 0xCF3F, 0xD77F, 0xDF9F, 0xDF7F, 0xD75F,
  0xDF7F, 0xD75F, 0xD77F, 0xCF1F, 0xBEDF, 0xBEFF, 0xB6BF, 0xB6BF, 0xB69F, 0xAE9F, 0xAE9F, 0xA67F,
  0xA65F, 0x963F, 0x8DFE, 0x85BE, 0x85BE, 0x85BE, 0x85BE, 0x85BE, 0x85BE, 0x85BE, 0x85BE, 0x85BE,
  0x85BE, 0x85BE, 0x85BE, 0x85BE, 0x85BE, 0x85BE, 0x85BE, 0x85BE, 0x85BE, 0x85BE, 0x85BE, 0x85BE,
  0x85BE, 0x85BE, 0x85BE, 0x85BE, 0x85BE, 0x85BE, 0x85BE, 0x85BE, 0x85BE, 0x85BE, 0x85BE, 0x85BE,
  0x85BE, 0x85BE, 0x85BE, 0x85BE, 0x85BE, 0x85BE, 0x85BE, 0x85BE, 0x85BE, 0x85BE, 0x85BE, 0x85BE,
  0x85BE, 0x85BE, 0x85BE, 0x85BE, 0x85BE, 0x85BE, 0x85BE, 0x85BE, 0x85BE, 0x85BE, 0x85BE, 0x85BE,
  0x85BE, 0x85BE, 0x85BE, 0x85BE, 0x85BE, 0x85BE, 0x85BE, 0x85BE, 0x85BE, 0x85BE, 0x85BE, 0x85BE,
  0x85BE, 0x85BE, 0x85BE, 0x85BE, 0x85BE, 0x85BE, 0x85BE, 0x85BE, 0x85BE, 0x85BE, 0x85BE, 0x85BE,
  0x85DE, 0x85DE, 0x85BE, 0x85BE, 0x85BE, 0x85BE, 0x85BE, 0x85BE, 0x85BE, 0x8DBE, 0x85BD, 0x85BD,
  0x8DFE, 0x9E3F, 0xA67F, 0xAEBF, 0xA65F, 0xAE9F, 0xB6DF, 0xAE5C, 0xBEFD, 0x4B2D, 0x5BAE, 0xCF3D,
  0xC6DD, 0xC6DE, 0xCEFF, 0xD75F, 0xD75F, 0xD73F, 0xDF7F, 0xDF7F, 0xDF7F, 0xD77F, 0xD75F, 0xC71F,
  0xBEDF, 0xBEFF, 0xB6BF, 0xB6BF, 0xB69F, 0xAE9F, 0xAE7F, 0xA67F, 0x9E5F, 0x961F, 0x8DDE, 0x85BE,
  0x85BE, 0x85BE, 0x85BE, 0x85BE, 0x85BE, 0x85BE, 0x85BE, 0x85BE, 0x85BE, 0x85BE, 0x85BE, 0x85BE,
  0x85BE, 0x85BE, 0x85BE, 0x85BE, 0x85BE, 0x85BE, 0x85BE, 0x85BE, 0x85BE, 0x85BE, 0x85BE, 0x85BE,
  0x85BE, 0x85BE, 0x85BE, 0x85BE, 0x85BE, 0x85BE, 0x85BE, 0x85BE, 0x85BE, 0x85BE, 0x85BE, 0x85BE,
  0x85BE, 0x85BE, 0x85BE, 0x85BE, 0x85BE, 0x85BE, 0x85BE, 0x85BE, 0x85BE, 0x85BE, 0x85BE, 0x85BE,
  0x85BE, 0x85BE, 0x85BE, 0x85BE, 0x85BE, 0x85BE, 0x85BE, 0x85BE, 0x85BE, 0x85BE, 0x85BE, 0x85BE,
  0x85BE, 0x85BE, 0x85BE, 0x85BE, 0x85BE, 0x85BE, 0x85BE, 0x85BE, 0x85BE, 0x85BE, 0x85BE, 0x85BE,
  0x85BE, 0x85BE, 0x85BE, 0x85BE, 0x85BE, 0x85BE, 0x85BE, 0x85BE, 0x85BE, 0x85BE, 0x85BE, 0x85BE,
  0x85BE, 0x85BE, 0x85BE, 0x85BE, 0x8DDE, 0x8DDE, 0x85BD, 0x8DDD, 0x9E3F, 0xA67F, 0xA67F, 0xA67F,
  0xA63E, 0xAE7E, 0xB6BF, 0xBEDE, 0xC6FC, 0x6C50, 0x63EE, 0xCF1B, 0xD77F, 0xD77F, 0xCF1F, 0xD75F,
  0xDF9F, 0xD75F, 0xDF5F, 0xDF5F, 0xD75F, 0xD77F, 0xD75F, 0xC6FF, 0xBEDF, 0xBEFF, 0xAE9F, 0xB6BF,
  0xB6BF, 0xAE9F, 0xA67F, 0xA67F, 0x9E3F, 0x961F, 0x85DE, 0x85BE, 0x85DE, 0x85BE, 0x85BE, 0x85BE,
  0x85BE, 0x85BE, 0x85BE, 0x85BE, 0x85BE, 0x85BE, 0x85BE, 0x85BE, 0x85BE, 0x85BE, 0x85BE, 0x85BE,
  0x85BE, 0x85BE, 0x85BE, 0x85BE, 0x85BE, 0x85BE, 0x85BE, 0x85BE, 0x85BE, 0x85BE, 0x85BE, 0x85BE,
  0x85BE, 0x85BE, 0x85BE, 0x85BE, 0x85BE, 0x85BE, 0x85BE, 0x85BE, 0x85BE, 0x85BE, 0x85BE, 0x85BE,
  0x85BE, 0x85BE, 0x85BE, 0x85BE, 0x85BE, 0x85BE, 0x85BE, 0x85BE, 0x85BE, 0x85BE, 0x85BE, 0x85BE,
  0x85BE, 0x85BE, 0x85BE, 0x85BE, 0x85BE, 0x85BE, 0x85BE, 0x85BE, 0x85BE, 0x85BE, 0x85BE, 0x85BE,
  0x85BE, 0x85BE, 0x85BE, 0x85BE, 0x85BE, 0x85BE, 0x85BE, 0x85BE, 0x85BE, 0x85BE, 0x85BE, 0x85BE,
  0x85BE, 0x85BE, 0x85BE, 0x85BE, 0x85BE, 0x85BE, 0x85BE, 0x85BE, 0x85BE, 0x85BE, 0x85BE, 0x85BE,
  0x85BD, 0x8DBD, 0x85BD, 0x95FD, 0xA69F, 0xA67F, 0x9E1D, 0x9E1D, 0xAE9E, 0xAE5E, 0xB6BF, 0xC6FF,
  0xD77D, 0xAE56, 0x746E, 0xCF3A, 0xAE38, 0xCF3E, 0xCF1F, 0xD73F, 0xDFBF, 0xDF9F, 0xDF7F, 0xDF5F,
  0xD75F, 0xD77F, 0xCF3F, 0xBEDE, 0xBEDF, 0xBEFF, 0xAE9F, 0xB6BF, 0xB6BF, 0xAE9F, 0xA65F, 0xA69F,
  0x9E3F, 0x961F, 0x85DE, 0x85BE, 0x85DE, 0x85BE, 0x85BE, 0x85BE, 0x85BE, 0x85BE, 0x85BE, 0x85BE,
  0x85BE, 0x85BE, 0x85BE, 0x85BE, 0x85BE, 0x85BE, 0x85BE, 0x85BE, 0x85BE, 0x85BE, 0x85BE, 0x85BE,
  0x85BE, 0x85BE, 0x85BE, 0x85BE, 0x85BE, 0x85BE, 0x85BE, 0x85BE, 0x85BE, 0x85BE, 0x85BE, 0x85BE,
  0x85BE, 0x85BE, 0x85BE, 0x85BE, 0x85BE, 0x85BE, 0x85BE, 0x85BE, 0x85BE, 0x85BE, 0x85BE, 0x85BE,
  0x85BE, 0x85BE, 0x85BE, 0x85BE, 0x85BE, 0x85BE, 0x85BE, 0x85BE, 0x85BE, 0x85BE, 0x85BE, 0x85BE,
  0x85BE, 0x85BE, 0x85BE, 0x85BE, 0x85BE, 0x85BE, 0x85BE, 0x85BE, 0x85BE, 0x85BE, 0x85BE, 0x85BE,
  0x85BE, 0x85BE, 0x85BE, 0x85BE, 0x85BE, 0x85BE, 0x85BE, 0x85BE, 0x85BE, 0x85BE, 0x85BE, 0x85BE,
  0x85BE, 0x85BE, 0x85BE, 0x85BE, 0x85BE, 0x85BE, 0x85BE, 0x85BE, 0x859D, 0x85BD, 0x8DBC, 0x961D,
  0xA69F, 0xA65E, 0x9E1D, 0xA65E, 0xA67E, 0xBEFF, 0xC71F, 0xBEDE, 0xC71A, 0x538A, 0x63EB, 0x8D51,
  0x3AA9, 0xAE19, 0xD75F, 0xDF5F, 0xDF9F, 0xD75E, 0xDF7F, 0xE77F, 0xD77F, 0xD77F, 0xCF3F, 0xBEDE,
  0xBEFF, 0xBEFF, 0xAE9F, 0xB6BF, 0xB6BF, 0xAE9F, 0xA65F, 0xA69F, 0x9E3F, 0x961F, 0x85DE, 0x85DE,
  0x85DE, 0x85BE, 0x85BE, 0x85BE, 0x85BE, 0x85BE, 0x85BE, 0x85BE, 0x85BE, 0x85BE, 0x85BE, 0x85BE,
  0x85BE, 0x85BE, 0x85BE, 0x85BE, 0x85BE, 0x85BE, 0x85BE, 0x85BE, 0x85BE, 0x85BE, 0x85BE, 0x85BE,
  0x85BE, 0x85BE, 0x85BE, 0x85BE, 0x85BE, 0x85BE, 0x85BE, 0x85BE, 0x85BE, 0x85BE, 0x85BE, 0x85BE,
  0x85BE, 0x85BE, 0x85BE, 0x85BE, 0x85BE, 0x85BE, 0x85BE, 0x85BE, 0x85BE, 0x85BE, 0x85BE, 0x85BE,
  0x85BE, 0x85BE, 0x85BE, 0x85BE, 0x85BE, 0x85BE, 0x85BE, 0x85BE, 0x85BE, 0x85BE, 0x85BE, 0x85BE,
  0x85BE, 0x85BE, 0x85BE, 0x85BE, 0x85BE, 0x85BE, 0x85BE, 0x85BE, 0x85BE, 0x85BE, 0x85BE, 0x85BE,
  0x85BE, 0x85BE, 0x85BE, 0x85BE, 0x85BE, 0x85BE, 0x85BE, 0x85BE, 0x85BE, 0x85BE, 0x85BE, 0x85BE,
  0x85BE, 0x85BE, 0x85BE, 0x85BD, 0x85BD, 0x8DDD, 0x8DBC, 0x95FD, 0xA67E, 0x9E3E, 0x9E3D, 0xB6BF,
  0xB6DF, 0xB6BF, 0xB69F, 0xCF3F, 0x74B1, 0x4307, 0x42E6, 0x4B28, 0x42E9, 0xBE9A, 0xDF7F, 0xCEFF,
  0xDF9F, 0xE7BF, 0xE79F, 0xD73F, 0xD75F, 0xD77F, 0xCF3F, 0xC6FF, 0xBEDF, 0xBEDF, 0xB6BF, 0xB6BF,
  0xAEBF, 0xAE9F, 0xA67F, 0xA67F, 0x963F, 0x8DDE, 0x85BE, 0x85DE, 0x85DE, 0x85BE, 0x85BE, 0x85BE,
  0x85BE, 0x85BE, 0x85BE, 0x85BE, 0x85BE, 0x85BE, 0x85BE, 0x85BE, 0x85BE, 0x85BE, 0x85BE, 0x85BE,
  0x85BE, 0x85BE, 0x85BE, 0x85BE, 0x85BE, 0x85BE, 0x85BE, 0x85BE, 0x85BE, 0x85BE, 0x85BE, 0x85BE,
  0x85BE, 0x85BE, 0x85BE, 0x85BE, 0x85BE, 0x85BE, 0x85BE, 0x85BE, 0x85BE, 0x85BE, 0x85BE, 0x85BE,
  0x85BE, 0x85BE, 0x85BE, 0x85BE, 0x85BE, 0x85BE, 0x85BE, 0x85BE, 0x85BE, 0x85BE, 0x85BE, 0x85BE,
  0x85BE, 0x85BE, 0x85BE, 0x85BE, 0x85BE, 0x85BE, 0x85BE, 0x85BE, 0x85BE, 0x85BE, 0x85BE, 0x85BE,
  0x85BE, 0x85BE, 0x85BE, 0x85BE, 0x85BE, 0x85BE, 0x85BE, 0x85BE, 0x85BE, 0x85BE, 0x85BE, 0x85BE,
  0x85BE, 0x85BE, 0x85BE, 0x85BE, 0x85BE, 0x85BE, 0x85BE, 0x85BE, 0x85DE, 0x85DE, 0x85DE, 0x8DDD,
  0x8DDE, 0x8DFE, 0x961E, 0x9E3E, 0x9E3E, 0x9E5E, 0xA65E, 0xA67E, 0xA67E, 0xAE9F, 0xB6BF, 0xC71F,
  0x7CD2, 0x3AA6, 0x5367, 0x3AA5, 0x8D32, 0xDFBE, 0xD73F, 0xCF1F, 0xDF9F, 0xDF5F, 0xDF7F, 0xDF5F,
  0xD75F, 0xD77F, 0xCF3F, 0xC6FF, 0xBEDF, 0xB6DF, 0xB6BF, 0xB6BF, 0xAEBF, 0xAE9F, 0xA67F, 0xA67F,
  0x963F, 0x8DDE, 0x85BE, 0x85DE, 0x85DE, 0x85BE, 0x85BE, 0x85BE, 0x85BE, 0x85BE, 0x85BE, 0x85BE,
  0x85BE, 0x85BE, 0x85BE, 0x85BE, 0x85BE, 0x85BE, 0x85BE, 0x85BE, 0x85BE, 0x85BE, 0x85BE, 0x85BE,
  0x85BE, 0x85BE, 0x85BE, 0x85BE, 0x85BE, 0x85BE, 0x85BE, 0x85BE, 0x85BE, 0x85BE, 0x85BE, 0x85BE,
  0x85BE, 0x85BE, 0x85BE, 0x85BE, 0x85BE, 0x85BE, 0x85BE, 0x85BE, 0x85BE, 0x85BE, 0x85BE, 0x85BE,
  0x85BE, 0x85BE, 0x85BE, 0x85BE, 0x85BE, 0x85BE, 0x85BE, 0x85BE, 0x85BE, 0x85BE, 0x85BE, 0x85BE,
  0x85BE, 0x85BE, 0x85BE, 0x85BE, 0x85BE, 0x85BE, 0x85BE, 0x85BE, 0x85BE, 0x85BE, 0x85BE, 0x85BE,
  0x85BE, 0x85BE, 0x85BE, 0x85BE, 0x85BE, 0x85BE, 0x85BE, 0x85BE, 0x85BE, 0x85BE, 0x85BE, 0x85BE,
  0x85BE, 0x85BE, 0x85BE, 0x85BE, 0x85BE, 0x85DE, 0x85DE, 0x8DDD, 0xA69F, 0xA67F, 0x9E5F, 0x9E3E,
  0x9E3E, 0x9E3E, 0x9E5E, 0xA65E, 0x9E5D, 0xA67E, 0xAE7F, 0xAE7E, 0xAE5A, 0x63EC, 0x3AC5, 0x3AE5,
  0x9593, 0xCF1C, 0xCF1D, 0xCF1E, 0xD75F, 0xD75F, 0xE79F, 0xDF5F, 0xD75F, 0xD75F, 0xCF3F, 0xBEDF,
  0xBEDF, 0xB6DF, 0xB6BF, 0xAEBF, 0xAEBF, 0xAE9F, 0xA67F, 0xA67F, 0x963F, 0x8DDE, 0x85BE, 0x85DE,
  0x85DE, 0x85BE, 0x85BE, 0x85BE, 0x85BE, 0x85BE, 0x85BE, 0x85BE, 0x85BE, 0x85BE, 0x85BE, 0x85BE,
  0x85BE, 0x85BE, 0x85BE, 0x85BE, 0x85BE, 0x85BE, 0x85BE, 0x85BE, 0x85BE, 0x85BE, 0x85BE, 0x85BE,
  0x85BE, 0x85BE, 0x85BE, 0x85BE, 0x85BE, 0x85BE, 0x85BE, 0x85BE, 0x85BE, 0x85BE, 0x85BE, 0x85BE,
  0x85BE, 0x85BE, 0x85BE, 0x85BE, 0x85BE, 0x85BE, 0x85BE, 0x85BE, 0x85BE, 0x85BE, 0x85BE, 0x85BE,
  0x85BE, 0x85BE, 0x85BE, 0x85BE, 0x85BE, 0x85BE, 0x85BE, 0x85BE, 0x85BE, 0x85BE, 0x85BE, 0x85BE,
  0x85BE, 0x85BE, 0x85BE, 0x85BE, 0x85BE, 0x85BE, 0x85BE, 0x85BE, 0x85BE, 0x85BE, 0x85BE, 0x85BE,
  0x85BE, 0x85BE, 0x85BE, 0x85BE, 0x85BE, 0x85BE, 0x85BE, 0x85BE, 0x85BE, 0x85BE, 0x85BE, 0x85BE,
  0x85BE, 0x85DE, 0x85DE, 0x85DD, 0xA69F, 0x9E7F, 0x963E, 0x961E, 0x961E, 0x961E, 0x9E1E, 0x9E1E,
  0x961D, 0x9E3E, 0xAE9F, 0xAE5E, 0xC6FE, 0x9DD6, 0x4B47, 0x3AE5, 0x8D32, 0xD75D, 0xD77E, 0xD73D,
  0xD75F, 0xDF5F, 0xDF7F, 0xD73F, 0xD75F, 0xD75F, 0xCF1F, 0xBEDF, 0xBEDF, 0xB6BF, 0xAE9F, 0xAEBF,
  0xAEBF, 0xAE9F, 0xA67F, 0xA67F, 0x961F, 0x8DDE, 0x85BE, 0x85DE, 0x85DE, 0x85BE, 0x85BE, 0x85BE,
  0x85BE, 0x85BE, 0x85BE, 0x85BE, 0x85BE, 0x85BE, 0x85BE, 0x85BE, 0x85BE, 0x85BE, 0x85BE, 0x85BE,
  0x85BE, 0x85BE, 0x85BE, 0x85BE, 0x85BE, 0x85BE, 0x85BE, 0x85BE, 0x85BE, 0x85BE, 0x85BE, 0x85BE,
  0x85BE, 0x85BE, 0x85BE, 0x85BE, 0x85BE, 0x85BE, 0x85BE, 0x85BE, 0x85BE, 0x85BE, 0x85BE, 0x85BE,
  0x85BE, 0x85BE, 0x85BE, 0x85BE, 0x85BE, 0x85BE, 0x85BE, 0x85BE, 0x85BE, 0x85BE, 0x85BE, 0x85BE,
  0x85BE, 0x85BE, 0x85BE, 0x85BE, 0x85BE, 0x85BE, 0x85BE, 0x85BE, 0x85BE, 0x85BE, 0x85BE, 0x85BE,
  0x85BE, 0x85BE, 0x85BE, 0x85BE, 0x85BE, 0x85BE, 0x85BE, 0x85BE, 0x85BE, 0x85BE, 0x85BE, 0x85BE,
  0x85BE, 0x85BE, 0x85BE, 0x85BE, 0x85BE, 0x85BE, 0x85BE, 0x85BE, 0x85BE, 0x85BE, 0x85DE, 0x85DD,
  0x8DDE, 0x8DDD, 0x8DDD, 0x8DDD, 0x8DDD, 0x8DDD, 0x8DDD, 0x8DDD, 0x8DFD, 0x9E5F, 0xAE9F, 0xAE7F,
  0xB6BE, 0xBEBB, 0x5389, 0x3AE5, 0x536B, 0xC6FB, 0xC6FB, 0xC6DB, 0xD71F, 0xDF7F, 0xD75F, 0xDF7F,
  0xD77F, 0xD75F, 0xC71F, 0xBEDF, 0xBEDF, 0xB6BF, 0xAE9F, 0xAEBF, 0xAEBF, 0xAE9F, 0xA67F, 0xA67F,
  0x961F, 0x8DDE, 0x85BE, 0x85DE, 0x85DE, 0x85BE, 0x85BE, 0x85BE, 0x85BE, 0x85BE, 0x85BE, 0x85BE,
  0x85BE, 0x85BE, 0x85BE, 0x85BE, 0x85BE, 0x85BE, 0x85BE, 0x85BE, 0x85BE, 0x85BE, 0x85BE, 0x85BE,
  0x85BE, 0x85BE, 0x85BE, 0x85BE, 0x85BE, 0x85BE, 0x85BE, 0x85BE, 0x85BE, 0x85BE, 0x85BE, 0x85BE,
  0x85BE, 0x85BE, 0x85BE, 0x85BE, 0x85BE, 0x85BE, 0x85BE, 0x85BE, 0x85BE, 0x85BE, 0x85BE, 0x85BE,
  0x85BE, 0x85BE, 0x85BE, 0x85BE, 0x85BE, 0x85BE, 0x85BE, 0x85BE, 0x85BE, 0x85BE, 0x85BE, 0x85BE,
  0x85BE, 0x85BE, 0x85BE, 0x85BE, 0x85BE, 0x85BE, 0x85BE, 0x85BE, 0x85BE, 0x85BE, 0x85BE, 0x85BE,
  0x85BE, 0x85BE, 0x85BE, 0x85BE, 0x85BE, 0x85BE, 0x85BE, 0x85BE, 0x85BE, 0x85BE, 0x85BE, 0x85BE,
  0x85BE, 0x85BE, 0x85BE, 0x85BE, 0x85BE, 0x85BE, 0x85DD, 0x85DD, 0x85BD, 0x85BD, 0x85BD, 0x8DDE,
  0x85BD, 0x85BD, 0x859D, 0x85BD, 0x85DD, 0x9E7F, 0x95FE, 0xA63F, 0xB69F, 0xAE3A, 0x4B6A, 0x3AC6,
  0x3AC8, 0x9DB5, 0x9554, 0xC6DB, 0xD73F, 0xDF7F, 0xD73F, 0xDF7F, 0xD77F, 0xD75F, 0xC6FF, 0xBEDF,
  0xBEDF, 0xB6BF, 0xAE9F, 0xB6BF, 0xAEBF, 0xAE9F, 0xA67F, 0xA67F, 0x963F, 0x8DDE, 0x85BE, 0x85DE,
  0x85DE, 0x85BE, 0x85BE, 0x85BE, 0x85BE, 0x85BE, 0x85BE, 0x85BE, 0x85BE, 0x85BE, 0x85BE, 0x85BE,
  0x85BE, 0x85BE, 0x85BE, 0x85BE, 0x85BE, 0x85BE, 0x85BE, 0x85BE, 0x85BE, 0x85BE, 0x85BE, 0x85BE,
  0x85BE, 0x85BE, 0x85BE, 0x85BE, 0x85BE, 0x85BE, 0x85BE, 0x85BE, 0x85BE, 0x85BE, 0x85BE, 0x85BE,
  0x85BE, 0x85BE, 0x85BE, 0x85BE, 0x85BE, 0x85BE, 0x85BE, 0x85BE, 0x85BE, 0x85BE, 0x85BE, 0x85BE,
  0x85BE, 0x85BE, 0x85BE, 0x85BE, 0x85BE, 0x85BE, 0x85BE, 0x85BE, 0x85BE, 0x85BE, 0x85BE, 0x85BE,
  0x85BE, 0x85BE, 0x85BE, 0x85BE, 0x85BE, 0x85BE, 0x85BE, 0x85BE, 0x85BE, 0x85BE, 0x85BE, 0x85BE,
  0x85BE, 0x85BE, 0x85BE, 0x85BE, 0x85BE, 0x85BE, 0x85BE, 0x85BE, 0x85BE, 0x8DBE, 0x85BE, 0x85BE,
  0x85BE, 0x85BE, 0x85DE, 0x85DD, 0x85BD, 0x85DE, 0x8DDE, 0x85DE, 0x85BE, 0x859D, 0x85BE, 0x85DE,
  0x85FD, 0x8E1E, 0x961F, 0x9E3F, 0xB69F, 0xAE3C, 0x7CF2, 0x4308, 0x4B49, 0x5BCC, 0x5BCE, 0xCF1D,
  0xD73F, 0xD75F, 0xD75F, 0xD75F, 0xDF7F, 0xD75F, 0xC6FF, 0xBEDF, 0xBEFF, 0xB6BF, 0xAE9F, 0xB6BF,
  0xAEBF, 0xAE9F, 0xA67F, 0xA67F, 0x963F, 0x8DDE, 0x85BE, 0x85DE, 0x85DE, 0x85BE, 0x85BE, 0x85BE,
  0x85BE, 0x85BE, 0x85BE, 0x85BE, 0x85BE, 0x85BE, 0x85BE, 0x85BE, 0x85BE, 0x85BE, 0x85BE, 0x85BE,
  0x85BE, 0x85BE, 0x85BE, 0x85BE, 0x85BE, 0x85BE, 0x85BE, 0x85BE, 0x85BE, 0x85BE, 0x85BE, 0x85BE,
  0x85BE, 0x85BE, 0x85BE, 0x85BE, 0x85BE, 0x85BE, 0x85BE, 0x85BE, 0x85BE, 0x85BE, 0x85BE, 0x85BE,
  0x85BE, 0x85BE, 0x85BE, 0x85BE, 0x85BE, 0x85BE, 0x85BE, 0x85BE, 0x85BE, 0x85BE, 0x85BE, 0x85BE,
  0x85BE, 0x85BE, 0x85BE, 0x85BE, 0x85BE, 0x85BE, 0x85BE, 0x85BE, 0x85BE, 0x85BE, 0x85BE, 0x85BE,
  0x85BE, 0x85BE, 0x85BE, 0x85BE, 0x85BE, 0x85BE, 0x85BE, 0x85BE, 0x85BE, 0x85BE, 0x85BE, 0x85BE,
  0x85BE, 0x85BE, 0x85BE, 0x85BE, 0x8DBE, 0x8DBE, 0x8DBE, 0x85BE, 0x85BE, 0x85BE, 0x85DE, 0x85DE,
  0x85DE, 0x85DE, 0x85BE, 0x85BE, 0x85BE, 0x85BE, 0x8DDE, 0x85DE, 0x85FE, 0x85DE, 0x9E5F, 0x9E3F,
  0xAE7F, 0xBEDE, 0xBEDC, 0x642E, 0x3AE6, 0x3285, 0x5BAE, 0xC6DD, 0xCF1E, 0xDF5F, 0xDF7F, 0xDF5F,
  0xD77F, 0xD75F, 0xC6FE, 0xBEDE, 0xBEFF, 0xB6DF, 0xAE9F, 0xB6BF, 0xAEBF, 0xAE9F, 0xA67F, 0xA67F,
  0x963F, 0x8DDE, 0x85BE, 0x85DE, 0x85DE, 0x85DE, 0x85DD, 0x85DD, 0x85DD, 0x85DE, 0x85DE, 0x85BE,
  0x85BE, 0x85BE, 0x85BE, 0x85BE, 0x85BE, 0x85BE, 0x85BE, 0x85BE, 0x85BE, 0x85BE, 0x85BE, 0x85BE,
  0x85BE, 0x85BE, 0x85BE, 0x85BE, 0x85BE, 0x85BE, 0x85BE, 0x85BE, 0x85BE, 0x85BE, 0x85BE, 0x85BE,
  0x85BE, 0x85BE, 0x85BE, 0x85BE, 0x85BE, 0x85BE, 0x85BE, 0x85BE, 0x85BE, 0x85BE, 0x85BE, 0x85BE,
  0x85BE, 0x85BE, 0x85BE, 0x85BE, 0x85BE, 0x85BE, 0x85BE, 0x85BE, 0x85BE, 0x85BE, 0x85BE, 0x85BE,
  0x85BE, 0x85BE, 0x85BE, 0x85BE, 0x85BE, 0x85BE, 0x85BE, 0x85BE, 0x85BE, 0x85BE, 0x85BE, 0x85BE,
  0x85BE, 0x85BE, 0x85BE, 0x85BE, 0x85BE, 0x85BE, 0x85BE, 0x85BE, 0x85BE, 0x85BE, 0x85BE, 0x85BE,
  0x85BE, 0x8DBE, 0x85BE, 0x85BE, 0x85BE, 0x85BE, 0x85BE, 0x85DE, 0x85DE, 0x85BE, 0x85BE, 0x85BE,
  0x85DE, 0x85DE, 0x85BE, 0x85BE, 0x7DBD, 0x8E1E, 0x8DFF, 0x9E3F, 0xAE7F, 0xBEDF, 0xB6BD, 0x9575,
  0x3AC6, 0x4B48, 0x9555, 0xC6DE, 0xCF1E, 0xDF9F, 0xD75F, 0xD75F, 0xD77F, 0xD77F, 0xC6FD, 0xBEFD,
  0xBEFF, 0xB6BF, 0xB6BF, 0xAEBF, 0xAEBF, 0xA67F, 0xAEBF, 0x9E7F, 0x963F, 0x85DD, 0x85DD, 0x85DE,
  0x85DE, 0x85BD, 0x85DC, 0x85FC, 0x8E3E, 0x7DBD, 0x85DE, 0x85BE, 0x85BE, 0x85BE, 0x8DBE, 0x8DBF,
  0x85BF, 0x85BF, 0x85BE, 0x85BE, 0x85BE, 0x85BE, 0x85BE, 0x85BE, 0x85BE, 0x85BE, 0x85BE, 0x85BE,
  0x85BE, 0x85BE, 0x85BE, 0x85BE, 0x85BE, 0x85BE, 0x85BE, 0x85BE, 0x85BE, 0x85BE, 0x85BE, 0x85BE,
  0x85BE, 0x85BE, 0x85BE, 0x85BE, 0x85BE, 0x85BE, 0x85BE, 0x85BE, 0x85BE, 0x85BE, 0x85BE, 0x85BE,
  0x85BE, 0x85BE, 0x85BE, 0x85BE, 0x85BE, 0x85BE, 0x85BE, 0x85BE, 0x85BE, 0x85BE, 0x85BE, 0x85BE,
  0x85BE, 0x85BE, 0x85BE, 0x85BE, 0x85BE, 0x85BE, 0x85BE, 0x85BE, 0x85BE, 0x85BE, 0x85BE, 0x85BE,
  0x85BE, 0x85BE, 0x85BE, 0x85BE, 0x85BE, 0x85BE, 0x85BE, 0x85BE, 0x85BE, 0x85BE, 0x85BE, 0x85BE,
  0x85BE, 0x85BE, 0x85BE, 0x85BE, 0x85BE, 0x85BE, 0x85BE, 0x85BE, 0x85BE, 0x85BE, 0x85BE, 0x85DE,
  0x7DBD, 0x8DFE, 0x963F, 0x9E3F, 0xAE9F, 0xAE7E, 0xC6FE, 0x8D54, 0x3AC5, 0x4B69, 0xC6BD, 0xCEFF,
  0xCF1E, 0xD75E, 0xDF7F, 0xDF7F, 0xD77F, 0xCF5F, 0xBEFD, 0xBEFD, 0xBEFF, 0xB6BF, 0xB6BF, 0xAEBF,
  0xB6DF, 0xA69F, 0xA69F, 0x9E5F, 0x961F, 0x85DD, 0x8DFE, 0x85DD, 0x8DDD, 0x85BB, 0x85DA, 0x64D6,
  0x6D19, 0x8E1E, 0x7D9D, 0x8DFF, 0x85BE, 0x8DBE, 0x8DBE, 0x8DBF, 0x8DBF, 0x85BF, 0x85BE, 0x85BE,
  0x85BE, 0x85BE, 0x85BE, 0x85BE, 0x85BE, 0x85BE, 0x85BE, 0x85BE, 0x85BE, 0x85BE, 0x85BE, 0x85BE,
  0x85BE, 0x85BE, 0x85BE, 0x85BE, 0x85BE, 0x85BE, 0x85BE, 0x85BE, 0x85BE, 0x85BE, 0x85BE, 0x85BE,
  0x85BE, 0x85BE, 0x85BE, 0x85BE, 0x85BE, 0x85BE, 0x85BE, 0x85BE, 0x85BE, 0x85BE, 0x85BE, 0x85BE,
  0x85BE, 0x85BE, 0x85BE, 0x85BE, 0x85BE, 0x85BE, 0x85BE, 0x85BE, 0x85BE, 0x85BE, 0x85BE, 0x85BE,
  0x85BE, 0x85BE, 0x85BE, 0x85BE, 0x85BE, 0x85BE, 0x85BE, 0x85BE, 0x85BE, 0x85BE, 0x85BE, 0x85BE,
  0x85BE, 0x85BE, 0x85BE, 0x85BE, 0x85BE, 0x85BE, 0x85BE, 0x85BE, 0x85BE, 0x85BE, 0x85BE, 0x85BE,
  0x85BE, 0x85BE, 0x85BE, 0x85BE, 0x85BE, 0x85BE, 0x85BE, 0x85DE, 0x85BD, 0x8DFE, 0x961E, 0x9E3E,
  0xAE9F, 0xB6BF, 0xBEDD, 0x6C70, 0x3AE6, 0x4B49, 0xBE7C, 0xCEDF, 0xD73F, 0xDF7F, 0xDF7F, 0xD75F,
  0xD77F, 0xCF5F, 0xC6FE, 0xBEDE, 0xBEDF, 0xB6BF, 0xB6BF, 0xAEBF, 0xAEBF, 0xAE9F, 0xA67F, 0x9E7F,
  0x963F, 0x85BD, 0x85DD, 0x7539, 0x6CB5, 0x9E19, 0x64B4, 0x228D, 0x753A, 0x859D, 0x8DFF, 0x859E,
  0x85BE, 0x85BE, 0x8DBE, 0x8DBE, 0x85BF, 0x85BF, 0x85BE, 0x85DE, 0x85BE, 0x85BE, 0x85BE, 0x85BE,
  0x85BE, 0x85BE, 0x85BE, 0x85BE, 0x85BE, 0x85BE, 0x85BE, 0x85BE, 0x85BE, 0x85BE, 0x85BE, 0x85BE,
  0x85BE, 0x85BE, 0x85BE, 0x85BE, 0x85BE, 0x85BE, 0x85BE, 0x85BE, 0x85BE, 0x85BE, 0x85BE, 0x85BE,
  0x85BE, 0x85BE, 0x85BE, 0x85BE, 0x85BE, 0x85BE, 0x85BE, 0x85BE, 0x85BE, 0x85BE, 0x85BE, 0x85BE,
  0x85BE, 0x85BE, 0x85BE, 0x85BE, 0x85BE, 0x85BE, 0x85BE, 0x85BE, 0x85BE, 0x85BE, 0x85BE, 0x85BE,
  0x85BE, 0x85BE, 0x85BE, 0x85BE, 0x85BE, 0x85BE, 0x85BE, 0x85BE, 0x85BE, 0x85BE, 0x85BE, 0x85BE,
  0x85BE, 0x85BE, 0x85BE, 0x85BE, 0x85BE, 0x85BE, 0x85BE, 0x85BE, 0x85BE, 0x85BE, 0x85BE, 0x85BE,
  0x85BE, 0x85BE, 0x85BE, 0x85BE, 0x859E, 0x8DFE, 0x965F, 0x9E5F, 0xAE9F, 0xAE9E, 0x9DD8, 0x3288,
  0x4326, 0x4B68, 0xBE7B, 0xC6BF, 0xD73F, 0xDF7F, 0xD75F, 0xD75F, 0xD77F, 0xD75F, 0xC6DE, 0xBEDF,
  0xBEDF, 0xB6BF, 0xB6BF, 0xAE9F, 0xAE9F, 0xAEBF, 0xA67F, 0xA67F, 0x9E3F, 0x85BD, 0x8DDD, 0x6CD6,
  0x2A89, 0x6CB0, 0x32CC, 0x6495, 0x9E5F, 0x8DBE, 0x859E, 0x85BE, 0x85BE, 0x85BD, 0x85BD, 0x85BE,
  0x85BE, 0x85BE, 0x85DE, 0x85DE, 0x85DE, 0x85BE, 0x85BE, 0x85BE, 0x85BE, 0x85BE, 0x85BE, 0x85BE,
  0x85BE, 0x85BE, 0x85BE, 0x85BE, 0x85BE, 0x85BE, 0x85BE, 0x85BE, 0x85BE, 0x85BE, 0x85BE, 0x85BE,
  0x85BE, 0x85BE, 0x85BE, 0x85BE, 0x85BE, 0x85BE, 0x85BE, 0x85BE, 0x85BE, 0x85BE, 0x85BE, 0x85BE,
  0x85BE, 0x85BE, 0x85BE, 0x85BE, 0x85BE, 0x85BE, 0x85BE, 0x85BE, 0x85BE, 0x85BE, 0x85BE, 0x85BE,
  0x85BE, 0x85BE, 0x85BE, 0x85BE, 0x85BE, 0x85BE, 0x85BE, 0x85BE, 0x85BE, 0x85BE, 0x85BE, 0x85BE,
  0x85BE, 0x85BE, 0x85BE, 0x85BE, 0x85BE, 0x85BE, 0x85BE, 0x85BE, 0x85BE, 0x85BE, 0x85BE, 0x85BE,
  0x85BE, 0x85BE, 0x85BE, 0x85BE, 0x85BE, 0x85BE, 0x85BE, 0x85BE, 0x85BE, 0x85BE, 0x85BE, 0x85BE,
  0x8DDF, 0x8DFF, 0x963F, 0x9E3E, 0xA67F, 0xB6DE, 0xAE7A, 0x4B8C, 0x3B05, 0x5388, 0xBEBC, 0xC6BE,
  0xD73F, 0xDF9F, 0xD73F, 0xDF5F, 0xD77F, 0xD75F, 0xC6DF, 0xBEBF, 0xBEDF, 0xB6BF, 0xB6BF, 0xAE9F,
  0xAEBF, 0xAEBF, 0xA67F, 0x9E5F, 0x961F, 0x8DDD, 0x961D, 0x6CF5, 0x3AE7, 0x4327, 0x5C0F, 0x9E1B,
  0x8D9D, 0x857E, 0x859E, 0x961F, 0x85BE, 0x85DD, 0x85DD, 0x85DD, 0x85DD, 0x85DD, 0x85DD, 0x85DE,
  0x85DE, 0x85BE, 0x85BE, 0x85BE, 0x85BE, 0x85BE, 0x85BE, 0x85BE, 0x85BE, 0x85BE, 0x85BE, 0x85BE,
  0x85BE, 0x85BE, 0x85BE, 0x85BE, 0x85BE, 0x85BE, 0x85BE, 0x85BE, 0x85BE, 0x85BE, 0x85BE, 0x85BE,
  0x85BE, 0x85BE, 0x85BE, 0x85BE, 0x85BE, 0x85BE, 0x85BE, 0x85BE, 0x85BE, 0x85BE, 0x85BE, 0x85BE,
  0x85BE, 0x85BE, 0x85BE, 0x85BE, 0x85BE, 0x85BE, 0x85BE, 0x85BE, 0x85BE, 0x85BE, 0x85BE, 0x85BE,
  0x85BE, 0x85BE, 0x85BE, 0x85BE, 0x85BE, 0x85BE, 0x85BE, 0x85BE, 0x85BE, 0x85BE, 0x85BE, 0x85BE,
  0x85BE, 0x85BE, 0x85BE, 0x85BE, 0x85BE, 0x85BE, 0x85BE, 0x85BE, 0x85BE, 0x85BE, 0x85BE, 0x85BE,
  0x85BE, 0x85BE, 0x85BE, 0x85BE, 0x85BE, 0x85BE, 0x85BE, 0x85BE, 0x85DF, 0x8DFE, 0x965F, 0x9E7F,
  0xA67F, 0xB6FF, 0xBF1D, 0x8533, 0x32C5, 0x4348, 0xC6BC, 0xC6BE, 0xCF1F, 0xDF9F, 0xD73F, 0xDF7F,
  0xD77F, 0xD77F, 0xC6FF, 0xBEDF, 0xBEDF, 0xB6BF, 0xB6BF, 0xAE9F, 0xAEBF, 0xA69F, 0xA69F, 0x9E5F,
  0x9E1F, 0x8DDD, 0x8DDA, 0x5C50, 0x3B26, 0x3AE5, 0x8D74, 0x95BA, 0x959D, 0x8D9E, 0x8DDF, 0x753C,
  0x85DE, 0x85DD, 0x85DD, 0x85DD, 0x85DD, 0x85DD, 0x85DD, 0x85DD, 0x85DE, 0x85BE, 0x85BE, 0x85BE,
  0x85BE, 0x85BE, 0x85BE, 0x85BE, 0x85BE, 0x85BE, 0x85BE, 0x85BE, 0x85BE, 0x85BE, 0x85BE, 0x85BE,
  0x85BE, 0x85BE, 0x85BE, 0x85BE, 0x85BE, 0x85BE, 0x85BE, 0x85BE, 0x85BE, 0x85BE, 0x85BE, 0x85BE,
  0x85BE, 0x85BE, 0x85BE, 0x85BE, 0x85BE, 0x85BE, 0x85BE, 0x85BE, 0x85BE, 0x85BE, 0x85BE, 0x85BE,
  0x85BE, 0x85BE, 0x85BE, 0x85BE, 0x85BE, 0x85BE, 0x85BE, 0x85BE, 0x85BE, 0x85BE, 0x85BE, 0x85BE,
  0x85BE, 0x85BE, 0x85BE, 0x85BE, 0x85BE, 0x85BE, 0x85BE, 0x85BE, 0x85BE, 0x85BE, 0x85BE, 0x85BE,
  0x85BE, 0x85BE, 0x85BE, 0x85BE, 0x85BE, 0x85BE, 0x85BE, 0x85BE, 0x85BE, 0x85BE, 0x85BE, 0x85BE,
  0x85BE, 0x85BE, 0x85BE, 0x85DE, 0x85BE, 0x8DFE, 0x9E7F, 0xA6BF, 0xA69F, 0xAE9E, 0xB6BC, 0x95D6,
  0x4328, 0x4308, 0xBE9C, 0xC6DF, 0xCF1F, 0xDF9F, 0xD75F, 0xDF5F, 0xD75F, 0xDF7F, 0xCF1F, 0xC6FF,
  0xBEDF, 0xB6BF, 0xB6BF, 0xAE9F, 0xAEBF, 0xA67E, 0xAEBF, 0xA65F, 0x9E1F, 0x95FC, 0x7D36, 0x3B4A,
  0x4345, 0x4305, 0x53AE, 0x957A, 0x8D9D, 0x8DBF, 0x8DDE, 0x8E1F, 0x85DE, 0x85DE, 0x85DE, 0x85DD,
  0x85DD, 0x85DD, 0x85DD, 0x85DD, 0x85DE, 0x85BE, 0x85BE, 0x85BE, 0x85BE, 0x85BE, 0x85BE, 0x85BE,
  0x85BE, 0x85BE, 0x85BE, 0x85BE, 0x85BE, 0x85BE, 0x85BE, 0x85BE, 0x85BE, 0x85BE, 0x85BE, 0x85BE,
  0x85BE, 0x85BE, 0x85BE, 0x85BE, 0x85BE, 0x85BE, 0x85BE, 0x85BE, 0x85BE, 0x85BE, 0x85BE, 0x85BE,
  0x85BE, 0x85BE, 0x85BE, 0x85BE, 0x85BE, 0x85BE, 0x85BE, 0x85BE, 0x85BE, 0x85BE, 0x85BE, 0x85BE,
  0x85BE, 0x85BE, 0x85BE, 0x85BE, 0x85BE, 0x85BE, 0x85BE, 0x85BE, 0x85BE, 0x85BE, 0x85BE, 0x85BE,
  0x85BE, 0x85BE, 0x85BE, 0x85BE, 0x85BE, 0x85BE, 0x85BE, 0x85BE, 0x85BE, 0x85BE, 0x85BE, 0x85BE,
  0x85BE, 0x85BE, 0x85BE, 0x85BE, 0x85BE, 0x85BE, 0x85BE, 0x85BE, 0x85BE, 0x85BE, 0x85BE, 0x85DE,
  0x8DFE, 0x8E1E, 0x965E, 0x9E9F, 0xA67F, 0xAE9F, 0xBEFF, 0xB6DC, 0x74D1, 0x4B6C, 0xB67C, 0xC6DF,
  0xCF3F, 0xDF9F, 0xD75F, 0xD77F, 0xD75F, 0xDF7F, 0xCF3E, 0xC6FE, 0xBEDF, 0xB6BF, 0xB6BF, 0xB69F,
  0xB6DF, 0xA65E, 0xAE9F, 0x9E3F, 0x9DFE, 0x9E1C, 0x7513, 0x3308, 0x4326, 0x3AE6, 0x53B0, 0x95DC,
  0x8DBE, 0x85BE, 0x85DE, 0x7D9C, 0x85DE, 0x85DE, 0x85DE, 0x85DE, 0x85DD, 0x85DD, 0x85DD, 0x85DD,
  0x85DE, 0x85BE, 0x85BE, 0x85BE, 0x85BE, 0x85BE, 0x85BE, 0x85BE, 0x85BE, 0x85BE, 0x85BE, 0x85BE,
  0x85BE, 0x85BE, 0x85BE, 0x85BE, 0x85BE, 0x85BE, 0x85BE, 0x85BE, 0x85BE, 0x85BE, 0x85BE, 0x85BE,
  0x85BE, 0x85BE, 0x85BE, 0x85BE, 0x85BE, 0x85BE, 0x85BE, 0x85BE, 0x85BE, 0x85BE, 0x85BE, 0x85BE,
  0x85BE, 0x85BE, 0x85BE, 0x85BE, 0x85BE, 0x85BE, 0x85BE, 0x85BE, 0x85BE, 0x85BE, 0x85BE, 0x85BE,
  0x85BE, 0x85BE, 0x85BE, 0x85BE, 0x85BE, 0x85BE, 0x85BE, 0x85BE, 0x85BE, 0x85BE, 0x85BE, 0x85BE,
  0x85BE, 0x85BE, 0x85BE, 0x85BE, 0x85BE, 0x85BE, 0x85BE, 0x85BE, 0x85BE, 0x85BE, 0x85BE, 0x85BE,
  0x85BE, 0x85BE, 0x85BE, 0x85BE, 0x85BE, 0x85BE, 0x85BE, 0x85DE, 0x85DD, 0x8E3E, 0x9E7E, 0xA69F,
  0xAE9F, 0xAEBF, 0xB6BF, 0xB69D, 0xB69A, 0x6410, 0xB67C, 0xC6DF, 0xD73F, 0xDF9F, 0xD75E, 0xDF7F,
  0xDF7F, 0xD75F, 0xCF5D, 0xBEDB, 0xBEFD, 0xBEDF, 0xB6BF, 0xB6BF, 0xB6BF, 0xB6DF, 0xA67F, 0xA63F,
  0xAE7F, 0x8D79, 0x438B, 0x3B27, 0x32C6, 0x53CD, 0x7D37, 0x8DBD, 0x8DDE, 0x85BE, 0x7DBC, 0x85FD,
  0x85DD, 0x85DE, 0x85BF, 0x85BF, 0x85BE, 0x85DD, 0x85DD, 0x85DD, 0x85DE, 0x85BE, 0x85BE, 0x85BE,
  0x85BE, 0x85BE, 0x85BE, 0x85BE, 0x85BE, 0x85BE, 0x85BE, 0x85BE, 0x85BE, 0x85BE, 0x85BE, 0x85BE,
  0x85BE, 0x85BE, 0x85BE, 0x85BE, 0x85BE, 0x85BE, 0x85BE, 0x85BE, 0x85BE, 0x85BE, 0x85BE, 0x85BE,
  0x85BE, 0x85BE, 0x85BE, 0x85BE, 0x85BE, 0x85BE, 0x85BE, 0x85BE, 0x85BE, 0x85BE, 0x85BE, 0x85BE,
  0x85BE, 0x85BE, 0x85BE, 0x85BE, 0x85BE, 0x85BE, 0x85BE, 0x85BE, 0x85BE, 0x85BE, 0x85BE, 0x85BE,
  0x85BE, 0x85BE, 0x85BE, 0x85BE, 0x85BE, 0x85BE, 0x85BE, 0x85BE, 0x85BE, 0x85BE, 0x85BE, 0x85BE,
  0x85BE, 0x85BE, 0x85BE, 0x85BE, 0x85BE, 0x85BE, 0x85BE, 0x85BE, 0x85BE, 0x85BE, 0x85BE, 0x85BE,
  0x85BE, 0x85BE, 0x85BE, 0x85DE, 0x85DD, 0x8E1E, 0x9E5E, 0xA69F, 0xAE9F, 0xAE9F, 0xB69F, 0xB69E,
  0xBEDC, 0x6411, 0xB67C, 0xC6BE, 0xD73F, 0xDF7F, 0xD77F, 0xD73E, 0xDF7F, 0xD75E, 0xBED9, 0x4B4B,
  0x8D76, 0xC73F, 0xB69F, 0xAE9F, 0xAEBE, 0xAE7E, 0xAE9F, 0xAE7F, 0x9DFC, 0x5BD1, 0x32E7, 0x4347,
  0x3B4B, 0x6CD4, 0x961D, 0x8DBE, 0x7D9D, 0x85FF, 0x861D, 0x7DDC, 0x85DD, 0x85DE, 0x85BF, 0x85BF,
  0x85BE, 0x85BE, 0x85BD, 0x85DD, 0x85BE, 0x85BE, 0x85BE, 0x85BE, 0x85BE, 0x85BE, 0x85BE, 0x85BE,
  0x85BE, 0x85BE, 0x85BE, 0x85BE, 0x85BE, 0x85BE, 0x85BE, 0x85BE, 0x85BE, 0x85BE, 0x85BE, 0x85BE,
  0x85BE, 0x85BE, 0x85BE, 0x85BE, 0x85BE, 0x85BE, 0x85BE, 0x85BE, 0x85BE, 0x85BE, 0x85BE, 0x85BE,
  0x85BE, 0x85BE, 0x85BE, 0x85BE, 0x85BE, 0x85BE, 0x85BE, 0x85BE, 0x85BE, 0x85BE, 0x85BE, 0x85BE,
  0x85BE, 0x85BE, 0x85BE, 0x85BE, 0x85BE, 0x85BE, 0x85BE, 0x85BE, 0x85BE, 0x85BE, 0x85BE, 0x85BE,
  0x85BE, 0x85BE, 0x85BE, 0x85BE, 0x85BE, 0x85BE, 0x85BE, 0x85BE, 0x85BE, 0x85BE, 0x85BE, 0x85BE,
  0x85BE, 0x85BE, 0x85BE, 0x85BE, 0x85BE, 0x85BE, 0x85BE, 0x85BE, 0x85BE, 0x85BE, 0x85BE, 0x85DE,
  0x85BD, 0x8DFE, 0x965F, 0xA67F, 0xA69F, 0xAE9F, 0xB6BF, 0xB6BE, 0xB69C, 0x6411, 0xAE3B, 0xCEFF,
  0xD75F, 0xD73F, 0xDF9F, 0xD75F, 0xD71E, 0xD75D, 0x6C2D, 0x2A66, 0x8D55, 0xC73F, 0xB69F, 0xB6BF,
  0xAEBE, 0xB6DF, 0xB6BF, 0xA63D, 0xAE5C, 0x53AE, 0x32A5, 0x5C2B, 0x7D55, 0x859A, 0x8DFE, 0x85BE,
  0x7DBE, 0x85FE, 0x7DFD, 0x7DFC, 0x85DD, 0x85DE, 0x85BF, 0x85BF, 0x85BF, 0x85BE, 0x85BD, 0x85DD,
  0x85BE, 0x85BE, 0x85BE, 0x85BE, 0x85BE, 0x85BE, 0x85BE, 0x85BE, 0x85BE, 0x85BE, 0x85BE, 0x85BE,
  0x85BE, 0x85BE, 0x85BE, 0x85BE, 0x85BE, 0x85BE, 0x85BE, 0x85BE, 0x85BE, 0x85BE, 0x85BE, 0x85BE,
  0x85BE, 0x85BE, 0x85BE, 0x85BE, 0x85BE, 0x85BE, 0x85BE, 0x85BE, 0x85BE, 0x85BE, 0x85BE, 0x85BE,
  0x85BE, 0x85BE, 0x85BE, 0x85BE, 0x85BE, 0x85BE, 0x85BE, 0x85BE, 0x85BE, 0x85BE, 0x85BE, 0x85BE,
  0x85BE, 0x85BE, 0x85BE, 0x85BE, 0x85BE, 0x85BE, 0x85BE, 0x85BE, 0x85BE, 0x85BE, 0x85BE, 0x85BE,
  0x85BE, 0x85BE, 0x85BE, 0x85BE, 0x85BE, 0x85BE, 0x85BE, 0x85BE, 0x85BE, 0x85BE, 0x85BE, 0x85BE,
  0x85DE, 0x85DE, 0x85BE, 0x85BE, 0x85BE, 0x85BE, 0x85BE, 0x85BE, 0x85BE, 0x8DFF, 0x9E5F, 0xA67F,
  0xAE9F, 0xAEBF, 0xB6BF, 0xB6BE, 0xBEDC, 0x6C52, 0xBEBC, 0xD75F, 0xD75F, 0xDF7F, 0xDF7F, 0xD73F,
  0xE7BF, 0xD75C, 0x3AA5, 0x6C4C, 0xBEDB, 0xBEFE, 0xAE7E, 0xB6BF, 0xAE9E, 0xB6DF, 0xAE7E, 0x8538,
  0x8D56, 0x5C0D, 0x3AC6, 0x646E, 0x9E7C, 0x85BD, 0x7D9D, 0x85DE, 0x85FE, 0x7DDD, 0x7DBC, 0x861D,
  0x85DD, 0x85DE, 0x85BF, 0x85BF, 0x85BF, 0x85BE, 0x85DD, 0x85DD, 0x85DE, 0x85BE, 0x85BE, 0x85BE,
  0x85BE, 0x85BE, 0x85BE, 0x85BE, 0x85BE, 0x85BE, 0x85BE, 0x85BE, 0x85BE, 0x85BE, 0x85BE, 0x85BE,
  0x85BE, 0x85BE, 0x85BE, 0x85BE, 0x85BE, 0x85BE, 0x85BE, 0x85BE, 0x85BE, 0x85BE, 0x85BE, 0x85BE,
  0x85BE, 0x85BE, 0x85BE, 0x85BE, 0x85BE, 0x85BE, 0x85BE, 0x85BE, 0x85BE, 0x85BE, 0x85BE, 0x85BE,
  0x85BE, 0x85BE, 0x85BE, 0x85BE, 0x85BE, 0x85BE, 0x85BE, 0x85BE, 0x85BE, 0x85BE, 0x85BE, 0x85BE,
  0x85BE, 0x85BE, 0x85BE, 0x85BE, 0x85BE, 0x85BE, 0x85BE, 0x85BE, 0x85BE, 0x85BE, 0x85BE, 0x85BE,
  0x85BE, 0x85BE, 0x85BE, 0x85BE, 0x85BE, 0x85BE, 0x85BE, 0x85BE, 0x85DE, 0x85DE, 0x85BE, 0x85BE,
  0x85BE, 0x85BE, 0x85BE, 0x85BE, 0x8DFF, 0x961F, 0x9E7F, 0xA69F, 0xAE9F, 0xAEBF, 0xB6BF, 0xB6BE,
  0xC71D, 0x63F0, 0xAE19, 0xD75F, 0xD75F, 0xDF7F, 0xD71F, 0xDF5F, 0xDF5C, 0x8D32, 0x3AE5, 0x74AE,
  0xCF7E, 0xBEDE, 0xB69F, 0xAE9F, 0xB6DF, 0xA65D, 0xB6BF, 0x7CF6, 0x432A, 0x4B69, 0x42E7, 0x5C0F,
  0x8DDC, 0x85BE, 0x85FE, 0x85DE, 0x85FE, 0x85FE, 0x7DDD, 0x85DD, 0x85DD, 0x85BE, 0x85BE, 0x85BF,
  0x85BF, 0x85BE, 0x85DD, 0x85DD, 0x85DE, 0x85BE, 0x85BE, 0x85BE, 0x85BE, 0x85BE, 0x85BE, 0x85BE,
  0x85BE, 0x85BE, 0x85BE, 0x85BE, 0x85BE, 0x85BE, 0x85BE, 0x85BE, 0x85BE, 0x85BE, 0x85BE, 0x85BE,
  0x85BE, 0x85BE, 0x85BE, 0x85BE, 0x85BE, 0x85BE, 0x85BE, 0x85BE, 0x85BE, 0x85BE, 0x85BE, 0x85BE,
  0x85BE, 0x85BE, 0x85BE, 0x85BE, 0x85BE, 0x85BE, 0x85BE, 0x85BE, 0x85BE, 0x85BE, 0x85BE, 0x85BE,
  0x85BE, 0x85BE, 0x85BE, 0x85BE, 0x85BE, 0x85BE, 0x85BE, 0x85BE, 0x85BE, 0x85BE, 0x85BE, 0x85BE,
  0x85BE, 0x85BE, 0x85BE, 0x85BE, 0x85BE, 0x85BE, 0x85BE, 0x85BE, 0x85BE, 0x85BE, 0x85BE, 0x85BE,
  0x85BE, 0x85BE, 0x85BE, 0x85BE, 0x85DE, 0x85BE, 0x85BE, 0x85BE, 0x85BE, 0x85BE, 0x85BE, 0x85BE,
  0x95FF, 0x9E3F, 0xA67F, 0xA69F, 0xAE9F, 0xAEBF, 0xB6BF, 0xB6BE, 0xBEDD, 0x5BCF, 0x7472, 0xD73D,
  0xDF7F, 0xD73F, 0xD73E, 0xE79F, 0xA593, 0x42E7, 0x3AA4, 0x748D, 0xC73D, 0xB6BF, 0xBEFF, 0xB6BF,
  0xBEDF, 0xAE5E, 0xBEFF, 0x8535, 0x32A6, 0x4327, 0x42C8, 0x6410, 0x8DBC, 0x85BE, 0x85FE, 0x85DD,
  0x85DE, 0x8E1F, 0x85DE, 0x85BD, 0x85BD, 0x8DBD, 0x8DBE, 0x8DBE, 0x85BF, 0x85BE, 0x85DD, 0x85DD,
  0x85DE, 0x85BE, 0x85BE, 0x85BE, 0x85BE, 0x85BE, 0x85BE, 0x85BE, 0x85BE, 0x85BE, 0x85BE, 0x85BE,
  0x85BE, 0x85BE, 0x85BE, 0x85BE, 0x85BE, 0x85BE, 0x85BE, 0x85BE, 0x85BE, 0x85BE, 0x85BE, 0x85BE,
  0x85BE, 0x85BE, 0x85BE, 0x85BE, 0x85BE, 0x85BE, 0x85BE, 0x85BE, 0x85BE, 0x85BE, 0x85BE, 0x85BE,
  0x85BE, 0x85BE, 0x85BE, 0x85BE, 0x85BE, 0x85BE, 0x85BE, 0x85BE, 0x85BE, 0x85BE, 0x85BE, 0x85BE,
  0x85BE, 0x85BE, 0x85BE, 0x85BE, 0x85BE, 0x85BE, 0x85BE, 0x85BE, 0x85BE, 0x85BE, 0x85BE, 0x85BE,
  0x85BE, 0x85BE, 0x85BE, 0x85BE, 0x85BE, 0x85BE, 0x85BE, 0x85BE, 0x85BE, 0x85BE, 0x85BE, 0x85BE,
  0x85BE, 0x85BE, 0x85BE, 0x85BE, 0x85BE, 0x85BE, 0x85BE, 0x85BE, 0x8DFF, 0x9E3F, 0xA67F, 0xA69F,
  0xAE9F, 0xAEBF, 0xB6BF, 0xB6BE, 0xBEFD, 0x8D56, 0x63CF, 0xD73D, 0xDF7F, 0xDF7F, 0xE79F, 0xBE59,
  0x7C8E, 0x42E6, 0x3AA4, 0x8510, 0xC71E, 0xBEDF, 0xB6DF, 0xB6BF, 0xAE7F, 0xB69F, 0xB6DE, 0x8533,
  0x4326, 0x4345, 0x534B, 0x7CB5, 0x9E1E, 0x85BE, 0x7DBD, 0x85BD, 0x85DE, 0x85DE, 0x859E, 0x85BE,
  0x8DBD, 0x8DBD, 0x8DBD, 0x8DBE, 0x85BE, 0x85DE, 0x85DD, 0x85DD, 0x85DE, 0x85BE, 0x85BE, 0x85BE,
  0x85BE, 0x85BE, 0x85BE, 0x85BE, 0x85BE, 0x85BE, 0x85BE, 0x85BE, 0x85BE, 0x85BE, 0x85BE, 0x85BE,
  0x85BE, 0x85BE, 0x85BE, 0x85BE, 0x85BE, 0x85BE, 0x85BE, 0x85BE, 0x85BE, 0x85BE, 0x85BE, 0x85BE,
  0x85BE, 0x85BE, 0x85BE, 0x85BE, 0x85BE, 0x85BE, 0x85BE, 0x85BE, 0x85BE, 0x85BE, 0x85BE, 0x85BE,
  0x85BE, 0x85BE, 0x85BE, 0x85BE, 0x85BE, 0x85BE, 0x85BE, 0x85BE, 0x85BE, 0x85BE, 0x85BE, 0x85BE,
  0x85BE, 0x85BE, 0x85BE, 0x85BE, 0x85BE, 0x85BE, 0x85BE, 0x85BE, 0x85BE, 0x85BE, 0x85BE, 0x85BE,
  0x85BE, 0x85BE, 0x85BE, 0x85BE, 0x85BE, 0x85BE, 0x85BE, 0x85BE, 0x85BE, 0x85BE, 0x85BE, 0x85BE,
  0x85BE, 0x85DE, 0x85DE, 0x85DE, 0x961E, 0x9E3E, 0xA67F, 0xA69F, 0xAE9F, 0xB6BF, 0xB6BF, 0xB69F,
  0xC71F, 0xBEBC, 0x6C31, 0xD77D, 0xD75E, 0xE7BF, 0xC6B9, 0x6C0E, 0x63C9, 0x42E5, 0x4305, 0x74AE,
  0xBEFD, 0xC71F, 0xB69F, 0xB6BF, 0xB6BF, 0xB6BF, 0xBEDE, 0x8534, 0x32C6, 0x3B06, 0x7CD2, 0x9DFB,
  0x859C, 0x85BD, 0x8DFE, 0x85DD, 0x85BE, 0x85BE, 0x859E, 0x8DDF, 0x8DBE, 0x8DBD, 0x8DBD, 0x85BE,
  0x85BE, 0x85DE, 0x85DD, 0x85DD, 0x85DD, 0x85DE, 0x85DE, 0x85BE, 0x85BE, 0x85BE, 0x85DE, 0x85BE,
  0x85BE, 0x85BE, 0x85BE, 0x85BE, 0x85BE, 0x85BE, 0x85BE, 0x85BE, 0x85BE, 0x85BE, 0x85DD, 0x85DD,
  0x85DE, 0x85BE, 0x85BE, 0x85BE, 0x85BE, 0x85BE, 0x85BE, 0x85BE, 0x85BE, 0x85BE, 0x85BE, 0x85BE,
  0x85BE, 0x85BE, 0x85BE, 0x85BE, 0x85BE, 0x85BE, 0x85BE, 0x85BE, 0x85DE, 0x85DE, 0x85BE, 0x85BE,
  0x85DE, 0x85DE, 0x85DE, 0x85DE, 0x85BE, 0x85BE, 0x85BE, 0x85BE, 0x85BE, 0x85BE, 0x85BE, 0x85BE,
  0x85BE, 0x85BE, 0x85BE, 0x85BE, 0x85BE, 0x85BE, 0x85BE, 0x85BE, 0x85BE, 0x85BE, 0x85BE, 0x85BE,
  0x85BE, 0x85BE, 0x85BE, 0x85BE, 0x85BE, 0x85BE, 0x85BE, 0x85BE, 0x85BE, 0x85DE, 0x85DE, 0x8DDE,
  0x963E, 0x9E7E, 0xA69F, 0xAEBF, 0xAEBF, 0xB6BF, 0xB69F, 0xB69F, 0xC6FF, 0xAE3B, 0x6C31, 0xDF9D,
  0xD75C, 0xDF9D, 0x8CF1, 0x3A87, 0x42E5, 0x4B26, 0x3AE5, 0x7CF0, 0xBF3D, 0xB6FE, 0xBF1F, 0xAEBE,
  0xB6DE, 0xAE7C, 0xBEDE, 0x9597, 0x2228, 0x6C91, 0x9E3A, 0x961B, 0x85BC, 0x85BD, 0x85DE, 0x8DDE,
  0x85BE, 0x85BE, 0x8DDF, 0x85BE, 0x85BD, 0x8DDE, 0x85BD, 0x85BE, 0x85DE, 0x85BE, 0x85DD, 0x85DD,
  0x85DD, 0x85DE, 0x85DE, 0x85DE, 0x85BE, 0x85DE, 0x85BD, 0x85BD, 0x85BE, 0x85BF, 0x85BF, 0x85BF,
  0x85BE, 0x85BE, 0x85BE, 0x85BE, 0x85BE, 0x85BE, 0x85DC, 0x85DC, 0x85DD, 0x85BE, 0x85BF, 0x85BF,
  0x8DBF, 0x859F, 0x8DBE, 0x85BE, 0x85BD, 0x85DE, 0x85BE, 0x85BE, 0x85DE, 0x85DE, 0x85DE, 0x85BE,
  0x85BE, 0x85DE, 0x85DF, 0x85BE, 0x85DD, 0x85DD, 0x8DDF, 0x85BE, 0x85BD, 0x85FE, 0x85DD, 0x85DD,
  0x8DDE, 0x8DBE, 0x85BE, 0x8DDE, 0x85BE, 0x85BD, 0x85BE, 0x8DDE, 0x85BE, 0x85BE, 0x85BE, 0x85BE,
  0x85BE, 0x85BE, 0x85BE, 0x85BE, 0x8DDF, 0x85BE, 0x85BE, 0x85BE, 0x85BE, 0x8DBE, 0x8DDE, 0x85BD,
  0x859D, 0x95FE, 0x859D, 0x859D, 0x8DDE, 0x85BE, 0x85BE, 0x8DFE, 0x963E, 0xA69E, 0xAEBF, 0xAE9F,
  0xAE9F, 0xAE9F, 0xB69F, 0xBEBF, 0xC6FF, 0xBE9C, 0x6C31, 0xCF3B, 0xEFFD, 0x9D93, 0x42A6, 0x5327,
  0x42C4, 0x4B26, 0x3AC5, 0x74F0, 0xCF9E, 0xBF1E, 0xBF3E, 0xB6DD, 0xB6BC, 0xB69C, 0xC71E, 0x7CF5,
  0x4B8E, 0xA65A, 0xA6BC, 0x85DA, 0x8DFB, 0x8DBC, 0x85BC, 0x8DBD, 0x8DBE, 0x8DDE, 0x8DDE, 0x85BD,
  0x85BE, 0x8DDE, 0x85BE, 0x85DE, 0x8DFF, 0x85BE, 0x85BD, 0x85BD, 0x85DE, 0x85BE, 0x85DE, 0x8DFE,
  0x8DFE, 0x85DD, 0x85DD, 0x8DFE, 0x85BE, 0x85BF, 0x85BF, 0x85BF, 0x85DE, 0x85DE, 0x85DE, 0x85DF,
  0x85BF, 0x85BE, 0x85DC, 0x85DC, 0x85DD, 0x85BE, 0x85BF, 0x85BF, 0x8DBF, 0x8D9F, 0x8DBF, 0x8DBE,
  0x85DD, 0x85DD, 0x85DE, 0x85DE, 0x85BD, 0x85DE, 0x85BE, 0x85BE, 0x85BD, 0x85BE, 0x85BF, 0x85BE,
  0x85BD, 0x85BD, 0x85DF, 0x85BE, 0x85BE, 0x85DD, 0x85DD, 0x85BD, 0x85BD, 0x859D, 0x859D, 0x85BD,
  0x8DDE, 0x8DDE, 0x85BD, 0x85BD, 0x85BE, 0x85BE, 0x85BE, 0x85BE, 0x85BE, 0x85BE, 0x85BE, 0x85BE,
  0x85BE, 0x85BE, 0x85DE, 0x8DFF, 0x8DDE, 0x859D, 0x859D, 0x8DDD, 0x8DDD, 0x7D7C, 0x8DFE, 0x8DDE,
  0x85BD, 0x85BE, 0x7D7D, 0x961F, 0x963E, 0x9E7E, 0xA67F, 0xAE9F, 0xAE9F, 0xB6DF, 0xBEFF, 0xA61B,
  0xB67C, 0xB65A, 0x63EF, 0xEFFE, 0xBE76, 0x5328, 0x5327, 0x42E5, 0x4B04, 0x4B25, 0x3AA4, 0x7CF0,
  0xD7DE, 0xB6BB, 0xBF1D, 0xCF7E, 0xBEDB, 0xC6FC, 0xBEBB, 0x63F0, 0x8D54, 0xBF3C, 0xA67A, 0xAEDC,
  0x963A, 0x9E3B, 0x9E3C, 0x95FC, 0x859B, 0x859C, 0x8DBD, 0x8DBE, 0x8DBE, 0x8DBE, 0x857D, 0x85BE,
  0x8DDE, 0x859E, 0x85BE, 0x8DBF, 0x859F, 0x85DF, 0x85BE, 0x7D9D, 0x859D, 0x85DD, 0x85DC, 0x85DD,
  0x85DD, 0x85DE, 0x85BE, 0x85DE, 0x85DE, 0x85DE, 0x85DE, 0x85DF, 0x85BF, 0x85BF, 0x85DD, 0x85DD,
  0x85DD, 0x85DE, 0x85BE, 0x85BE, 0x8DBF, 0x8DBF, 0x8DBF, 0x8DBE, 0x85DC, 0x85DC, 0x85DD, 0x85DE,
  0x85DE, 0x85DE, 0x85BE, 0x85BE, 0x85DE, 0x85DE, 0x85BF, 0x85BF, 0x85DF, 0x85DF, 0x85DF, 0x85DF,
  0x85DE, 0x85DE, 0x85DF, 0x85BF, 0x85DE, 0x85FE, 0x85FE, 0x85DD, 0x7DBD, 0x7DBD, 0x85DD, 0x85DE,
  0x85DE, 0x85DE, 0x85DE, 0x85DE, 0x85DE, 0x85DE, 0x85DE, 0x85DE, 0x7DBE, 0x85DE, 0x85DE, 0x85DE,
  0x85DE, 0x85BD, 0x85BD, 0x8DFE, 0x85DD, 0x7D9C, 0x85DD, 0x85BD, 0x85FE, 0x8DFE, 0x85DE, 0x9E7F,
  0x9E5F, 0xA67F, 0xAE9F, 0xB6BF, 0xB6DF, 0xB6BF, 0xB69D, 0x6412, 0x9556, 0xC6DA, 0x746F, 0xC6D8,
  0x6C0C, 0x4AE6, 0x4AE5, 0x4AE5, 0x5325, 0x4B05, 0x3AA4, 0x7CEF, 0xDFDD, 0xBEFB, 0xBF1B, 0xBEDA,
  0xD7BD, 0xDFBD, 0xB678, 0x430A, 0xAE57, 0xD7DC, 0xC75C, 0xBF5C, 0xC77D, 0xC79E, 0xC77E, 0xB6FC,
  0x9E5A, 0x95FA, 0x95FC, 0x95FC, 0x9E1D, 0x9E1D, 0x8DBB, 0x8DBB, 0x8DDC, 0x8DBD, 0x8DBD, 0x859D,
  0x85BE, 0x8DDE, 0x85DD, 0x8DFD, 0x963D, 0x8E1D, 0x85BC, 0x85DD, 0x85DE, 0x85BE, 0x85DD, 0x85DD,
  0x85DD, 0x85DE, 0x85DE, 0x85DF, 0x85BF, 0x85BF, 0x85BE, 0x85DE, 0x85DD, 0x85DD, 0x85DD, 0x85DD,
  0x85BD, 0x8DBE, 0x8DBF, 0x8DBE, 0x85DC, 0x85DC, 0x85DD, 0x85DE, 0x85DE, 0x85DE, 0x85BE, 0x85DF,
  0x85DE, 0x85DE, 0x85BE, 0x85BF, 0x85BF, 0x85BF, 0x859F, 0x859E, 0x85BE, 0x85BE, 0x85DF, 0x85BF,
  0x7DBE, 0x85BE, 0x85BE, 0x7DBD, 0x85BD, 0x85DE, 0x85FE, 0x85FE, 0x85DE, 0x85DE, 0x85DD, 0x85DE,
  0x85DE, 0x85DE, 0x85DE, 0x85DE, 0x85DE, 0x8DFE, 0x85DE, 0x7D9D, 0x85DD, 0x8DFE, 0x85DD, 0x85DD,
  0x85DD, 0x8E1E, 0x85BD, 0x7DBD, 0x8E1F, 0x7DBD, 0x85FF, 0x8E1F, 0x9E3F, 0xA67F, 0xAE7F, 0xAE9F,
  0xB6BF, 0xAE9D, 0xA619, 0x326A, 0x7CD2, 0xAE36, 0x7CAF, 0xAE13, 0x3244, 0x5347, 0x42E5, 0x5346,
  0x52E4, 0x5305, 0x42C4, 0x7CCE, 0xE7FD, 0xDFFE, 0xB6B8, 0x6C2E, 0xD77A, 0xDFBB, 0xB676, 0x7CAF,
  0xE7FB, 0xC759, 0xCF9B, 0xC79B, 0xC75A, 0xBF5A, 0xBF59, 0xBF59, 0xC759, 0xC79B, 0xCF9C, 0xBF5C,
  0xC75D, 0xBF5C, 0xA679, 0x95F8, 0x95F9, 0x95FA, 0x9E1C, 0x95DC, 0x8DDC, 0x859B, 0x859B, 0x963D,
  0xA6BD, 0x963C, 0x859C, 0x8DDE, 0x85BF, 0x85BE, 0x85DD, 0x85DC, 0x85DE, 0x85DE, 0x85DE, 0x85DE,
  0x85BF, 0x85BF, 0x85BF, 0x85DE, 0x85DE, 0x85DD, 0x85DD, 0x85DD, 0x85BB, 0x85BC, 0x8DBE, 0x8DBF,
  0x85DD, 0x85DD, 0x85DE, 0x85DE, 0x85DD, 0x85BD, 0x85BF, 0x85BF, 0x85BF, 0x85BE, 0x85BD, 0x85DE,
  0x85BF, 0x85BF, 0x859E, 0x85BE, 0x8DDE, 0x85BD, 0x8DDF, 0x859E, 0x8DDF, 0x85BF, 0x85BE, 0x85DF,
  0x8DFF, 0x8DFF, 0x85BE, 0x7D9D, 0x85BD, 0x85BD, 0x85BD, 0x85BD, 0x85BD, 0x85BD, 0x85BD, 0x85BD,
  0x859D, 0x85BD, 0x85BD, 0x85BD, 0x8DBD, 0x85BD, 0x859C, 0x859C, 0x8DBD, 0x753B, 0x85BD, 0x8DFF,
  0x8DDF, 0x859E, 0x963F, 0x963F, 0xA65F, 0xAE7F, 0xAE7F, 0xAE7F, 0xB6BE, 0xBEFD, 0xA638, 0x3AEA,
  0x42E8, 0xA614, 0x746C, 0x952F, 0x42E5, 0x5346, 0x4B05, 0x42C4, 0x52E4, 0x4AE4, 0x4AE4, 0x84EE,
  0xE7FC, 0xE7FC, 0x9572, 0x3AA6, 0x9DB2, 0xEFFB, 0x9571, 0x7CAE, 0xE7FB, 0xCF98, 0xD7BA, 0xC759,
  0xC779, 0xC778, 0xC778, 0xC777, 0xC757, 0xC778, 0xC778, 0xBF17, 0xB6F7, 0xC779, 0xC779, 0xC77A,
  0xC77B, 0xBF1C, 0xAE9B, 0x95FA, 0x963A, 0x9E5B, 0x8DFA, 0x8DD9, 0x9659, 0x9659, 0x8DBB, 0x859D,
  0x859F, 0x85BF, 0x85DC, 0x85FC, 0x85DD, 0x85DE, 0x85DE, 0x85DE, 0x85BF, 0x85BF, 0x85BE, 0x85DE,
  0x85DE, 0x85DD, 0x85DE, 0x85DC, 0x8E1A, 0x8DFA, 0x8DBE, 0x8DBF, 0x85BE, 0x85DE, 0x85DE, 0x85DD,
  0x8E1D, 0x85DD, 0x85BE, 0x85BF, 0x85BF, 0x85BD, 0x8DDB, 0x8DFC, 0x85BD, 0x8DDF, 0x859E, 0x8DDE,
  0x8DDD, 0x859C, 0x8DBD, 0x857C, 0x8DBD, 0x859D, 0x8DBD, 0x8DBC, 0x859B, 0x857B, 0x8DDC, 0x9E3D,
  0x961C, 0x961B, 0x961B, 0x961B, 0x961B, 0x961A, 0x961A, 0x961A, 0x9E3B, 0x95FA, 0x961A, 0x9E3B,
  0x9E1B, 0x95FA, 0x9E3B, 0xA65C, 0x8DBA, 0x4371, 0x855A, 0x8DDC, 0x7D5B, 0x95FD, 0x9E5F, 0x9E3F,
  0xA65F, 0xAE9F, 0xB69F, 0xAE7D, 0xBEDC, 0xBEFB, 0x8D53, 0x4329, 0x42E7, 0x9DB0, 0x5B87, 0x3AA4,
  0x4B05, 0x4AE4, 0x4B05, 0x5345, 0x5305, 0x4AE4, 0x42C4, 0x8D0D, 0xE7FB, 0xCF38, 0x63EB, 0x3AA5,
  0xAE32, 0xDFB9, 0x4B27, 0x84EE, 0xDFF9, 0xD798, 0xCF79, 0xD7DB, 0xBEF7, 0xC758, 0xCF99, 0xCF78,
  0xC757, 0xC777, 0xC777, 0xBF36, 0xBF57, 0xC798, 0xC757, 0xC758, 0xC759, 0xBF19, 0xC73B, 0xC77C,
  0xB719, 0xC79C, 0xB6FC, 0x9618, 0x9E96, 0xA6D7, 0x961A, 0x8DBC, 0x8D9F, 0x8DBE, 0x8E1B, 0x8E1B,
  0x85DD, 0x85BE, 0x85BE, 0x85DF, 0x85BE, 0x85BE, 0x85DD, 0x85DD, 0x85DE, 0x85DE, 0x85BE, 0x85DC,
  0x9679, 0x9659, 0x8DDD, 0x8D9F, 0x85BF, 0x85BF, 0x85BF, 0x85DD, 0x965C, 0x8E1B, 0x8DDD, 0x8DBF,
  0x8DBE, 0x8DDC, 0x9619, 0x9E5A, 0x859A, 0x8DDD, 0x859C, 0x95DD, 0x8DBC, 0x859A, 0x9E1C, 0x9E3B,
  0x95FA, 0x95D9, 0x9DF9, 0x9E1A, 0x9E19, 0x9E18, 0xB6DA, 0xCFBD, 0xD7FD, 0xDFFC, 0xDFFC, 0xDFFB,
  0xDFFB, 0xDFFB, 0xDFFA, 0xDFFA, 0xE7FB, 0xD7DA, 0xDFFA, 0xDFFB, 0xD7DA, 0xDFFC, 0xE7FD, 0xD7BC,
  0x74B0, 0x3AEA, 0x9DD7, 0xA639, 0x95D8, 0xAE7B, 0xA65B, 0xA65C, 0xB6BE, 0xBEDE, 0xBEDD, 0xB67B,
  0xBEDA, 0xB698, 0x538B, 0x3AA6, 0x5367, 0x4B25, 0x4B25, 0x4B25, 0x5B66, 0x4AE4, 0x42C3, 0x4AE4,
  0x5305, 0x4B04, 0x42C3, 0x84EC, 0xE7FA, 0xCF38, 0x4B47, 0x3AA4, 0xA5F0, 0xD756, 0x63EA, 0xDFB9,
  0xD7B8, 0xCF98, 0xD7BA, 0xCF79, 0xBEF7, 0xBF17, 0xC758, 0xC759, 0xCF59, 0xCF99, 0xCF78, 0xBF16,
  0xBF16, 0xC777, 0xC778, 0xCF99, 0xC758, 0xB6D6, 0xB6F7, 0xC759, 0xC778, 0xCF9B, 0xC73C, 0xBF1A,
  0xBF77, 0xAED4, 0x95F6, 0x95DA, 0x8D9C, 0x95DD, 0x961A, 0x9639, 0x8DDC, 0x85BD, 0x85BE, 0x85BF,
  0x85BE, 0x85DD, 0x85DD, 0x85DD, 0x85DE, 0x85BE, 0x85BE, 0x85DB, 0xA6D8, 0x9E97, 0x8DFC, 0x8D9E,
  0x859F, 0x85BF, 0x85BE, 0x85DC, 0x9E7B, 0x961A, 0x8DBC, 0x8D9E, 0x8D9D, 0x8DBA, 0x9637, 0xA697,
  0x8DB7, 0x9E1A, 0x95DA, 0x9E3B, 0x9E3A, 0xA659, 0xC77D, 0xD7DE, 0xDFFE, 0xCF7B, 0xC73A, 0xD79B,
  0xDFDB, 0xD7BA, 0xD7BA, 0xE7FA, 0xDFF9, 0xDFF9, 0xDFF8, 0xE7F8, 0xE7F8, 0xE7F7, 0xE7F7, 0xE7F7,
  0xE7F7, 0xDFF7, 0xE7F8, 0xE7F7, 0xDFB7, 0xEFF9, 0xDFD8, 0xA612, 0x3AA5, 0x5BAA, 0xCF79, 0xDFDB,
  0xDFDC, 0xDFFD, 0xD79C, 0xDFDD, 0xD7BE, 0xD7BE, 0xCF7D, 0xBED9, 0xC719, 0xBED7, 0x4327, 0x4B27,
  0x42E5, 0x4B05, 0x4B25, 0x4AE4, 0x4B04, 0x4B24, 0x4B04, 0x5345, 0x4B04, 0x5325, 0x42C3, 0x7CAB,
  0xF7FB, 0x746C, 0x42E5, 0x42E4, 0xA5F0, 0x746B, 0x63C9, 0xDFB9, 0xDFD9, 0xBEF6, 0xCF7A, 0xCF9A,
  0xBF16, 0xB6B5, 0xC739, 0xCF5A, 0xCF3B, 0xC73A, 0xCF7B, 0xBEF8, 0xBEF7, 0xCF9A, 0xC739, 0xCF59,
  0xCF79, 0xC737, 0xB6F5, 0xCF77, 0xCF78, 0xC759, 0xCF5B, 0xC759, 0xBF33, 0xAEF1, 0xAED5, 0xC77B,
  0xA65B, 0x95B9, 0x9637, 0x9E78, 0x8DD9, 0x8DBB, 0x95DF, 0x8DBF, 0x85BC, 0x8DFC, 0x8DDC, 0x85BC,
  0x85DE, 0x8DDF, 0x85BE, 0x85DA, 0x9E95, 0xAEF6, 0x9619, 0x8D9C, 0x8DBD, 0x8DBE, 0x85BD, 0x8DDC,
  0xA67B, 0x95F9, 0x8D9C, 0x8D9D, 0x8D9C, 0x8DB8, 0x9E35, 0xA694, 0x95F5, 0xC75B, 0xD7FD, 0xC75A,
  0xC779, 0xD7FA, 0xD7F8, 0xDFF8, 0xDFF8, 0xD7B7, 0xC755, 0xE7F8, 0xDFF8, 0xE7F8, 0xDFF8, 0xE7F8,
  0xE7F8, 0xE7F8, 0xE7F9, 0xE7D8, 0xEFF9, 0xE7B8, 0xEFF9, 0xE7D9, 0xE7D9, 0xEFF9, 0xDFB8, 0xE7D8,
  0xEFF9, 0xE7F8, 0xC6D4, 0x4B25, 0x42E4, 0xBEB3, 0xEFF9, 0xDFD8, 0xDFF8, 0xDFF8, 0xE7F9, 0xDFF9,
  0xDFFB, 0xD7DB, 0xDFFB, 0xDFDA, 0xDFFA, 0xD798, 0x5367, 0x42E5, 0x4B05, 0x4B05, 0x4B05, 0x4B04,
  0x4B04, 0x4B04, 0x4B04, 0x4B04, 0x4AE4, 0x5345, 0x3AC3, 0x9D8E, 0xE7F9, 0x5BA8, 0x4B26, 0x3AA3,
  0xA610, 0x84ED, 0xB694, 0xDFDA, 0xCF58, 0xBEF7, 0xD79B, 0xCF9A, 0xBF35, 0xB6D3, 0xCF78, 0xCF5A,
  0xC73B, 0xCF3B, 0xCF5A, 0xBF18, 0xC738, 0xCF59, 0xC739, 0xC759, 0xCF79, 0xC777, 0xB6F3, 0xBF34,
  0xCF77, 0xC738, 0xCF7A, 0xCF78, 0xBF33, 0xB710, 0xB712, 0xC777, 0xC73A, 0xC75C, 0xBF19, 0xAED7,
  0xAEB9, 0x9619, 0x8D7B, 0x95BD, 0x8DDB, 0x9E3C, 0x961C, 0x859C, 0x859D, 0x8DBD, 0x8DBC, 0x8DF8,
  0x9E94, 0xAEF4, 0x9E58, 0x95D9, 0x95FB, 0x8DDB, 0x8DBA, 0x85B8, 0x9E58, 0x9E17, 0x95B9, 0x95DA,
  0xBEDD, 0xD7FE, 0xCFD8, 0xAED3, 0xAE94, 0xCF99, 0xDFFA, 0xC756, 0xCF96, 0xE7F7, 0xDFF6, 0xDFF6,
  0xE7F6, 0xDFF6, 0xC732, 0xE7F6, 0xDFD6, 0xDFF6, 0xE7F7, 0xE7F7, 0xE7F7, 0xE7F7, 0xE7D8, 0xE7F8,
  0xEFF9, 0xE7B8, 0xEFF9, 0xEFFA, 0xEFF9, 0xE7D9, 0xE7D9, 0xEFF9, 0xE7B7, 0xDF97, 0x63C8, 0x4AE4,
  0x42E3, 0xBED2, 0xE7F7, 0xE7F7, 0xEFF8, 0xE7F7, 0xE7F7, 0xDFF7, 0xDFF8, 0xDFF8, 0xDFF9, 0xDFF8,
  0xE7F9, 0xD797, 0x5367, 0x42E5, 0x4B05, 0x4B05, 0x4B05, 0x4B05, 0x4B04, 0x4B04, 0x4B04, 0x4B04,
  0x4B25, 0x4B25, 0x42E3, 0x8D2C, 0xA611, 0x42E5, 0x5346, 0x3AC4, 0x9DD0, 0x746B, 0xCF37, 0xDFDA,
  0xD7BA, 0xC738, 0xCF5A, 0xD7B9, 0xBF53, 0xB6F1, 0xCF97, 0xCF59, 0xC739, 0xCF5A, 0xC758, 0xC736,
  0xBF16, 0xBF16, 0xC738, 0xC759, 0xC737, 0xC756, 0xB6F1, 0xBF12, 0xCF56, 0xC6F6, 0xCF58, 0xCF77,
  0xBF12, 0xBEF0, 0xBF11, 0xC733, 0xC737, 0xCF9A, 0xC758, 0xB6F6, 0xB6F5, 0xA655, 0x8D97, 0x95DA,
  0x8DB8, 0x9E5B, 0x9E1C, 0x8DBC, 0x8DBD, 0x8DDC, 0x8DDA, 0x9637, 0xAF14, 0xB734, 0xAEB7, 0x9E17,
  0xA678, 0x9617, 0x9618, 0x8DD5, 0xA694, 0xC778, 0xCF9A, 0xC759, 0xD7BA, 0xE7FA, 0xD7D6, 0xB6F1,
  0xBEF4, 0xD7D8, 0xDFF8, 0xCF75, 0xCF94, 0xE7F7, 0xE7F7, 0xE7F7, 0xDFF6, 0xDFF6, 0xC713, 0xDFF7,
  0xD7B5, 0xC734, 0xDFD6, 0xE7F7, 0xE7F7, 0xDFB6, 0xCF54, 0xDFD7, 0xE7F8, 0xE7F7, 0xE7F7, 0xDFD7,
  0xE7F8, 0xE7F7, 0xF7F9, 0xDFB7, 0xE7D7, 0x84EB, 0x4B04, 0x42E3, 0x956E, 0xE7F8, 0xE7F8, 0xDFD7,
  0xE7F8, 0xDFF8, 0xE7F8, 0xE7F8, 0xDFF7, 0xDFF7, 0xE7F7, 0xDFF7, 0xE7F8, 0xD797, 0x5367, 0x42E5,
  0x4B05, 0x4B05, 0x4B05, 0x4B05, 0x4B05, 0x4B04, 0x4B04, 0x4B04, 0x4B45, 0x42E4, 0x4B24, 0x5BA6,
  0x5BA8, 0x42E5, 0x4B25, 0x4304, 0x5BA7, 0x6409, 0xC737, 0xD799, 0xD799, 0xC738, 0xCF5A, 0xD7B9,
  0xC752, 0xB6D0, 0xCF96, 0xC757, 0xC717, 0xCF78, 0xBF15, 0xBF34, 0xB6F3, 0xB6D3, 0xCF78, 0xCF78,
  0xBEF6, 0xC755, 0xB6F1, 0xBF32, 0xC735, 0xB6B4, 0xC715, 0xC734, 0xBEF2, 0xBEF1, 0xBF10, 0xBEF1,
  0xBEF4, 0xBED5, 0xC756, 0xC755, 0xB6F2, 0xB6D3, 0xB6D8, 0xA658, 0x95F6, 0xA699, 0x9E3A, 0x8DB9,
  0x95DA, 0x9E1A, 0x9E38, 0xAEB6, 0xAEF2, 0xB6F2, 0xAEB4, 0xA634, 0xB6F6, 0xAED6, 0xBF39, 0xB717,
  0xBF34, 0xD7F6, 0xD7F7, 0xD7B6, 0xDFF7, 0xD7F5, 0xC752, 0xB6D0, 0xB6D2, 0xD7B6, 0xE7F7, 0xD7B5,
  0xCF53, 0xD794, 0xDFB6, 0xE7F8, 0xCF95, 0xCF95, 0xC754, 0xE7F8, 0xD7D6, 0xBEF2, 0xC753, 0xDFF7,
  0xE7F7, 0xDFD6, 0xC754, 0xDFF7, 0xE7F7, 0xE7F8, 0xDFF7, 0xD7B6, 0xD775, 0xE7F7, 0xDFD6, 0xE7F8,
  0xA630, 0x42E3, 0x4B25, 0x3AC3, 0xAE51, 0xEFF9, 0xDFF8, 0xDFF8, 0xE7F9, 0xDFF8, 0xDFF8, 0xDFF8,
  0xE7F7, 0xDFF6, 0xE7F6, 0xE7F6, 0xE7F7, 0xDF96, 0x5366, 0x42E5, 0x4B05, 0x4B05, 0x4B05, 0x4B05,
  0x4B05, 0x4B05, 0x4B04, 0x4B04, 0x4325, 0x42E4, 0x5365, 0x42E4, 0x42E5, 0x5346, 0x42E4, 0x4B05,
  0x3AC3, 0x4B66, 0xC717, 0xDFB9, 0xD7B9, 0xC717, 0xCF59, 0xD7D9, 0xC753, 0xB6D0, 0xC755, 0xC735,
  0xBF15, 0xCF76, 0xB6F2, 0xBF11, 0xB6F1, 0xB6D1, 0xCF76, 0xCF77, 0xBEF5, 0xC756, 0xBF13, 0xC733,
  0xC733, 0xB6B1, 0xBEF2, 0xBF12, 0xBEF1, 0xBF11, 0xBF11, 0xBEF1, 0xBEF3, 0xAE92, 0xC734, 0xCF74,
  0xAED0, 0xBF31, 0xCF96, 0xB6D4, 0xAED5, 0xB6F7, 0xA677, 0x95D6, 0x95F7, 0xA657, 0xAEB5, 0xB714,
  0xB6F1, 0xB6D1, 0xB6B2, 0xA652, 0xBF14, 0xBF13, 0xCFB7, 0xC796, 0xC793, 0xCF93, 0xBF31, 0xBF11,
  0xC772, 0xC751, 0xB6F0, 0xBF11, 0xB6D1, 0xCF73, 0xDFF5, 0xD7B4, 0xC711, 0xBEF1, 0xCF54, 0xE7F7,
  0xC754, 0xBF12, 0xC753, 0xE7F7, 0xDFF6, 0xC753, 0xBEF2, 0xDFF6, 0xDFF6, 0xDFF6, 0xC754, 0xDFF6,
  0xDFF7, 0xDFF7, 0xDFF7, 0xCF95, 0xCF75, 0xE7F8, 0xDFF7, 0xE7F8, 0x6C28, 0x4304, 0x4304, 0x3AC3,
  0x9DCF, 0xDFD8, 0xE7F8, 0xE7F8, 0xDFF8, 0xE7F9, 0xDFF9, 0xDFF8, 0xE7F7, 0xDFF6, 0xE7F7, 0xE7F7,
  0xE7F7, 0xDF96, 0x5366, 0x42E4, 0x4B05, 0x4B05, 0x4B05, 0x4B05, 0x4B05, 0x4B05, 0x4B05, 0x4B05,
  0x4305, 0x4305, 0x4B24, 0x42E4, 0x4B05, 0x5326, 0x4B05, 0x4B25, 0x4B25, 0x4B26, 0xCF57, 0xDFFA,
  0xDFD9, 0xBEF5, 0xD778, 0xD7B8, 0xC752, 0xB6F0, 0xBF33, 0xBF14, 0xBEF4, 0xCF75, 0xB6F1, 0xBF10,
  0xBF10, 0xB6D0, 0xBF13, 0xC734, 0xB6D3, 0xC755, 0xBEF2, 0xB6F1, 0xBF32, 0xB6D0, 0xB6F0, 0xBEF0,
  0xBEF0, 0xBF31, 0xBF11, 0xBEF1, 0xB6F1, 0xB6D1, 0xBF12, 0xBF12, 0xB6D0, 0xB710, 0xBF31, 0xB6F1,
  0xBF13, 0xBF14, 0xB6D4, 0xA674, 0xAE94, 0xB6D4, 0xB6F3, 0xB711, 0xBF31, 0xBF11, 0xBED2, 0xB691,
  0xBEF1, 0xB6F0, 0xBF52, 0xBF11, 0xBF31, 0xC751, 0xBF10, 0xB6F0, 0xB6EF, 0xB6CE, 0xB6CF, 0xBF11,
  0xBEF0, 0xBEF0, 0xC752, 0xC732, 0xBED0, 0xB6B0, 0xBEF2, 0xD794, 0xCF73, 0xB6D0, 0xBEF1, 0xCFB4,
  0xDFF5, 0xCF73, 0xB6D1, 0xD7D5, 0xE7F7, 0xDFF6, 0xBEF2, 0xCF74, 0xDFF7, 0xE7F7, 0xE7F7, 0xCF54,
  0xD795, 0xE7F7, 0xE7F8, 0xB6B2, 0x5386, 0x4324, 0x4B45, 0x3AC3, 0xAE51, 0xE7F8, 0xE7F9, 0xDFB7,
  0xDFF8, 0xEFFA, 0xDFD7, 0xE7F8, 0xE7F8, 0xE7F7, 0xE7F8, 0xE7F7, 0xE7F8, 0xDF97, 0x5366, 0x42E4,
  0x4B05, 0x4B05, 0x4B05, 0x4B05, 0x4B05, 0x4B05, 0x4B05, 0x4B05, 0x4B25, 0x4B25, 0x4304, 0x4B04,
  0x5326, 0x4AE5, 0x5325, 0x4B25, 0x3AA3, 0x8D4E, 0xE7FA, 0xCF57, 0xC735, 0xC6F5, 0xDFB8, 0xD797,
  0xBF11, 0xBEF0, 0xBEF2, 0xBF13, 0xBEF3, 0xC754, 0xBEF1, 0xBEF0, 0xBEF0, 0xBEF0, 0xB6D1, 0xBEF2,
  0xB6D1, 0xBF12, 0xBEF0, 0xB6CF, 0xBF10, 0xB6EF, 0xB710, 0xB6EF, 0xB6EF, 0xBF2F, 0xB6F0, 0xB6F1,
  0xB6F0, 0xBF30, 0xBF10, 0xB6F0, 0xBF12, 0xBF12, 0xB6EF, 0xBF2F, 0xB710, 0xB6F0, 0xB710, 0xBF31,
  0xB712, 0xBF12, 0xBF30, 0xB6EF, 0xB6EF, 0xBECF, 0xBEB1, 0xBED1, 0xBEF1, 0xB6F0, 0xBF30, 0xB70F,
  0xB6EF, 0xB6F0, 0xB6F0, 0xB6F0, 0xBF30, 0xBF30, 0xBF11, 0xB6F0, 0xBF0F, 0xB6CE, 0xBEF0, 0xBEF1,
  0xB6D0, 0xBED0, 0xBEF0, 0xC711, 0xC731, 0xBEF0, 0xBED0, 0xBF11, 0xCF72, 0xC731, 0xB6D0, 0xC752,
  0xEFF6, 0xDFD5, 0xBED1, 0xCF54, 0xE7F7, 0xE7F7, 0xEFF8, 0xCF75, 0xCF75, 0xD7B6, 0xDFB6, 0xA5EF,
  0x3AC3, 0x4B04, 0x4B25, 0x3AA3, 0xA5F0, 0xDF96, 0xDFB7, 0xE7D7, 0xEFF9, 0xD796, 0xA610, 0xE7F8,
  0xE7F9, 0xE7F9, 0xE7F9, 0xE7D8, 0xE7F9, 0xDF97, 0x5366, 0x42E4, 0x4B05, 0x4B05, 0x4B05, 0x4B05,
  0x4B05, 0x4B05, 0x4B05, 0x4B05, 0x4B25, 0x42E4, 0x5345, 0x4B24, 0x4B05, 0x4AE5, 0x5325, 0x4B04,
  0x4B04, 0xCF35, 0xCF35, 0xBEF4, 0xCF75, 0xC734, 0xCF75, 0xC734, 0xB6F0, 0xB6F0, 0xB6D0, 0xBEF2,
  0xB6D1, 0xBF12, 0xBEF0, 0xBF10, 0xB6CF, 0xBF10, 0xB6F0, 0xBF11, 0xB6D0, 0xBEF0, 0xBF10, 0xBF0F,
  0xB6EF, 0xB710, 0xBF30, 0xB70F, 0xB70E, 0xBF0F, 0xB6D0, 0xBF10, 0xB6F0, 0xBF0F, 0xB6EF, 0xB6F0,
  0xBF12, 0xBEF2, 0xB6EF, 0xB70F, 0xBF30, 0xB6EE, 0xB70E, 0xBF2F, 0xAECF, 0xB6EF, 0xBF30, 0xBF0F,
  0xBF0F, 0xBF10, 0xBED0, 0xBEF1, 0xBEF0, 0xBEF0, 0xBF2F, 0xB6EF, 0xBF10, 0xB6F0, 0xBEF1, 0xBEF1,
  0xB6CF, 0xB6EF, 0xBF10, 0xBF10, 0xBF0F, 0xB6EE, 0xBF11, 0xBEF1, 0xBEF0, 0xBF10, 0xBEF0, 0xB6CF,
  0xB6AE, 0xC730, 0xBEEF, 0xB6CF, 0xBF10, 0xB6CF, 0xBEF0, 0xC732, 0xCF93, 0xCF73, 0xBEF1, 0xCF53,
  0xD7D5, 0xC733, 0xDFF6, 0xD7B5, 0xD795, 0xC6F2, 0xEFF8, 0xAE50, 0x3AC3, 0x5345, 0x4B04, 0x42C3,
  0xA5EF, 0xD776, 0xDFB7, 0xEFF8, 0xEFF8, 0xA5CF, 0x63C7, 0xE7F8, 0xE7F9, 0xE7F9, 0xE7F9, 0xE7D8,
  0xE7F9, 0xDF97, 0x5B67, 0x42E4, 0x4B05, 0x4B05, 0x4B05, 0x4B05, 0x4B05, 0x4B05, 0x4B05, 0x4B05,
  0x4B05, 0x4B04, 0x4B04, 0x4B04, 0x4B04, 0x4B04, 0x4B04, 0x4B04, 0x4B04, 0xB692, 0xC6F3, 0xC733,
  0xC712, 0xBF12, 0xC772, 0xBEF0, 0xBEF0, 0xBEF0, 0xBEF0, 0xBEF0, 0xBEF0, 0xBEF0, 0xBEF0, 0xBEF0,
  0xBEF0, 0xBEF0, 0xBEF0, 0xBEF0, 0xBEF0, 0xBEF0, 0xBEF0, 0xBF10, 0xBF10, 0xB710, 0xB710, 0xBF10,
  0xBF0F, 0xBF0F, 0xBEF0, 0xBEF0, 0xBF10, 0xBF10, 0xBF10, 0xBEF0, 0xBEF1, 0xBEF1, 0xBEF0, 0xBF10,
  0xBF10, 0xB6F0, 0xB6EF, 0xB6EF, 0xBF10, 0xBF10, 0xBF10, 0xB6EF, 0xBF10, 0xBEF0, 0xBEF0, 0xBF11,
  0xBF11, 0xBF10, 0xBEF0, 0xBF10, 0xBF10, 0xBF11, 0xBF11, 0xBF11, 0xBF10, 0xBF10, 0xBF11, 0xBF10,
  0xBF30, 0xBF10, 0xBEF0, 0xBEF0, 0xBEF0, 0xBEF0, 0xBEF0, 0xBF10, 0xBEF0, 0xBEEF, 0xBF10, 0xBF10,
  0xBF10, 0xBEF0, 0xBEF0, 0xBEF0, 0xB6D0, 0xBF31, 0xB6AF, 0xCF73, 0xCF93, 0xB6D0, 0xCF73, 0xC732,
  0xD7B4, 0xCF73, 0xC713, 0x74A9, 0x42E3, 0x4B45, 0x4B25, 0x3AA3, 0xAE31, 0xCF34, 0xDF96, 0xEFF9,
  0xBED3, 0x42E4, 0x6C49, 0xE7F8, 0xD796, 0xCF75, 0x9DCF, 0xBEB2, 0xEFF8, 0xDF97, 0x4B25, 0x4B25,
  0x4B05, 0x4B05, 0x4B05, 0x4B05, 0x4B05, 0x4B04, 0x4B04, 0x4B04, 0x4B04, 0x4B04, 0x4B04, 0x4B04,
  0x4B04, 0x4B04, 0x4B04, 0x4B04, 0x42E4, 0xBEB2, 0xBED2, 0x9DCD, 0xBF11, 0xB6F0, 0xB6EF, 0xB6EF,
  0xBF10, 0xBEF0, 0xBEF0, 0xBEF0, 0xBEF0, 0xBEF0, 0xBEF0, 0xBEF0, 0xBEF0, 0xBEF0, 0xBEF0, 0xBEF0,
  0xBEF0, 0xBEF0, 0xBEF0, 0xBEF0, 0xBEF0, 0xBEF0, 0xBEF0, 0xBEF0, 0xBEF0, 0xBEF0, 0xBEF0, 0xBEF0,
  0xB6F0, 0xBF10, 0xBF10, 0xBF10, 0xB6F0, 0xB6F0, 0xB6F0, 0xBEF0, 0xB6F0, 0xBEF0, 0xBF10, 0xBF10,
  0xBF10, 0xBF10, 0xBF11, 0xBF31, 0xB6F0, 0xB6AF, 0xAE8E, 0xAE8E, 0xAE8E, 0xAE8E, 0xAE8E, 0xAE8F,
  0xAE8E, 0xAE8E, 0xAE8E, 0xAE8E, 0xAE8E, 0xAE8E, 0xAE8E, 0xAE8E, 0xA66E, 0xAEAF, 0xB6F0, 0xBF31,
  0xBF31, 0xBF10, 0xBF10, 0xBF10, 0xBF10, 0xBF10, 0xB6EF, 0xB6EF, 0xB6F0, 0xB6F0, 0xBF10, 0xBF10,
  0xB6CF, 0xBF10, 0xB6AF, 0xC751, 0xC751, 0xB6CF, 0xBF31, 0xBEF0, 0xC752, 0xC753, 0xA62F, 0x4303,
  0x4304, 0x42E4, 0x4B45, 0x42E4, 0xA5CF, 0xDFB6, 0xE7D7, 0xD755, 0x63C7, 0x3AA3, 0x6C4A, 0xEFF9,
  0xCF54, 0xAE50, 0x4303, 0x5BA6, 0xD775, 0xE7F8, 0x5366, 0x42E4, 0x4B05, 0x4B05, 0x4B05, 0x4B05,
  0x4B05, 0x4B04, 0x4B04, 0x4B04, 0x4B04, 0x4B04, 0x4B04, 0x4B04, 0x4B04, 0x4B04, 0x4B04, 0x4B04,
  0x4B04, 0xAE30, 0x9DCE, 0x5BE6, 0xB6D1, 0xBF11, 0xB6EF, 0xBF50, 0xBF10, 0xBEF0, 0xBEF0, 0xBEF0,
  0xBEF0, 0xBEF0, 0xBEF0, 0xBEF0, 0xBEF0, 0xBEF0, 0xBEF0, 0xBEF0, 0xBEF0, 0xBEF0, 0xBEF0, 0xBEF0,
  0xBEF0, 0xBEF0, 0xBEF0, 0xBEF0, 0xBEF0, 0xBEF0, 0xBEF0, 0xBEF0, 0xB6F0, 0xBEF0, 0xBEF0, 0xBEF0,
  0xBEF0, 0xBEF0, 0xBF10, 0xBF10, 0xBF10, 0xBF10, 0xBF10, 0xB6F0, 0xAEAF, 0xAE8E, 0xAE8E, 0xAEAF,
  0xA66E, 0x9E2D, 0x95EC, 0x95EC, 0x95EC, 0x9DEC, 0x95EC, 0x95EC, 0x95EC, 0x95EC, 0x95EC, 0x95EC,
  0x95EC, 0x95EC, 0x95EC, 0x95EC, 0x9E0C, 0x9E2D, 0xA66E, 0xAE8F, 0xAE8F, 0xAE8F, 0xB6CF, 0xBF10,
  0xBF30, 0xBF10, 0xB6EF, 0xBF10, 0xBF10, 0xBEF0, 0xBEF0, 0xBEF0, 0xBF10, 0xBEF0, 0xB6CF, 0xBF10,
  0xBF10, 0xB6CF, 0xB6F0, 0xB6F0, 0xB6D0, 0xBF12, 0x7CC9, 0x42E3, 0x5365, 0x4B24, 0x4304, 0x3AA3,
  0xAE31, 0xD755, 0xE7F7, 0xA5CF, 0x4B24, 0x4304, 0x63E8, 0xBED3, 0xCF54, 0x9DAE, 0x53A6, 0x3AA2,
  0xAE30, 0xE7F8, 0x5346, 0x4B05, 0x4B05, 0x4B05, 0x4B05, 0x4B05, 0x4B05, 0x4B04, 0x4B04, 0x4B04,
  0x4B04, 0x4B04, 0x4B04, 0x4B04, 0x4B04, 0x4B04, 0x4B04, 0x4B04, 0x42C3, 0x9D8E, 0x958D, 0x3AE2,
  0x8D6B, 0xBEF1, 0xBF30, 0xB6EF, 0xBF10, 0xBEF0, 0xBEF0, 0xBEF0, 0xBEF0, 0xBEF0, 0xBEF0, 0xBEF0,
  0xBEF0, 0xBEF0, 0xBEF0, 0xBEF0, 0xBEF0, 0xBEF0, 0xBEF0, 0xBEF0, 0xBEF0, 0xBEF0, 0xBEF0, 0xBEF0,
  0xBEF0, 0xBEF0, 0xBEF0, 0xBEF0, 0xBF10, 0xB6F0, 0xB6D0, 0xB6F0, 0xBF10, 0xBF31, 0xBF10, 0xB6F0,
  0xAEAF, 0xAEAF, 0xAE8F, 0xA66E, 0x9E0D, 0x95EC, 0x95EC, 0x9DEC, 0x9E0D, 0x9DEC, 0x95EC, 0x9DEC,
  0x9E0C, 0x9DEC, 0x95EC, 0x95EC, 0x9DEC, 0x9DEC, 0x9DEC, 0x9DEC, 0x9DEC, 0x9DEC, 0x9DEC, 0x9DEC,
  0x95EC, 0x9DEC, 0x9E0C, 0x9DEC, 0x95EC, 0x9DEC, 0xA64D, 0xAE8E, 0xAE8E, 0xAEAE, 0xB6CF, 0xBF10,
  0xBF30, 0xBF10, 0xB6F0, 0xB6EF, 0xBF10, 0xB6F0, 0xB6F0, 0xBEF0, 0xBF10, 0xBF10, 0xB6F0, 0xBF10,
  0xBF11, 0xB6B0, 0x53A5, 0x4324, 0x4324, 0x4B04, 0x4B45, 0x4304, 0x954D, 0xCF14, 0xEFF8, 0xA610,
  0x3AC3, 0x4B45, 0x3282, 0x850C, 0xDFD7, 0x5BC6, 0x42E3, 0x4304, 0x956E, 0xBEB3, 0x4B05, 0x4B05,
  0x4B05, 0x4B05, 0x4B05, 0x4B05, 0x4B05, 0x4B04, 0x4B04, 0x4B04, 0x4B05, 0x4B05, 0x4B04, 0x4B04,
  0x4B04, 0x4B04, 0x4B05, 0x4B05, 0x4B25, 0x42E3, 0x42E3, 0x3AE2, 0x852B, 0xBEF1, 0xBF10, 0xBF10,
  0xBEF0, 0xBEF0, 0xBEF0, 0xBEF0, 0xBEF0, 0xBEF0, 0xBEF0, 0xBEF0, 0xBEF0, 0xBEF0, 0xBEF0, 0xBEF0,
  0xBEF0, 0xBEF0, 0xBEF0, 0xBEF0, 0xBEF0, 0xBEF0, 0xBEF0, 0xBEF0, 0xBEF0, 0xBEF0, 0xBEF0, 0xBEF0,
  0xBF10, 0xBF10, 0xBF10, 0xBF10, 0xBEF0, 0xB6D0, 0xAEAF, 0xAE8E, 0x9E0C, 0x9E0C, 0x9E0C, 0x95EC,
  0x95EC, 0x95EC, 0x95EC, 0x9DEC, 0x95EC, 0x95EC, 0x9E0C, 0x9E0D, 0x9E0D, 0x9E0C, 0x9E0C, 0x9E0C,
  0x9E0C, 0x9E0C, 0x9E0C, 0x9E0C, 0x9E0C, 0x9E0C, 0x9E0C, 0x9E0C, 0x95EC, 0x95EC, 0x9DEC, 0x9E0C,
  0x95EC, 0x95EC, 0x95EC, 0x9E0C, 0x95EC, 0x9E0C, 0x9E2D, 0xAE8E, 0xB6CF, 0xB6F0, 0xBF10, 0xBF10,
  0xBF10, 0xB6CF, 0xBF10, 0xB6EF, 0xB6F0, 0xBF10, 0xB6EF, 0xBEF0, 0xBEF1, 0xAE6F, 0x5384, 0x42E3,
  0x4B24, 0x42E3, 0x5366, 0x4B04, 0x42E4, 0x84CB, 0xD775, 0x9DCF, 0x3AA2, 0x5386, 0x4304, 0x748A,
  0xB6B2, 0x5BA6, 0x42E3, 0x4304, 0x4304, 0x42E4, 0x42E4, 0x5366, 0x4B05, 0x4B05, 0x4B05, 0x4B05,
  0x4B05, 0x4B05, 0x4B04, 0x4B04, 0x4B05, 0x4B05, 0x4B05, 0x4B04, 0x4B04, 0x4B05, 0x4B05, 0x4B05,
  0x4304, 0x4304, 0x5365, 0x4323, 0x4323, 0x9E0D, 0xBF11, 0xB6CF, 0xBEF0, 0xBEF0, 0xBEF0, 0xBEF0,
  0xBEF0, 0xBEF0, 0xBEF0, 0xBEF0, 0xBEF0, 0xBEF0, 0xBEF0, 0xBEF0, 0xBEF0, 0xBEF0, 0xBEF0, 0xBEF0,
  0xBEF0, 0xBEF0, 0xBEF0, 0xBEF0, 0xBEF0, 0xBEF0, 0xBEF0, 0xBEF0, 0xB6F0, 0xBF10, 0xBF31, 0xBEF0,
  0xAE8F, 0xA62D, 0x9E0C, 0x9E0C, 0x95EC, 0x95EC, 0x95EC, 0x95EC, 0x95EC, 0x9E0C, 0x9E0C, 0x9E0C,
  0x95EC, 0x95EC, 0x95EC, 0x9DEC, 0x95EC, 0x95CC, 0x95EC, 0x9E0C, 0x95EC, 0x95EC, 0x95EC, 0x95EC,
  0x95EC, 0x95EC, 0x95EC, 0x95EC, 0x9E0C, 0x9DEC, 0x9E0C, 0x9E0C, 0x9E0C, 0x9E0C, 0x95EC, 0x95EC,
  0x95EC, 0x95CB, 0x95CB, 0x9E0C, 0xA62D, 0xAE8E, 0xB6CF, 0xBF10, 0xBEF0, 0xB6F0, 0xBF10, 0xB6EF,
  0xB6EF, 0xBF10, 0xB6EF, 0xB6F0, 0xBEF1, 0xBED1, 0x53A5, 0x4303, 0x4B45, 0x4B45, 0x4304, 0x42E4,
  0x4B25, 0x5345, 0xAE51, 0x956D, 0x4B04, 0x4304, 0x4B25, 0x4B25, 0x4B24, 0x4303, 0x5365, 0x4B24,
  0x4B24, 0x4B25, 0x4B25, 0x42C4, 0x4B05, 0x4B05, 0x4B05, 0x4B05, 0x4B05, 0x4B05, 0x4B04, 0x4B04,
  0x4B05, 0x4B05, 0x4B05, 0x4B05, 0x4B05, 0x4B05, 0x4B05, 0x4B05, 0x4B25, 0x4305, 0x4B04, 0x4324,
  0x3AE2, 0x9E0E, 0xC731, 0xC731, 0xBEF0, 0xBEF0, 0xBEF0, 0xBEF0, 0xBEF0, 0xBEF0, 0xBEF0, 0xBEF0,
  0xBEF0, 0xBEF0, 0xBEF0, 0xBEF0, 0xBEF0, 0xBEF0, 0xBEF0, 0xBEF0, 0xBEF0, 0xBEF0, 0xBEF0, 0xBEF0,
  0xBEF0, 0xBEF0, 0xBEF0, 0xBEF0, 0xB6F0, 0xB6F0, 0xB6CF, 0xAE8E, 0x9E2D, 0x95EC, 0x95CC, 0x95EC,
  0x9E0C, 0x9E0C, 0x9E0C, 0x9E0C, 0x9DEC, 0x9DEC, 0x95EC, 0x95EC, 0x9E0D, 0x9E0C, 0x9E0C, 0x9E0C,
  0x9E0C, 0x9DEC, 0x9E0C, 0x9E0D, 0x9E0C, 0x9E0C, 0x9E0C, 0x9E0C, 0x9E0C, 0x9E0C, 0x9E0C, 0x9E0C,
  0x9E0C, 0x9DEC, 0x95EC, 0x95EC, 0x9DEC, 0x9DEC, 0x9E0C, 0x9E0C, 0x9E0D, 0x9E0C, 0x95EC, 0x95EB,
  0x95EC, 0x9E0C, 0xA66D, 0xAEAE, 0xB6EF, 0xBF10, 0xBF10, 0xBF10, 0xBEF0, 0xBF10, 0xBF10, 0xBEF0,
  0xC732, 0xA62F, 0x4B64, 0x4303, 0x42E3, 0x5345, 0x42E4, 0x5345, 0x4B04, 0x42E4, 0x7449, 0x8D0C,
  0x42E3, 0x4B24, 0x42E4, 0x4B25, 0x4B24, 0x42E3, 0x4B24, 0x42E4, 0x4B24, 0x4B04, 0x42C4, 0x4B25,
  0x4B05, 0x4B05, 0x4B05, 0x4B05, 0x4B05, 0x4B05, 0x4B04, 0x4B04, 0x4B05, 0x4B05, 0x4B05, 0x4B05,
  0x4B05, 0x4B05, 0x4B05, 0x4B05, 0x42E5, 0x4B25, 0x4304, 0x4B24, 0x4B23, 0xA64F, 0xBEF1, 0xB6D0,
  0xBEF0, 0xBEF0, 0xBEF0, 0xBEF0, 0xBEF0, 0xBEF0, 0xBEF0, 0xBEF0, 0xBEF0, 0xBEF0, 0xBEF0, 0xBEF0,
  0xBEF0, 0xBEF0, 0xBEF0, 0xBEF0, 0xBEF0, 0xBEF0, 0xBEF0, 0xBEF0, 0xBEF0, 0xBEF0, 0xBEF0, 0xBEF0,
  0xBF31, 0xB6AF, 0xA62D, 0x95EC, 0x95EC, 0x9DEC, 0x9E0C, 0x9E0C, 0x95EC, 0x95EC, 0x95EC, 0x9DEC,
  0x95EC, 0x95EC, 0x95EC, 0x9DEC, 0x9DEC, 0x95EC, 0x95EC, 0x95EC, 0x9DEC, 0x95EC, 0x95EC, 0x95EC,
  0x9DEC, 0x9DEC, 0x9DEC, 0x9DEC, 0x9DEC, 0x9DEC, 0x9DEC, 0x9DEC, 0x9DEC, 0x95EC, 0x95EC, 0x9DEC,
  0x9DEC, 0x95EC, 0x95EC, 0x9DEC, 0x95EC, 0x95EC, 0x9E0C, 0x9E0C, 0x95EC, 0x95CB, 0x95EC, 0x9E0C,
  0xAEAE, 0xBF10, 0xB6F0, 0xBEF0, 0xBEF0, 0xBEF0, 0xBF10, 0xB6D0, 0xB6D0, 0x6427, 0x4B23, 0x4303,
  0x5365, 0x42C4, 0x4B25, 0x4B04, 0x4B04, 0x5345, 0x42E4, 0x4B24, 0x4B04, 0x5345, 0x4B25, 0x42E4,
  0x4B04, 0x4B45, 0x42E3, 0x4B25, 0x4B25, 0x42E4, 0x5346, 0x4B04, 0x4B05, 0x4B05, 0x4B05, 0x4B05,
  0x4B05, 0x4B05, 0x4B05, 0x4B04, 0x4B05, 0x4B05, 0x4B05, 0x4B05, 0x4B05, 0x4B05, 0x4B05, 0x4B05,
  0x4B25, 0x4305, 0x42E4, 0x4B45, 0x3AE2, 0xA62F, 0xBED0, 0xBF11, 0xBEF0, 0xBEF0, 0xBEF0, 0xBEF0,
  0xBEF0, 0xBEF0, 0xBEF0, 0xBEF0, 0xBEF0, 0xBEF0, 0xBEF0, 0xBEF0, 0xBEF0, 0xBEF0, 0xBEF0, 0xBEF0,
  0xB6F0, 0xB6F0, 0xBF10, 0xBF10, 0xB6EF, 0xBEF0, 0xBF10, 0xBEF0, 0xB6F0, 0xA64D, 0x95EC, 0x9DEC,
  0x9E0C, 0x95EC, 0x95EC, 0x9E0C, 0x9DEC, 0x9DEC, 0x9DEC, 0x9DEC, 0x9DEC, 0x9DEC, 0x9DEC, 0x9DEC,
  0x9DEC, 0x9DEC, 0x9DEC, 0x9DEC, 0x9DEC, 0x9DEC, 0x9DEC, 0x9DEC, 0x9DEC, 0x9DEC, 0x9DEC, 0x9DEC,
  0x9DEC, 0x9DEC, 0x9DEC, 0x9DEC, 0x9DEC, 0x9DEC, 0x9DEC, 0x9DEC, 0x9DEC, 0x9DEC, 0x9DEC, 0x9DEC,
  0x960C, 0x960C, 0x960C, 0x960C, 0x960C, 0x960C, 0x9DEC, 0x9DEC, 0x9E0C, 0x9E0C, 0xBEF0, 0xB6F0,
  0xBF10, 0xBF10, 0xBEF0, 0xB6CF, 0xBF11, 0x5BE6, 0x3AC2, 0x4B24, 0x4B25, 0x4B25, 0x4B05, 0x4B05,
  0x4B05, 0x4B04, 0x4B04, 0x4B04, 0x4B04, 0x4B04, 0x4B05, 0x4B25, 0x4B24, 0x4B24, 0x4B24, 0x4B24,
  0x4B05, 0x4B05, 0x4B05, 0x4B05, 0x4B05, 0x4B05, 0x4B05, 0x4B05, 0x4B05, 0x4B05, 0x4B05, 0x4B05,
  0x4B05, 0x4B05, 0x4B05, 0x4B05, 0x4B05, 0x4B05, 0x4B05, 0x4B05, 0x4B05, 0x4B25, 0x4B04, 0x4B24,
  0x4303, 0xAE4F, 0xC732, 0xBED0, 0xBEF0, 0xBEF0, 0xBEF0, 0xBEF0, 0xBEF0, 0xBEF0, 0xBEF0, 0xBEF0,
  0xBEF0, 0xBEF0, 0xBEF0, 0xBEF0, 0xBEF0, 0xBEF0, 0xBEF0, 0xBEF0, 0xBEF0, 0xB6F0, 0xBF10, 0xBF10,
  0xB6F0, 0xBEF0, 0xBF10, 0xB6F0, 0xAE6E, 0x9E0D, 0x95CC, 0x95EC, 0x9E0C, 0x9DEC, 0x95EC, 0x9E0C,
  0x9DEC, 0x9DEC, 0x9DEC, 0x9DEC, 0x9DEC, 0x9DEC, 0x9DEC, 0x9DEC, 0x9DEC, 0x9DEC, 0x9DEC, 0x9DEC,
  0x9DEC, 0x9DEC, 0x9DEC, 0x9DEC, 0x9DEC, 0x9DEC, 0x9DEC, 0x9DEC, 0x9DEC, 0x9DEC, 0x9DEC, 0x9DEC,
  0x9DEC, 0x9DEC, 0x9DEC, 0x9DEC, 0x9DEC, 0x9DEC, 0x9DEC, 0x9DEC, 0x960C, 0x960C, 0x960C, 0x960C,
  0x960C, 0x960C, 0x9DEC, 0x9DEC, 0x95CB, 0x9E0C, 0xB6F0, 0xBF10, 0xBEF0, 0xBEF0, 0xBF10, 0xBEF0,
  0xBEF1, 0x63E6, 0x4B64, 0x4303, 0x42E4, 0x4B05, 0x4B25, 0x4B05, 0x4B05, 0x4B04, 0x4B04, 0x4B04,
  0x4B04, 0x4B04, 0x4B05, 0x4B05, 0x4B24, 0x4B24, 0x4B04, 0x4B05, 0x4B05, 0x4B05, 0x4B05, 0x4B05,
  0x4B05, 0x4B05, 0x4B05, 0x4B05, 0x4B05, 0x4B05, 0x4B05, 0x4B05, 0x4B05, 0x4B05, 0x4B05, 0x4B05,
  0x4B05, 0x4B05, 0x4B05, 0x4B05, 0x4AE5, 0x4B26, 0x4B05, 0x4304, 0x4B23, 0x95AD, 0xCF52, 0xB6D0,
  0xBEF0, 0xBEF0, 0xBEF0, 0xBEF0, 0xBEF0, 0xBEF0, 0xBEF0, 0xBEF0, 0xBEF0, 0xBEF0, 0xBEF0, 0xBEF0,
  0xBEF0, 0xBEF0, 0xBEF0, 0xBEF0, 0xBF10, 0xB6F0, 0xBEF0, 0xBF10, 0xB6F0, 0xBEF0, 0xBEF0, 0xB6CF,
  0x9E0C, 0x95EC, 0x95EC, 0x95EC, 0x9E0C, 0x9E0C, 0x9DEC, 0x9DEC, 0x9DEC, 0x9DEC, 0x9DEC, 0x9DEC,
  0x9DEC, 0x9DEC, 0x9DEC, 0x9DEC, 0x9DEC, 0x9DEC, 0x9DEC, 0x9DEC, 0x9DEC, 0x9DEC, 0x9DEC, 0x9DEC,
  0x9DEC, 0x9DEC, 0x9DEC, 0x9DEC, 0x9DEC, 0x9DEC, 0x9DEC, 0x9DEC, 0x9DEC, 0x9DEC, 0x9DEC, 0x9DEC,
  0x9DEC, 0x9DEC, 0x9DEC, 0x9DEC, 0x960C, 0x960C, 0x960C, 0x960C, 0x960C, 0x960C, 0x9DEC, 0x9DEC,
  0x9E0C, 0x95CC, 0x9E2D, 0xBF11, 0xBF11, 0xB6D0, 0xBEF0, 0xBEF1, 0xC712, 0x5385, 0x4323, 0x4303,
  0x4B25, 0x4B25, 0x4B05, 0x4B05, 0x4B05, 0x4B04, 0x4B04, 0x4B04, 0x4B04, 0x4B04, 0x4B05, 0x4B05,
  0x4B05, 0x4B05, 0x4B05, 0x4B05, 0x4B05, 0x4B05, 0x4B05, 0x4B05, 0x4B05, 0x4B05, 0x4B05, 0x4B05,
  0x4B05, 0x4B05, 0x4B05, 0x4B05, 0x4B05, 0x4B05, 0x4B05, 0x4B05, 0x4B05, 0x4B05, 0x4B05, 0x4B05,
  0x4AE5, 0x4B05, 0x4B05, 0x4B25, 0x4323, 0x6C47, 0xBED1, 0xBEF1, 0xBEF0, 0xBEF0, 0xBEF0, 0xBEF0,
  0xBEF0, 0xBEF0, 0xBEF0, 0xBEF0, 0xBEF0, 0xBEF0, 0xBEF0, 0xBEF0, 0xBEF0, 0xBEF0, 0xBEF0, 0xBEF0,
  0xBF10, 0xB6F0, 0xB6F0, 0xBEF0, 0xB6F0, 0xBF10, 0xB6F0, 0xAEAF, 0x95EC, 0x9E0C, 0x9E0C, 0x9DEC,
  0x9DEC, 0x9E0C, 0x9E0C, 0x95EC, 0x9DEC, 0x9DEC, 0x9DEC, 0x9DEC, 0x9DEC, 0x9DEC, 0x9DEC, 0x9DEC,
  0x9DEC, 0x9DEC, 0x9DEC, 0x9DEC, 0x9DEC, 0x9DEC, 0x9DEC, 0x9DEC, 0x9DEC, 0x9DEC, 0x9DEC, 0x9DEC,
  0x9DEC, 0x9DEC, 0x9DEC, 0x9DEC, 0x9DEC, 0x9DEC, 0x9DEC, 0x9DEC, 0x9DEC, 0x9DEC, 0x9DEC, 0x95EC,
  0x960C, 0x960C, 0x960C, 0x960C, 0x960C, 0x95EC, 0x9DEC, 0x9DEC, 0x9E2D, 0x9DEC, 0x9DEC, 0xBF11,
  0xBF11, 0xBEF0, 0xBEF1, 0xBED0, 0xBEF2, 0x6407, 0x42E3, 0x42E3, 0x5366, 0x4B25, 0x42E4, 0x4B05,
  0x4B05, 0x4B05, 0x4B04, 0x4B04, 0x4B04, 0x4B04, 0x4B05, 0x4B05, 0x4B05, 0x4B05, 0x4B05, 0x4B05,
  0x4B05, 0x4B05, 0x4B05, 0x4B05, 0x4B05, 0x4B05, 0x4B05, 0x4B05, 0x4B05, 0x4B05, 0x4B05, 0x4B05,
  0x4B05, 0x4B05, 0x4B05, 0x4B05, 0x4B05, 0x4B05, 0x4B05, 0x4B05, 0x4B05, 0x4B05, 0x4B05, 0x4B25,
  0x4303, 0x5364, 0xB68F, 0xBF11, 0xBEF0, 0xBEF0, 0xBEF0, 0xBEF0, 0xBEF0, 0xBEF0, 0xBEF0, 0xBEF0,
  0xBEF0, 0xBEF0, 0xBEF0, 0xBEF0, 0xBEF0, 0xBEF0, 0xBEF0, 0xBEF0, 0xBF10, 0xB6F0, 0xB6F0, 0xBEF0,
  0xBEF0, 0xBF10, 0xB6F0, 0xAE8E, 0x95EC, 0x9E0C, 0x9E0C, 0x9DEC, 0x95EC, 0x9E0C, 0x9E0C, 0x9DEC,
  0x9DEC, 0x9DEC, 0x9DEC, 0x9DEC, 0x9DEC, 0x9DEC, 0x9DEC, 0x9DEC, 0x9DEC, 0x9DEC, 0x9DEC, 0x9DEC,
  0x9DEC, 0x9DEC, 0x9DEC, 0x9DEC, 0x9DEC, 0x9DEC, 0x9DEC, 0x9DEC, 0x9DEC, 0x9DEC, 0x9DEC, 0x9DEC,
  0x9DEC, 0x9DEC, 0x9DEC, 0x9DEC, 0x9DEC, 0x9DEC, 0x9DEC, 0x95EC, 0x960C, 0x960C, 0x960C, 0x960C,
  0x960C, 0x95EC, 0x9DEC, 0x9DEC, 0x8D8B, 0x9E0D, 0xA64E, 0xBEF1, 0xB6B0, 0xBED0, 0xBF11, 0xB6B0,
  0xBED1, 0x9DCE, 0x5365, 0x42E3, 0x4B04, 0x4B05, 0x4B05, 0x4B05, 0x4B05, 0x4B05, 0x4B04, 0x4B04,
  0x4B04, 0x4B04, 0x4B05, 0x4B05, 0x4B05, 0x4B05, 0x4B05, 0x4B05, 0x4B05, 0x4B05, 0x4B05, 0x4B05,
  0x4B05, 0x4B05, 0x4B05, 0x4B05, 0x4B05, 0x4B05, 0x4B05, 0x4B05, 0x4B05, 0x4B05, 0x4B05, 0x4B05,
  0x4B05, 0x4B05, 0x4B05, 0x4B05, 0x5325, 0x4B05, 0x4B05, 0x4B04, 0x4303, 0x5384, 0xB6B0, 0xBEF1,
  0xBEF0, 0xBEF0, 0xBEF0, 0xBEF0, 0xBEF0, 0xBEF0, 0xBEF0, 0xBEF0, 0xBEF0, 0xBEF0, 0xBEF0, 0xBEF0,
  0xBEF0, 0xBEF0, 0xBEF0, 0xBEF0, 0xBF10, 0xB6F0, 0xB6F0, 0xBEF0, 0xBEF0, 0xBF10, 0xB6F0, 0xAEAF,
  0x95EC, 0x9DEC, 0x9DEC, 0x95EC, 0x95EC, 0x9DEC, 0x9E0C, 0x9E0C, 0x9DEC, 0x9DEC, 0x9DEC, 0x9DEC,
  0x9DEC, 0x9DEC, 0x9DEC, 0x9DEC, 0x9DEC, 0x9DEC, 0x9DEC, 0x9DEC, 0x9DEC, 0x9DEC, 0x9DEC, 0x9DEC,
  0x9DEC, 0x9DEC, 0x9DEC, 0x9DEC, 0x9DEC, 0x9DEC, 0x9DEC, 0x9DEC, 0x9DEC, 0x9DEC, 0x9DEC, 0x9DEC,
  0x9DEC, 0x9DEC, 0x9DEC, 0x95EC, 0x960C, 0x960C, 0x960C, 0x960C, 0x960C, 0x95EC, 0x9DEC, 0x9DEC,
  0xA64E, 0x9E0D, 0xA64E, 0xC732, 0xC732, 0xC712, 0xC732, 0xC732, 0xC733, 0xB670, 0x5385, 0x4B04,
  0x4B04, 0x4AE5, 0x4B05, 0x5325, 0x4B05, 0x4B05, 0x4B04, 0x4B04, 0x4B04, 0x4B04, 0x4B05, 0x4B05,
  0x4B05, 0x4B05, 0x4B05, 0x4B05, 0x4B05, 0x4B05, 0x4B05, 0x4B05, 0x4B05, 0x4B05, 0x4B05, 0x4B05,
  0x4B05, 0x4B05, 0x4B05, 0x4B05, 0x4B05, 0x4B05, 0x4B05, 0x4B05, 0x4B05, 0x4B05, 0x4B05, 0x4B05,
  0x5325, 0x4B05, 0x4B25, 0x4B04, 0x4B03, 0x5BA5, 0xB6B0, 0xBEF0, 0xBEF0, 0xBEF0, 0xBEF0, 0xBEF0,
  0xBEF0, 0xBEF0, 0xBEF0, 0xBEF0, 0xBEF0, 0xBEF0, 0xBEF0, 0xBEF0, 0xBEF0, 0xBEF0, 0xBEF0, 0xBEF0,
  0xBEF0, 0xB6F0, 0xBEF0, 0xBF10, 0xB6F0, 0xBF10, 0xBEF0, 0xB6AF, 0x9DEC, 0x95EC, 0x95EC, 0x9DEC,
  0x9DEC, 0x9DEC, 0x9DEC, 0x9E0C, 0x9DEC, 0x9DEC, 0x9DEC, 0x9DEC, 0x9DEC, 0x9DEC, 0x9DEC, 0x9DEC,
  0x9DEC, 0x9DEC, 0x9DEC, 0x9DEC, 0x9DEC, 0x9DEC, 0x9DEC, 0x9DEC, 0x9DEC, 0x9DEC, 0x9DEC, 0x9DEC,
  0x9DEC, 0x9DEC, 0x9DEC, 0x9DEC, 0x9DEC, 0x9DEC, 0x9DEC, 0x9DEC, 0x9DEC, 0x9DEC, 0x9DEC, 0x95EC,
  0x960C, 0x960C, 0x960C, 0x960C, 0x960C, 0x95EC, 0x9DEC, 0x9DEC, 0x95CC, 0x6C67, 0x6426, 0x74A8,
  0x7CC9, 0x7488, 0x6C88, 0x7488, 0xAE2F, 0x8D2B, 0x4303, 0x4B24, 0x4B25, 0x4AE5, 0x4B05, 0x4B05,
  0x4B05, 0x4B05, 0x4B04, 0x4B04, 0x4B04, 0x4B04, 0x4B05, 0x4B05, 0x4B05, 0x4B05, 0x4B05, 0x4B05,
  0x4B05, 0x4B05, 0x4B05, 0x4B05, 0x4B05, 0x4B05, 0x4B05, 0x4B05, 0x4B05, 0x4B05, 0x4B05, 0x4B05,
  0x4B05, 0x4B05, 0x4B05, 0x4B05, 0x4B05, 0x4B05, 0x4B05, 0x4B05, 0x4B05, 0x42E4, 0x4B25, 0x4B24,
  0x4B03, 0x5384, 0xB68F, 0xBF11, 0xBEF0, 0xBF10, 0xBEF0, 0xBEF0, 0xBEF0, 0xBEF0, 0xBEF0, 0xBEF0,
  0xBEF0, 0xBEF0, 0xBF10, 0xBF10, 0xBF10, 0xBEF0, 0xBEF0, 0xBEF0, 0xBEF0, 0xB6F0, 0xBEF0, 0xBF10,
  0xB6F0, 0xBF10, 0xBEF0, 0xB6CF, 0x9E0C, 0x9E0C, 0x9DEC, 0x9E0C, 0x9E0C, 0x95EC, 0x95EC, 0x95EC,
  0x9DEC, 0x9DEC, 0x9DEC, 0x9DEC, 0x9DEC, 0x9DEC, 0x9DEC, 0x9DEC, 0x9DEC, 0x9DEC, 0x9DEC, 0x9DEC,
  0x9DEC, 0x9DEC, 0x9DEC, 0x9DEC, 0x9DEC, 0x9DEC, 0x9DEC, 0x9DEC, 0x9DEC, 0x9DEC, 0x9DEC, 0x9DEC,
  0x9DEC, 0x9DEC, 0x9DEC, 0x9DEC, 0x9DEC, 0x9DEC, 0x9DEC, 0x9DEC, 0x960C, 0x960C, 0x960C, 0x960C,
  0x95EC, 0x95EC, 0x9DEC, 0x9DEC, 0x9E2D, 0x7CE9, 0x6446, 0x4302, 0x3AC1, 0x4303, 0x4303, 0x32A2,
  0x6407, 0x5385, 0x42E3, 0x4B24, 0x4B04, 0x4B05, 0x5346, 0x42E4, 0x4B05, 0x4B05, 0x4B04, 0x4B04,
  0x4B04, 0x4B05, 0x4B05, 0x4B05, 0x4B05, 0x4B05, 0x4B05, 0x4B05, 0x4B05, 0x4B05, 0x4B05, 0x4B05,
  0x4B05, 0x4B05, 0x4B05, 0x4B05, 0x4B05, 0x4B05, 0x4B05, 0x4B05, 0x4B05, 0x4B05, 0x4B05, 0x4B05,
  0x4B05, 0x4B05, 0x4B05, 0x4B05, 0x42E4, 0x4B25, 0x4B04, 0x4304, 0x5364, 0x4B64, 0xB690, 0xC711,
  0xB6CF, 0xBF10, 0xBEF0, 0xB6F0, 0xBF31, 0xBF11, 0xB6D0, 0xBEF0, 0xB6EF, 0xBF30, 0xBF0F, 0xBF10,
  0xB6CF, 0xBF10, 0xB6D0, 0xB6F0, 0xBEF0, 0xBEF0, 0xBEF0, 0xBEF0, 0xBEF0, 0xBEF0, 0xBEF0, 0xBEF0,
  0xAEAE, 0x9E2D, 0x95CB, 0x95EC, 0x9E0C, 0x9DEC, 0x95EC, 0x9E0C, 0x95EC, 0x9DEC, 0x9E0C, 0x9E0C,
  0x9DEC, 0x9DEC, 0x9DEC, 0x9DEC, 0x95EC, 0x95EC, 0x95EC, 0x9DEC, 0x9DEC, 0x95EC, 0x95EC, 0x9DEC,
  0x9DEC, 0x9DEC, 0x9DEC, 0x95EC, 0x95EC, 0x95EC, 0x95EC, 0x9DEC, 0x9E0C, 0x9E0C, 0x95EC, 0x95EC,
  0x95EC, 0x95EC, 0x9DEC, 0x9E0C, 0x9DEC, 0x9E0C, 0x9E0D, 0x95CC, 0x9DED, 0x95CC, 0x9DED, 0x9E0C,
  0x95EB, 0xB6CF, 0xBEF0, 0x6426, 0x4323, 0x4303, 0x4B25, 0x4B25, 0x4B04, 0x4B04, 0x4B04, 0x4B05,
  0x4B05, 0x4B05, 0x4B05, 0x4B05, 0x4B05, 0x4B05, 0x4B05, 0x4B05, 0x4B05, 0x4B05, 0x4B05, 0x4B05,
  0x4B05, 0x4B05, 0x4B05, 0x4B05, 0x4B05, 0x4B05, 0x4B05, 0x4B05, 0x4B05, 0x4B05, 0x4B05, 0x4B05,
  0x4B05, 0x4B05, 0x4B05, 0x4B05, 0x4B05, 0x4B05, 0x4B05, 0x4B05, 0x4B04, 0x4B04, 0x4B05, 0x4B05,
  0x4B45, 0x42E4, 0x4304, 0x4B24, 0x4303, 0x4B64, 0xC712, 0xB6D0, 0xBF10, 0xB6EF, 0xB6F0, 0xB6D0,
  0xB6B0, 0xBF11, 0xCF73, 0xBF11, 0xC731, 0xB6CF, 0xB6CE, 0xBF30, 0xBF10, 0xBF30, 0xBF11, 0xBF11,
  0xBEF0, 0xBEF0, 0xBEF0, 0xBEF0, 0xBEF0, 0xBEF0, 0xBEF0, 0xBEF0, 0xBF10, 0xAE6E, 0x95EC, 0x95CB,
  0x9DEC, 0x9E0C, 0x9E0C, 0x9DEC, 0x9DEC, 0x9E0C, 0x9E0C, 0x9DEC, 0x95EC, 0x95EC, 0x95EC, 0x95EC,
  0x9E0C, 0x9E0C, 0x9DEC, 0x9DEC, 0x9DEC, 0x9DEC, 0x9DEC, 0x9DEC, 0x9DEC, 0x9DEC, 0x9DEC, 0x9DEC,
  0x9DEC, 0x9E0C, 0x9E0C, 0x9E0C, 0x95CB, 0x95CC, 0x95EC, 0x9DEC, 0x9E0C, 0x9E0C, 0x9E0C, 0x9E0C,
  0x95CB, 0x9DEC, 0x9DEC, 0x9E0D, 0x9E0D, 0x95CC, 0x9DED, 0x95CB, 0xA64D, 0xAE8E, 0xBF10, 0xAE6E,
  0x5BC5, 0x4B24, 0x4B26, 0x4B05, 0x4B05, 0x4B05, 0x4B05, 0x4B05, 0x4B05, 0x4B05, 0x4B25, 0x4B25,
  0x4B05, 0x4B05, 0x4B05, 0x4B05, 0x4B05, 0x4B05, 0x4B05, 0x4B05, 0x4B05, 0x4B05, 0x4B05, 0x4B05,
  0x4B05, 0x4B05, 0x4B05, 0x4B05, 0x4B05, 0x4B05, 0x4B05, 0x4B05, 0x4B05, 0x4B05, 0x4B05, 0x4B05,
  0x4B05, 0x4B05, 0x4B05, 0x4B05, 0x4B04, 0x4B04, 0x4B05, 0x4B05, 0x4B25, 0x4B25, 0x42E4, 0x4B45,
  0x4B44, 0x4B23, 0xB690, 0xC711, 0xB6CF, 0xB6CF, 0xBF11, 0xC752, 0xAE8F, 0x95AC, 0x9DCD, 0xA62D,
  0xBF10, 0xB6CF, 0xBF0F, 0xBF0F, 0xB6CF, 0xB6EF, 0xBF31, 0xB6D0, 0xBEF0, 0xBEF0, 0xBEF0, 0xBEF0,
  0xBEF0, 0xBEF0, 0xBEF0, 0xBEF0, 0xBF10, 0xB6CF, 0xAE6E, 0x9E2D, 0x95EC, 0x95EB, 0x95EC, 0x95EC,
  0x95EC, 0x95EC, 0x95EC, 0x95EC, 0x9DEC, 0x9E0C, 0x9E0C, 0x9E0C, 0x95EC, 0x95EC, 0x95EC, 0x95EC,
  0x9DEC, 0x9E0C, 0x9E0C, 0x9E0C, 0x95EC, 0x95EC, 0x95EC, 0x9DEC, 0x9DEC, 0x9DEC, 0x9DEC, 0x9DEC,
  0x9E0C, 0x9E0C, 0x9E0C, 0x95EC, 0x95EC, 0x95EC, 0x95EC, 0x95EB, 0xA62C, 0x9DEB, 0x95AB, 0x9E0D,
  0x9DED, 0x95CC, 0xA62E, 0xA64E, 0xB6CF, 0xB6CF, 0xBF10, 0xC731, 0x6C47, 0x42E3, 0x4AE5, 0x4B05,
  0x4B05, 0x4B05, 0x4B05, 0x4B05, 0x4B05, 0x4B05, 0x4B05, 0x4B05, 0x4B05, 0x4B05, 0x4B05, 0x4B05,
  0x4B05, 0x4B05, 0x4B05, 0x4B05, 0x4B05, 0x4B05, 0x4B05, 0x4B05, 0x4B05, 0x4B05, 0x4B05, 0x4B05,
  0x4B05, 0x4B05, 0x4B05, 0x4B05, 0x4B05, 0x4B05, 0x4B05, 0x4B05, 0x4B05, 0x4B05, 0x4B05, 0x4B05,
  0x4B04, 0x4B04, 0x4B05, 0x4B05, 0x42E4, 0x5346, 0x42E4, 0x4B24, 0x4B45, 0x4B64, 0xB670, 0xC711,
  0xBF31, 0xBF11, 0xBEF1, 0x95CD, 0x6447, 0x32A1, 0x32A0, 0x74A8, 0xC731, 0xBEF0, 0xC730, 0xBEEF,
  0xBF10, 0xB6EF, 0xBF31, 0xB6F0, 0xBEF0, 0xBEF0, 0xBEF0, 0xBEF0, 0xBEF0, 0xBEF0, 0xBEF0, 0xBEF0,
  0xB6CF, 0xBF10, 0xBF10, 0xB6AF, 0xA66D, 0x9E2D, 0x9DEC, 0x95CB, 0x9E0C, 0x9E0C, 0x9DEC, 0x9DEC,
  0x9DEC, 0x95EC, 0x95EC, 0x95EC, 0x95EC, 0x9DEC, 0x9E0C, 0x9DEC, 0x9DEC, 0x9E0C, 0x9E0C, 0x9DEC,
  0x95EC, 0x95EC, 0x9DEC, 0x9DEC, 0x9DEC, 0x9DEC, 0x9DEC, 0x9DEC, 0x95EC, 0x9DEC, 0x9DEC, 0x9DEC,
  0x9DEC, 0x9DEC, 0x9E0C, 0x9E0C, 0x95EB, 0x9DEB, 0x9E2C, 0x9E0D, 0x95CC, 0xA62E, 0xA62E, 0x9E0D,
  0xAE6E, 0xC751, 0xBF10, 0xB6D0, 0x9DAD, 0x4B24, 0x4B04, 0x4B25, 0x4B05, 0x4B05, 0x4B05, 0x4B05,
  0x4B05, 0x4B05, 0x4B05, 0x4B05, 0x4B05, 0x4B05, 0x4B05, 0x4B05, 0x4B05, 0x4B05, 0x4B05, 0x4B05,
  0x4B05, 0x4B05, 0x4B05, 0x4B05, 0x4B05, 0x4B05, 0x4B05, 0x4B05, 0x4B05, 0x4B05, 0x4B05, 0x4B05,
  0x4B05, 0x4B05, 0x4B05, 0x4B05, 0x4B05, 0x4B05, 0x4B05, 0x4B05, 0x4B04, 0x4B04, 0x4B05, 0x4B05,
  0x4B25, 0x4B25, 0x4304, 0x4B04, 0x42E3, 0x5BC6, 0xBED2, 0xBED1, 0xBEF1, 0xA64F, 0x8D6B, 0x4343,
  0x4302, 0x53A5, 0x4323, 0x6C88, 0xC711, 0xBEF0, 0xB6EF, 0xB6CF, 0xC751, 0xB6F0, 0xB6F0, 0xBF30,
  0xBEF0, 0xBEF0, 0xBEF0, 0xBEF0, 0xBEF0, 0xBEF0, 0xBEF0, 0xBEF0, 0xBF10, 0xBF10, 0xBF10, 0xBEF0,
  0xBF10, 0xB6F0, 0xAE8E, 0x9E0C, 0x9E0C, 0x9DEC, 0x95EC, 0x9DEC, 0x9E0C, 0x9DEC, 0x9DEC, 0x9E0C,
  0x9DEC, 0x9E0C, 0x9E0C, 0x9E0C, 0x9DEC, 0x9E0C, 0x95EC, 0x95CC, 0x9E0C, 0x9E0C, 0x9E0C, 0x9E0C,
  0x9E0C, 0x9E0C, 0x9E0C, 0x9DEC, 0x95CC, 0x95EC, 0x9E0C, 0x9E0C, 0x9E0C, 0x9DEC, 0x95EC, 0x9DEC,
  0x9E0C, 0x95EB, 0x9E0C, 0x95EC, 0xB6D0, 0xCF94, 0x854B, 0x3B01, 0x8D8B, 0xC731, 0xBED0, 0xB6B0,
  0xC712, 0x5BC6, 0x4B04, 0x4B04, 0x4B05, 0x4B05, 0x4B05, 0x4B05, 0x4B05, 0x4B05, 0x4B05, 0x4B05,
  0x4B05, 0x4B05, 0x4B05, 0x4B05, 0x4B05, 0x4B05, 0x4B05, 0x4B05, 0x4B05, 0x4B05, 0x4B05, 0x4B05,
  0x4B05, 0x4B05, 0x4B05, 0x4B05, 0x4B05, 0x4B05, 0x4B05, 0x4B05, 0x4B05, 0x4B05, 0x4B05, 0x4B05,
  0x4B05, 0x4B05, 0x4B05, 0x4B05, 0x4B04, 0x4B04, 0x4B05, 0x4B05, 0x4B25, 0x4B05, 0x4B05, 0x4B25,
  0x4B24, 0x4B44, 0x9DCE, 0xCF53, 0xBED1, 0x53A5, 0x4302, 0x4323, 0x4B64, 0x4B24, 0x3AE2, 0x852A,
  0xBEF1, 0xC731, 0xC731, 0xBEF0, 0xBEF0, 0xB6EF, 0xB6EF, 0xB6F0, 0xBF10, 0xBEF0, 0xBEF0, 0xBEF0,
  0xBEF0, 0xBEF0, 0xBEF0, 0xBEF0, 0xBF10, 0xBF10, 0xB6F0, 0xB6F0, 0xBF10, 0xBF10, 0xBF10, 0xB6CF,
  0xA66E, 0xA64D, 0xA62D, 0xA62D, 0x9E2D, 0x95EC, 0x95EC, 0x9E0C, 0x95CB, 0x95EC, 0x95EC, 0x95EC,
  0x95EC, 0x9E0C, 0x9E0C, 0x95EC, 0x9E0C, 0x9DEC, 0x9DEC, 0x95EC, 0x95EC, 0x95EC, 0x9DEC, 0x9DEC,
  0x9DEC, 0x9DEC, 0x95EC, 0x95CC, 0x95CC, 0x95EC, 0x9E2D, 0xA64D, 0xA64C, 0xA64C, 0xBF10, 0xB6D0,
  0xBEF1, 0x9DED, 0x53C5, 0x32A0, 0x95AC, 0xC732, 0xB6B0, 0xC6F1, 0xC712, 0x63E6, 0x4B03, 0x42E3,
  0x4B04, 0x4B05, 0x4B05, 0x4B05, 0x4B05, 0x4B05, 0x4B05, 0x4B05, 0x4B05, 0x4B05, 0x4B05, 0x4B05,
  0x4B05, 0x4B05, 0x4B05, 0x4B05, 0x4B05, 0x4B05, 0x4B05, 0x4B05, 0x4B05, 0x4B05, 0x4B05, 0x4B05,
  0x4B05, 0x4B05, 0x4B05, 0x4B05, 0x4B05, 0x4B05, 0x4B05, 0x4B05, 0x4B05, 0x4B05, 0x4B05, 0x4B05,
  0x4B04, 0x4B04, 0x4B04, 0x4B05, 0x4B05, 0x4B25, 0x4B25, 0x4B25, 0x5365, 0x3AC2, 0x6C48, 0xBEF2,
  0x6427, 0x4B24, 0x4B44, 0x4324, 0x3AC3, 0x42E3, 0x6427, 0xBED2, 0xC712, 0xAE6F, 0xAE8F, 0xBF31,
  0xBEF0, 0xBF10, 0xBF30, 0xB710, 0xBF10, 0xBEF0, 0xBEF0, 0xBEF0, 0xBEF0, 0xBEF0, 0xBEF0, 0xBEF0,
  0xB6EF, 0xBEF0, 0xBF10, 0xB6F0, 0xB6CF, 0xB6F0, 0xBF10, 0xBF31, 0xBF31, 0xBF10, 0xB6F0, 0xB6CF,
  0xAE6E, 0x9E0D, 0x9DEC, 0x9E0C, 0x9E2D, 0x9E2D, 0x9E0D, 0x95EC, 0x95EC, 0x9E0C, 0x9E0C, 0x9E0C,
  0x9DEC, 0x95EC, 0x95EC, 0x95EC, 0x95EC, 0x9DEC, 0x9E0C, 0x9E0C, 0x9E2D, 0x9E2D, 0x9E0D, 0x9E0C,
  0x9E2D, 0xA66E, 0xB6CF, 0xBF10, 0xBF10, 0xB6CE, 0xBF10, 0xBF11, 0xBEF1, 0x6427, 0x4303, 0x4323,
  0x852B, 0xC712, 0xBED1, 0xC6F2, 0xBED1, 0x63E6, 0x4B24, 0x4B44, 0x4B25, 0x4B25, 0x4B05, 0x4B05,
  0x4B05, 0x4B05, 0x4B05, 0x4B05, 0x4B05, 0x4B05, 0x4B05, 0x4B05, 0x4B05, 0x4B05, 0x4B05, 0x4B05,
  0x4B05, 0x4B05, 0x4B05, 0x4B05, 0x4B05, 0x4B05, 0x4B05, 0x4B05, 0x4B05, 0x4B05, 0x4B05, 0x4B05,
  0x4B05, 0x4B05, 0x4B05, 0x4B05, 0x4B05, 0x4B05, 0x4B05, 0x4B05, 0x4B04, 0x4B04, 0x4B04, 0x4B05,
  0x4B25, 0x4304, 0x4B25, 0x42E4, 0x4304, 0x4B24, 0x6407, 0x8D4C, 0x4303, 0x4324, 0x42E3, 0x4B24,
  0x4B65, 0x3AC2, 0x63E7, 0xC6F2, 0xBED2, 0x6406, 0x6426, 0xB6D0, 0xBF31, 0xB6EF, 0xB70F, 0xB70F,
  0xBF10, 0xBEF0, 0xBEF0, 0xBEF0, 0xBEF0, 0xBEF0, 0xBEF0, 0xBEF0, 0xBF10, 0xBEF0, 0xBEF0, 0xBF10,
  0xBF10, 0xBF10, 0xB6F0, 0xB6EF, 0xB6F0, 0xB6F0, 0xBF10, 0xBF10, 0xBF10, 0xB6CF, 0xB6F0, 0xBF31,
  0xB6F0, 0xB6F0, 0xAE8E, 0x9E2D, 0x9E0C, 0x9E0C, 0x9E0C, 0x9DEC, 0x9E0C, 0x9E0C, 0x9E0C, 0x9E0C,
  0x9E0C, 0x9E2D, 0x9E2D, 0xA64D, 0xB6F0, 0xBEF0, 0xBF10, 0xBF10, 0xB6F0, 0xB6F0, 0xB6F0, 0xBEF0,
  0xBF10, 0xBF10, 0xB6D0, 0xBEF1, 0xBF12, 0x5BC6, 0x4324, 0x4304, 0x4303, 0xA60F, 0xB691, 0xB671,
  0xBED2, 0x63E7, 0x42E3, 0x4B24, 0x4B25, 0x4B25, 0x4B05, 0x4B05, 0x4B05, 0x4B05, 0x4B05, 0x4B05,
  0x4B05, 0x4B05, 0x4B05, 0x4B05, 0x4B05, 0x4B05, 0x4B05, 0x4B05, 0x4B05, 0x4B05, 0x4B05, 0x4B05,
  0x4B05, 0x4B05, 0x4B05, 0x4B05, 0x4B05, 0x4B05, 0x4B05, 0x4B05, 0x4B05, 0x4B05, 0x4B05, 0x4B05,
  0x4B05, 0x4B05, 0x4B05, 0x4B05, 0x4B04, 0x4B04, 0x4B04, 0x4B05, 0x4B05, 0x4B05, 0x4B05, 0x4B05,
  0x4B24, 0x4B24, 0x4B24, 0x4B24, 0x42E4, 0x4B25, 0x4B45, 0x42E3, 0x4B24, 0x4304, 0x5BC7, 0xC6F3,
  0xC6F2, 0x5BE6, 0x53A4, 0xBF11, 0xBEF0, 0xBF10, 0xB6EF, 0xBF0F, 0xBF10, 0xBEF0, 0xBEF0, 0xBEF0,
  0xBEF0, 0xBEF0, 0xBEF0, 0xBEF0, 0xBEF0, 0xBEF0, 0xBEF0, 0xBEF0, 0xBEF0, 0xBEF0, 0xBEF0, 0xBEF0,
  0xBEF0, 0xBEF0, 0xBEF0, 0xBEF0, 0xBEF0, 0xBEF0, 0xBEF0, 0xBEF0, 0xB6F0, 0xB6F0, 0xB6F0, 0xB6F0,
  0xB6F0, 0xB6F0, 0xB6F0, 0xB6F0, 0xB6F0, 0xB6F0, 0xB6F0, 0xB6F0, 0xB6F0, 0xB6F0, 0xB6F0, 0xB6F0,
  0xBEF0, 0xBEF0, 0xBEF0, 0xBEF0, 0xBEF0, 0xBEF0, 0xBEF0, 0xBEF0, 0xB6CF, 0xBF10, 0xBF11, 0xBEF1,
  0xBED1, 0x6407, 0x42E3, 0x4B25, 0x4B24, 0x4B25, 0x4B45, 0x5345, 0x5345, 0x5345, 0x4B24, 0x4B24,
  0x4B04, 0x4B05, 0x4B05, 0x4B05, 0x4B05, 0x4B05, 0x4B05, 0x4B05, 0x4B05, 0x4B05, 0x4B05, 0x4B05,
  0x4B05, 0x4B05, 0x4B05, 0x4B05, 0x4B05, 0x4B05, 0x4B05, 0x4B05, 0x4B05, 0x4B05, 0x4B05, 0x4B05,
  0x4B05, 0x4B05, 0x4B05, 0x4B05, 0x4B05, 0x4B05, 0x4B05, 0x4B05, 0x4B05, 0x4B05, 0x4B05, 0x4B04,
  0x4B04, 0x4B04, 0x4B04, 0x4B04, 0x4B05, 0x4B05, 0x4B05, 0x4B05, 0x4B24, 0x4B24, 0x4B24, 0x4B24,
  0x4B25, 0x4B25, 0x4B05, 0x4304, 0x4B45, 0x42E4, 0x5BC7, 0xC6F3, 0xBED2, 0x5BC6, 0x5BC5, 0xBF11,
  0xBF11, 0xBF10, 0xBF10, 0xB70F, 0xBF10, 0xBEF0, 0xBEF0, 0xBEF0, 0xBEF0, 0xBEF0, 0xBEF0, 0xBEF0,
  0xBEF0, 0xBEF0, 0xBEF0, 0xBEF0, 0xBEF0, 0xBEF0, 0xBEF0, 0xBEF0, 0xBEF0, 0xBEF0, 0xBEF0, 0xBEF0,
  0xBEF0, 0xBEF0, 0xBEF0, 0xBEF0, 0xBEF0, 0xBEF0, 0xBEF0, 0xBEF0, 0xBEF0, 0xBEF0, 0xBEF0, 0xBEF0,
  0xB6F0, 0xB6F0, 0xB6F0, 0xB6F0, 0xB6F0, 0xB6F0, 0xB6F0, 0xB6F0, 0xBEF0, 0xBEF0, 0xBEF0, 0xBEF0,
  0xBEF0, 0xBEF0, 0xBEF0, 0xBEF0, 0xBF10, 0xB6F0, 0xB6D0, 0xB6D1, 0xBEF2, 0x6407, 0x4B24, 0x4304,
  0x4305, 0x4B05, 0x4B05, 0x4B25, 0x4B25, 0x4B04, 0x4B04, 0x4B04, 0x4B05, 0x4B05, 0x4B05, 0x4B05,
  0x4B05, 0x4B05, 0x4B05, 0x4B05, 0x4B05, 0x4B05, 0x4B05, 0x4B05, 0x4B05, 0x4B05, 0x4B05, 0x4B05,
  0x4B05, 0x4B05, 0x4B05, 0x4B05, 0x4B05, 0x4B05, 0x4B05, 0x4B05, 0x4B05, 0x4B05, 0x4B05, 0x4B05,
  0x4B05, 0x4B05, 0x4B05, 0x4B05, 0x4B05, 0x4B05, 0x4B05, 0x4B04, 0x4B04, 0x4B04, 0x4B04, 0x4B04,
  0x4B05, 0x4B05, 0x4B05, 0x4B05, 0x4B05, 0x4B24, 0x4B24, 0x4B24, 0x4B45, 0x4305, 0x4304, 0x4B04,
  0x4B25, 0x42C3, 0x63E7, 0xCF34, 0x850C, 0x4324, 0x6406, 0xBEF2, 0xC731, 0xB6AF, 0xBF10, 0xBF0F,
  0xBF10, 0xBEF0, 0xBEF0, 0xBEF0, 0xBEF0, 0xBEF0, 0xBEF0, 0xBEF0, 0xBEF0, 0xBEF0, 0xBEF0, 0xBEF0,
  0xBEF0, 0xBEF0, 0xBEF0, 0xBEF0, 0xBEF0, 0xBEF0, 0xBEF0, 0xBEF0, 0xBEF0, 0xBEF0, 0xBEF0, 0xBEF0,
  0xBEF0, 0xBEF0, 0xBEF0, 0xBEF0, 0xBEF0, 0xBEF0, 0xBEF0, 0xBEF0, 0xBF10, 0xBF10, 0xBF10, 0xBF10,
  0xBF10, 0xBF10, 0xBF10, 0xBF10, 0xBEF0, 0xBEF0, 0xBEF0, 0xBEF0, 0xBEF0, 0xBEF0, 0xBEF0, 0xBEF0,
  0xBF10, 0xB6F0, 0xBEF1, 0xBEF1, 0xBEF2, 0x5BA6, 0x4304, 0x4304, 0x4B05, 0x4B05, 0x4B05, 0x4B05,
  0x4B05, 0x4B05, 0x4B05, 0x4B05, 0x4B05, 0x4B05, 0x4B05, 0x4B05, 0x4B05, 0x4B05, 0x4B05, 0x4B05,
  0x4B05, 0x4B05, 0x4B05, 0x4B05, 0x4B05, 0x4B05, 0x4B05, 0x4B05, 0x4B05, 0x4B05, 0x4B05, 0x4B05,
  0x4B05, 0x4B05, 0x4B05, 0x4B05, 0x4B05, 0x4B05, 0x4B05, 0x4B05, 0x4B05, 0x4B05, 0x4B05, 0x4B05,
  0x4B05, 0x4B05, 0x4B05, 0x4B04, 0x4B04, 0x4B24, 0x4B04, 0x4B04, 0x4B25, 0x4B05, 0x4B05, 0x4B05,
  0x4B05, 0x4B05, 0x4B24, 0x4B04, 0x4B05, 0x42E4, 0x4B04, 0x4B25, 0x4B04, 0x42C3, 0x6C08, 0xCF34,
  0x6C49, 0x3AC3, 0x4303, 0x8D6C, 0xBF11, 0xBEF0, 0xBF30, 0xB6EF, 0xBF10, 0xBEF0, 0xBEF0, 0xBEF0,
  0xBEF0, 0xBEF0, 0xBEF0, 0xBEF0, 0xBEF0, 0xBEF0, 0xBEF0, 0xBEF0, 0xBEF0, 0xBEF0, 0xBEF0, 0xBEF0,
  0xBEF0, 0xBEF0, 0xBEF0, 0xBEF0, 0xBEF0, 0xBEF0, 0xBEF0, 0xBEF0, 0xBEF0, 0xBEF0, 0xBEF0, 0xBEF0,
  0xBEF0, 0xBEF0, 0xBEF0, 0xBEF0, 0xBF10, 0xBF10, 0xBF10, 0xBF10, 0xBF10, 0xBF10, 0xBF10, 0xBF10,
  0xBEF0, 0xBEF0, 0xBEF0, 0xBEF0, 0xBEF0, 0xBEF0, 0xBEF0, 0xBF10, 0xB6F0, 0xB6F0, 0xBF11, 0xBEF1,
  0xBEF2, 0x6C48, 0x3AE3, 0x4B25, 0x4B25, 0x4B05, 0x4B05, 0x4B05, 0x4B05, 0x4B05, 0x4B05, 0x4B25,
  0x4B05, 0x4B05, 0x4B05, 0x4B05, 0x4B05, 0x4B05, 0x4B05, 0x4B05, 0x4B05, 0x4B05, 0x4B05, 0x4B05,
  0x4B05, 0x4B05, 0x4B05, 0x4B05, 0x4B05, 0x4B05, 0x4B05, 0x4B05, 0x4B05, 0x4B05, 0x4B05, 0x4B05,
  0x4B05, 0x4B05, 0x4B05, 0x4B05, 0x4B05, 0x4B05, 0x4B05, 0x4B05, 0x4B05, 0x4B05, 0x4B05, 0x4B24,
  0x4B24, 0x4B24, 0x4B24, 0x4B04, 0x4B25, 0x4B05, 0x4B05, 0x4B05, 0x4B05, 0x4B05, 0x4B04, 0x4B04,
  0x4B05, 0x4B05, 0x4B25, 0x4B25, 0x4B24, 0x42E3, 0x63E7, 0xA5F0, 0x5B86, 0x4B24, 0x3AC3, 0x6C68,
  0xC712, 0xBF11, 0xBF10, 0xB6EF, 0xBF10, 0xBEF0, 0xBEF0, 0xBEF0, 0xBEF0, 0xBEF0, 0xBEF0, 0xBEF0,
  0xBEF0, 0xBEF0, 0xBEF0, 0xBEF0, 0xBEF0, 0xBEF0, 0xBEF0, 0xBEF0, 0xBEF0, 0xBEF0, 0xBEF0, 0xBEF0,
  0xBEF0, 0xBEF0, 0xBEF0, 0xBEF0, 0xBEF0, 0xBEF0, 0xBEF0, 0xBEF0, 0xBEF0, 0xBEF0, 0xBEF0, 0xBEF0,
  0xBEF0, 0xBEF0, 0xBEF0, 0xBEF0, 0xBEF0, 0xBEF0, 0xBEF0, 0xBEF0, 0xBEF0, 0xBEF0, 0xBEF0, 0xBEF0,
  0xBEF0, 0xBEF0, 0xBEF0, 0xBF10, 0xB710, 0xB6F0, 0xB6F0, 0xB6D0, 0xC752, 0x9DCD, 0x4303, 0x4B24,
  0x4B05, 0x4B05, 0x4B05, 0x4B05, 0x4B05, 0x4B05, 0x4B05, 0x4B05, 0x4B05, 0x4B05, 0x4B05, 0x4B05,
  0x4B05, 0x4B05, 0x4B05, 0x4B05, 0x4B05, 0x4B05, 0x4B05, 0x4B05, 0x4B05, 0x4B05, 0x4B05, 0x4B05,
  0x4B05, 0x4B05, 0x4B05, 0x4B05, 0x4B05, 0x4B05, 0x4B05, 0x4B05, 0x4B05, 0x4B05, 0x4B05, 0x4B05,
  0x4B05, 0x4B05, 0x4B05, 0x4B05, 0x4B05, 0x4B05, 0x4B05, 0x4B24, 0x4B24, 0x4B24, 0x4B24, 0x4B24,
  0x4B25, 0x4B05, 0x4B05, 0x4B05, 0x4B05, 0x4B05, 0x4B04, 0x4B04, 0x4B05, 0x4B05, 0x4B04, 0x4B04,
  0x4B24, 0x4B04, 0x5345, 0x63E8, 0x3AA3, 0x4B45, 0x4B24, 0x7489, 0xC733, 0xB6D0, 0xB6CF, 0xBF10,
  0xBEF0, 0xBEF0, 0xBEF0, 0xBEF0, 0xBEF0, 0xBEF0, 0xBEF0, 0xBEF0, 0xBEF0, 0xBEF0, 0xBEF0, 0xBEF0,
  0xBEF0, 0xBEF0, 0xBEF0, 0xBEF0, 0xBEF0, 0xBEF0, 0xBEF0, 0xBEF0, 0xBEF0, 0xBEF0, 0xBEF0, 0xBEF0,
  0xBEF0, 0xBEF0, 0xBEF0, 0xBEF0, 0xBEF0, 0xBEF0, 0xBEF0, 0xBEF0, 0xBEF0, 0xBEF0, 0xBEF0, 0xBEF0,
  0xBEF0, 0xBEF0, 0xBEF0, 0xBEF0, 0xBEF0, 0xBEF0, 0xBEF0, 0xBEF0, 0xBEF0, 0xBEF0, 0xBEF0, 0xB710,
  0xB710, 0xB710, 0xB6F0, 0xB6F0, 0xBF11, 0xB690, 0x5BA5, 0x4303, 0x4B04, 0x4B05, 0x4B05, 0x4B05,
  0x4B05, 0x4B05, 0x4B05, 0x4B05, 0x4B05, 0x4B05, 0x4B05, 0x4B05, 0x4B05, 0x4B05, 0x4B05, 0x4B05,
  0x4B05, 0x4B05, 0x4B05, 0x4B05, 0x4B05, 0x4B05, 0x4B05, 0x4B05, 0x4B05, 0x4B05, 0x4B05, 0x4B05,
  0x4B05, 0x4B05, 0x4B05, 0x4B05, 0x4B05, 0x4B05, 0x4B05, 0x4B05, 0x4B05, 0x4B05, 0x4B05, 0x4B05,
  0x4B05, 0x4B05, 0x4B05, 0x4B24, 0x4B24, 0x4B24, 0x4B24, 0x4B24, 0x4B05, 0x4B05, 0x4B05, 0x4B05,
  0x4B05, 0x4B05, 0x4B05, 0x4B04, 0x4B05, 0x4B05, 0x4AE4, 0x4B04, 0x4B24, 0x4B04, 0x4B04, 0x42E4,
  0x4B25, 0x4B25, 0x3AA2, 0x6C48, 0xC733, 0xBEF1, 0xBEF0, 0xBF30, 0xBEF0, 0xBEF0, 0xBEF0, 0xBEF0,
  0xBEF0, 0xBEF0, 0xBEF0, 0xBEF0, 0xBEF0, 0xBEF0, 0xBEF0, 0xBEF0, 0xBEF0, 0xBEF0, 0xBEF0, 0xBEF0,
  0xBEF0, 0xBEF0, 0xBEF0, 0xBEF0, 0xBEF0, 0xBEF0, 0xBEF0, 0xBEF0, 0xBEF0, 0xBEF0, 0xBEF0, 0xBEF0,
  0xBEF0, 0xBEF0, 0xBEF0, 0xBEF0, 0xBEF0, 0xBEF0, 0xBEF0, 0xBEF0, 0xBEF0, 0xBEF0, 0xBEF0, 0xBEF0,
  0xBEF0, 0xBEF0, 0xBEF0, 0xBEF0, 0xBEF0, 0xBEF0, 0xBEF0, 0xB710, 0xB6EF, 0xBF10, 0xBF30, 0xBF10,
  0xB6CF, 0xBED0, 0x7CE9, 0x4303, 0x4B24, 0x4B05, 0x4B05, 0x4B05, 0x4B05, 0x4B05, 0x4B05, 0x4B05,
  0x4B05, 0x4B05, 0x4B05, 0x4B05, 0x4B05, 0x4B05, 0x4B05, 0x4B05, 0x4B05, 0x4B05, 0x4B05, 0x4B05,
  0x4B05, 0x4B05, 0x4B05, 0x4B05, 0x4B05, 0x4B05, 0x4B05, 0x4B05, 0x4B05, 0x4B05, 0x4B05, 0x4B05,
  0x4B05, 0x4B05, 0x4B05, 0x4B05, 0x4B05, 0x4B05, 0x4B05, 0x4B05, 0x4B05, 0x4B05, 0x4B05, 0x4B24,
  0x4B24, 0x4B24, 0x4B24, 0x4B24, 0x4B05, 0x4B05, 0x4B05, 0x4B05, 0x4B05, 0x4B05, 0x4B05, 0x4B04,
  0x4B04, 0x4B05, 0x4B04, 0x4B24, 0x4B24, 0x4B04, 0x4B24, 0x4B04, 0x4B25, 0x4305, 0x3AC3, 0x7CCA,
  0xC733, 0xB6D0, 0xBEF0, 0xBF10, 0xBEF0, 0xBEF0, 0xBEF0, 0xBEF0, 0xBEF0, 0xBEF0, 0xBEF0, 0xBEF0,
  0xBEF0, 0xBEF0, 0xBEF0, 0xBEF0, 0xBEF0, 0xBEF0, 0xBEF0, 0xBEF0, 0xBEF0, 0xBEF0, 0xBEF0, 0xBEF0,
  0xBEF0, 0xBEF0, 0xBEF0, 0xBEF0, 0xBF10, 0xBF10, 0xBF10, 0xBF10, 0xBF10, 0xBF10, 0xBF10, 0xBF10,
  0xBEF0, 0xBEF0, 0xBEF0, 0xBEF0, 0xBEF0, 0xBEF0, 0xBEF0, 0xBEF0, 0xBEF0, 0xBEF0, 0xBEF0, 0xBEF0,
  0xBEF0, 0xBEF0, 0xBEF0, 0xB710, 0xB710, 0xB6EF, 0xB6EF, 0xBF10, 0xB6EF, 0xC752, 0xAE4F, 0x4302,
  0x4B24, 0x4B04, 0x4B05, 0x4B05, 0x4B05, 0x4B05, 0x4B05, 0x4B05, 0x4B05, 0x4B05, 0x4B05, 0x4B05,
  0x4B05, 0x4B05, 0x4B05, 0x4B05, 0x4B05, 0x4B05, 0x4B05, 0x4B05, 0x4B05, 0x4B05, 0x4B05, 0x4B05,
  0x4B05, 0x4B05, 0x4B05, 0x4B05, 0x4B05, 0x4B05, 0x4B05, 0x4B05, 0x4B05, 0x4B05, 0x4B05, 0x4B05,
  0x4B05, 0x4B05, 0x4B05, 0x4B05
};


const uint16_t frame5_bg_g[] = {
  0xE79F, 0xE79F, 0xE79F, 0xE79F, 0xE79F, 0xE79F, 0xE79F, 0xE79F, 0xE79F, 0xE79F, 0xE79F, 0xE79F,
  0xE79F, 0xE79F, 0xE79F, 0xE79F, 0xE79F, 0xE79F, 0xE79F, 0xE79F, 0xE79F, 0xE79F, 0xE79F, 0xE79F,
  0xDF5F, 0xDF5F, 0xDF5F, 0xDF5F, 0xDF5F, 0xD75F, 0xD75F, 0xD75F, 0xD75F, 0xDF5F, 0xDF7F, 0xDF5F,
  0xD75F, 0xD75F, 0xD75F, 0xD77F, 0xD75F, 0xD75F, 0xD77F, 0xD77F, 0xD77F, 0xCF5F, 0xC73F, 0xC71F,
  0xC71F, 0xBEFF, 0xBEFF, 0xBEFF, 0xBEFF, 0xBEFF, 0xBEFF, 0xBEFF, 0xBEFF, 0xBEFF, 0xBEFF, 0xBEFF,
  0xBEFF, 0xBEFF, 0xBEFF, 0xBEFF, 0xBEFF, 0xBEFF, 0xBEFF, 0xBEFF, 0xBEFF, 0xBEFF, 0xBEFF, 0xBEFF,
  0xBEDF, 0xBEDF, 0xBEDF, 0xBEDF, 0xBEDF, 0xBEFF, 0xC71F, 0xC73F, 0xCF3F, 0xCF5F, 0xD77F, 0xD77F,
  0xD75F, 0xD77F, 0xD77F, 0xD75F, 0xD75F, 0xD75F, 0xDF7F, 0xDF5F, 0xDF5F, 0xD73F, 0xDF5F, 0xDF7F,
  0xDF5F, 0xDF5F, 0xD75F, 0xDF5F, 0xDF5F, 0xDF7F, 0xE79F, 0xE79F, 0xE79F, 0xE79F, 0xE79F, 0xE79F,
  0xE79F, 0xE79F, 0xEF9F, 0xEF9F, 0xE79F, 0xE79F, 0xE79F, 0xE79F, 0xE79F, 0xE79F, 0xE79F, 0xE79F,
  0xE79F, 0xE79F, 0xE79F, 0xE79F, 0xE79F, 0xE79F, 0xE79F, 0xE79F, 0xE79F, 0xE79F, 0xE79F, 0xE79F,
  0xE79F, 0xE79F, 0xE79F, 0xE79F, 0xE79F, 0xE79F, 0xE79F, 0xE79F, 0xE79F, 0xE79F, 0xE79F, 0xE79F,
  0xE79F, 0xE79F, 0xE79F, 0xE79F, 0xE79F, 0xE79F, 0xE79F, 0xE77F, 0xDF5F, 0xDF5F, 0xDF5F, 0xDF5F,
  0xDF5F, 0xD75F, 0xD75F, 0xD75F, 0xDF5F, 0xDF5F, 0xD75F, 0xD75F, 0xD75F, 0xD75F, 0xDF7F, 0xDF7F,
  0xD77F, 0xD77F, 0xCF5F, 0xCF3F, 0xC71F, 0xC6FF, 0xBEFF, 0xBEFF, 0xBEFF, 0xBEFF, 0xBEFF, 0xBEFF,
  0xBEFF, 0xBEDF, 0xB6DF, 0xB6DF, 0xBEDF, 0xBEDF, 0xBEDF, 0xBEDF, 0xBEDF, 0xBEDF, 0xBEDF, 0xBEDF,
  0xBEDF, 0xBEDF, 0xBEDF, 0xBEDF, 0xBEDF, 0xBEDF, 0xBEDF, 0xBEDF, 0xBEFF, 0xBEFF, 0xBEFF, 0xBEFF,
  0xBEFF, 0xBEFF, 0xBEFF, 0xBEFF, 0xBEDE, 0xC71F, 0xCF3F, 0xCF5F, 0xD75F, 0xD75F, 0xD75F, 0xD75F,
  0xDF7F, 0xD75F, 0xD73F, 0xD75F, 0xDF5F, 0xDF7F, 0xDF5F, 0xD73F, 0xDF5F, 0xDF5F, 0xD75F, 0xD75F,
  0xDF5F, 0xDF7F, 0xDF7F, 0xE77F, 0xE79F, 0xE79F, 0xE79F, 0xE79F, 0xE79F, 0xE79F, 0xE79F, 0xE79F,
  0xE79F, 0xE79F, 0xE79F, 0xE79F, 0xE79F, 0xE79F, 0xE79F, 0xE79F, 0xE79F, 0xE79F, 0xE79F, 0xE79F,
  0xE79F, 0xE79F, 0xE79F, 0xE79F, 0xE79F, 0xE79F, 0xE79F, 0xE79F, 0xE79F, 0xE79F, 0xE79F, 0xE79F,
  0xE79F, 0xE79F, 0xE79F, 0xE79F, 0xE79F, 0xE79F, 0xE79F, 0xE79F, 0xE79F, 0xE79F, 0xE79F, 0xE79F,
  0xE79F, 0xE77F, 0xDF5F, 0xDF5F, 0xDF5F, 0xDF5F, 0xDF5F, 0xDF5F, 0xDF5F, 0xDF5F, 0xDF5F, 0xDF5F,
  0xDF5F, 0xD75F, 0xD75F, 0xD75F, 0xDF7F, 0xDF7F, 0xD77F, 0xD75F, 0xCF3F, 0xCF3F, 0xC71F, 0xC6FF,
  0xBEDF, 0xBEDF, 0xBEFF, 0xBEFF, 0xBEDF, 0xBEDF, 0xBEDF, 0xBEDF, 0xBEDF, 0xB6BF, 0xB6BF, 0xB6BF,
  0xB69F, 0xB69F, 0xB69F, 0xB69F, 0xB69F, 0xB69F, 0xB69F, 0xB69F, 0xB69F, 0xB69F, 0xB69F, 0xB69F,
  0xB69F, 0xB69F, 0xB69F, 0xB6BF, 0xB6BF, 0xB6DF, 0xB6DF, 0xBEDF, 0xBEDF, 0xBEDF, 0xBEDF, 0xBEFF,
  0xBEDF, 0xBEDF, 0xC6FF, 0xC6FF, 0xC6FF, 0xCF3F, 0xD75F, 0xD75F, 0xD77F, 0xD75F, 0xD75F, 0xD75F,
  0xDF5F, 0xDF7F, 0xDF5F, 0xD73F, 0xDF5F, 0xDF5F, 0xDF5F, 0xD75F, 0xDF5F, 0xDF5F, 0xDF5F, 0xDF5F,
  0xE77F, 0xE77F, 0xE79F, 0xE79F, 0xE79F, 0xE79F, 0xE79F, 0xE79F, 0xE79F, 0xE79F, 0xE79F, 0xE79F,
  0xE79F, 0xE79F, 0xE79F, 0xE79F, 0xE79F, 0xE79F, 0xE79F, 0xE79F, 0xE79F, 0xE79F, 0xE79F, 0xE79F,
  0xE79F, 0xE79F, 0xE79F, 0xE79F, 0xE79F, 0xE79F, 0xE79F, 0xE79F, 0xE79F, 0xE79F, 0xE79F, 0xE79F,
  0xE79F, 0xE79F, 0xE79F, 0xE79F, 0xE79F, 0xE79F, 0xE79F, 0xE79F, 0xE79F, 0xDF7F, 0xDF5F, 0xDF3F,
  0xDF5F, 0xDF5F, 0xDF5F, 0xDF5F, 0xDF5F, 0xDF5F, 0xDF5F, 0xDF5F, 0xD75F, 0xD75F, 0xD75F, 0xD77F,
  0xDF7F, 0xD75F, 0xCF3F, 0xCF1F, 0xC6DE, 0xC6FF, 0xBEFF, 0xBEFF, 0xBEFF, 0xBEFF, 0xBEDF, 0xBEDF,
  0xBEDF, 0xB6BF, 0xB69F, 0xB69F, 0xB69F, 0xB69F, 0xB69F, 0xB6BF, 0xB69F, 0xB69F, 0xB69F, 0xB69F,
  0xB69F, 0xB69F, 0xB69F, 0xB69F, 0xB69F, 0xB69F, 0xB69F, 0xB69F, 0xB69F, 0xB69F, 0xB69F, 0xB69F,
  0xB69F, 0xB69F, 0xB69F, 0xB69F, 0xB6BF, 0xB6BF, 0xBEDF, 0xBEFF, 0xBEFF, 0xBEFF, 0xBEDF, 0xBEBE,
  0xBEBE, 0xC6FF, 0xCF1F, 0xCF3F, 0xCF3F, 0xD75F, 0xDF7F, 0xDF7F, 0xD75F, 0xD73F, 0xD75F, 0xDF5F,
  0xDF5F, 0xDF5F, 0xDF5F, 0xDF5F, 0xDF5F, 0xDF5F, 0xDF5F, 0xDF5F, 0xDF7F, 0xDF7F, 0xE77F, 0xE79F,
  0xE79F, 0xE79F, 0xE79F, 0xE79F, 0xE79F, 0xE79F, 0xE79F, 0xE79F, 0xE79F, 0xE79F, 0xE79F, 0xE79F,
  0xE79F, 0xE79F, 0xE79F, 0xE79F, 0xE79F, 0xE79F, 0xE79F, 0xE79F, 0xE79F, 0xE79F, 0xE79F, 0xE79F,
  0xE79F, 0xE79F, 0xE79F, 0xE79F, 0xE79F, 0xE79F, 0xE79F, 0xE79F, 0xE79F, 0xE79F, 0xE79F, 0xE79F,
  0xE7BF, 0xE79F, 0xE79F, 0xE77F, 0xDF7F, 0xDF5F, 0xDF5F, 0xDF5F, 0xDF5F, 0xDF5F, 0xDF5F, 0xDF5F,
  0xDF5F, 0xDF5F, 0xDF5F, 0xDF5F, 0xD77F, 0xD77F, 0xD77F, 0xD75F, 0xCF3F, 0xCF1F, 0xC6FF, 0xC6FF,
  0xBEDF, 0xBEFF, 0xBEFF, 0xBEFF, 0xBEDF, 0xB6DF, 0xB6BF, 0xB69F, 0xB6DF, 0xB6BF, 0xB69F, 0xB69F,
  0xB69F, 0xB69F, 0xB69F, 0xB6BF, 0xB6BF, 0xB6BF, 0xB6BF, 0xB6BF, 0xB6BF, 0xB6BF, 0xB6BF, 0xB6BF,
  0xB6BF, 0xB6BF, 0xB6BF, 0xB6BF, 0xB6BF, 0xB6BF, 0xB6BF, 0xB6BF, 0xB6BF, 0xB6BF, 0xB6BF, 0xAE9F,
  0xAE9F, 0xB69F, 0xB6BF, 0xB6BF, 0xB6BF, 0xBEDF, 0xBEDF, 0xBEDF, 0xBEFF, 0xBEDF, 0xBEDF, 0xC6DE,
  0xC6FF, 0xCF1F, 0xD75F, 0xD77F, 0xD75F, 0xD75F, 0xD75F, 0xDF7F, 0xD75F, 0xDF5F, 0xDF5F, 0xDF5F,
  0xDF5F, 0xDF5F, 0xDF5F, 0xDF5F, 0xDF5F, 0xDF5F, 0xDF7F, 0xE77F, 0xE79F, 0xE79F, 0xE79F, 0xE79F,
  0xE79F, 0xE79F, 0xE79F, 0xE79F, 0xE79F, 0xE79F, 0xE79F, 0xE79F, 0xE79F, 0xE79F, 0xE79F, 0xE79F,
  0xE79F, 0xE79F, 0xE79F, 0xE79F, 0xE79F, 0xE79F, 0xE79F, 0xE79F, 0xE79F, 0xE79F, 0xE79F, 0xE79F,
  0xE79F, 0xE79F, 0xE79F, 0xE79F, 0xE79F, 0xE79F, 0xE79F, 0xE79F, 0xE7BF, 0xE79F, 0xDF7F, 0xDF7F,
  0xDF5F, 0xDF5F, 0xDF5F, 0xDF5F, 0xDF5F, 0xDF5F, 0xDF5F, 0xDF5F, 0xDF5F, 0xDF5F, 0xDF5F, 0xDF5F,
  0xD77F, 0xD77F, 0xCF3F, 0xCF1F, 0xC6FF, 0xBEDF, 0xBEDF, 0xBEFF, 0xBEFF, 0xBEDF, 0xBEDF, 0xB6BF,
  0xB6BF, 0xB6BF, 0xB69F, 0xB69F, 0xB6BF, 0xB69F, 0xB6BF, 0xB6BF, 0xB6BF, 0xB69F, 0xAE9F, 0xAE9F,
  0xAE9F, 0xAE9F, 0xAE9F, 0xAE9F, 0xAEBF, 0xAEBF, 0xAEBF, 0xAEBF, 0xAEBF, 0xAEBF, 0xAEBF, 0xAEBF,
  0xAEBF, 0xAEBF, 0xAEBF, 0xAEBF, 0xAEBF, 0xAEBF, 0xB6BF, 0xB6BF, 0xB6BF, 0xAE9F, 0xAE9F, 0xAE9F,
  0xB6BF, 0xB6BF, 0xB6BF, 0xBEDF, 0xBEDF, 0xBEDF, 0xBEDF, 0xC6FF, 0xBEDF, 0xC6DF, 0xC6FF, 0xCF1F,
  0xD75F, 0xD77F, 0xD77F, 0xD75F, 0xD75F, 0xD75F, 0xD75F, 0xDF5F, 0xDF5F, 0xDF5F, 0xDF5F, 0xDF5F,
  0xDF5F, 0xDF5F, 0xDF5F, 0xDF7F, 0xE77F, 0xE79F, 0xE79F, 0xE79F, 0xE79F, 0xE79F, 0xE79F, 0xE79F,
  0xE79F, 0xE79F, 0xE79F, 0xE79F, 0xE79F, 0xE79F, 0xE79F, 0xE79F, 0xE79F, 0xE79F, 0xE79F, 0xE79F,
  0xE79F, 0xE79F, 0xE79F, 0xE79F, 0xE79F, 0xE79F, 0xE79F, 0xE79F, 0xE79F, 0xE79F, 0xE79F, 0xE79F,
  0xE79F, 0xE79F, 0xE79F, 0xE79F, 0xE79F, 0xDF7F, 0xDF7F, 0xDF5F, 0xDF5F, 0xDF5F, 0xDF5F, 0xDF5F,
  0xDF5F, 0xDF5F, 0xDF5F, 0xDF5F, 0xDF5F, 0xDF5F, 0xDF5F, 0xD75F, 0xCF5F, 0xCF3F, 0xC6FF, 0xBEDF,
  0xBEDF, 0xBEDF, 0xBEDF, 0xBEDF, 0xB6BF, 0xB6BF, 0xB6BF, 0xB69F, 0xAE9F, 0xB6BF, 0xB6BF, 0xB6BF,
  0xAE9F, 0xAE9F, 0xAE9F, 0xAEBF, 0xAEBF, 0xAE9F, 0xAE7F, 0xAE7F, 0xAE7F, 0xA69F, 0xA69F, 0xA69F,
  0xA69F, 0xA69F, 0xA69F, 0xA69F, 0xA69F, 0xA69F, 0xA69F, 0xA69F, 0xA69F, 0xA69F, 0xA69F, 0xA69F,
  0xA67F, 0xAE9F, 0xAE9F, 0xAEBF, 0xAEBF, 0xAEBF, 0xAE9F, 0xAE9F, 0xB6BF, 0xAE9F, 0xAE9F, 0xB69F,
  0xB6BF, 0xB6BF, 0xBEDF, 0xBEFF, 0xBEDF, 0xBEDF, 0xBEDF, 0xC6FF, 0xCF1F, 0xCF3F, 0xD75F, 0xD75F,
  0xD75F, 0xD75F, 0xD75F, 0xDF5F, 0xDF5F, 0xDF5F, 0xDF5F, 0xDF5F, 0xDF5F, 0xDF5F, 0xDF5F, 0xDF5F,
  0xDF5F, 0xDF7F, 0xE79F, 0xE79F, 0xE79F, 0xE79F, 0xE79F, 0xE79F, 0xE79F, 0xE79F, 0xE79F, 0xE79F,
  0xE79F, 0xE79F, 0xE79F, 0xE79F, 0xE79F, 0xE79F, 0xE79F, 0xE79F, 0xE79F, 0xE79F, 0xE79F, 0xE79F,
  0xE79F, 0xE79F, 0xE79F, 0xE79F, 0xE79F, 0xE79F, 0xE79F, 0xE79F, 0xE79F, 0xE79F, 0xE79F, 0xE79F,
  0xDF7F, 0xDF7F, 0xDF5F, 0xDF5F, 0xDF5F, 0xDF5F, 0xDF5F, 0xDF5F, 0xDF5F, 0xDF5F, 0xD75F, 0xD75F,
  0xD75F, 0xD75F, 0xD75F, 0xD75F, 0xC71F, 0xBEFF, 0xBEDF, 0xBEDF, 0xBEFF, 0xBEFF, 0xBEDF, 0xB6BF,
  0xB6BF, 0xB6BF, 0xB6BF, 0xB6BF, 0xB6BF, 0xB6BF, 0xB69F, 0xAEBF, 0xAEBF, 0xAE9F, 0xA67F, 0xA67F,
  0xA67F, 0xA67F, 0xA67F, 0xA67F, 0xA67F, 0xA67F, 0xA69F, 0xA69F, 0xA69F, 0xA69F, 0xA69F, 0xA69F,
  0xA69F, 0xA69F, 0xA69F, 0xA69F, 0xA69F, 0xA69F, 0xA69F, 0xA69F, 0xA67F, 0xA67F, 0xA69F, 0xA67F,
  0xA67F, 0xAE9F, 0xAE9F, 0xAEBF, 0xAEBF, 0xAE9F, 0xAE9F, 0xB6BF, 0xB6BF, 0xB6BF, 0xB69F, 0xB69F,
  0xBEDF, 0xBEDF, 0xC6FF, 0xBEDF, 0xBEDE, 0xBEDF, 0xCF1F, 0xD75F, 0xD75F, 0xD75F, 0xD75F, 0xD75F,
  0xD75F, 0xD75F, 0xDF5F, 0xDF5F, 0xDF5F, 0xDF5F, 0xDF5F, 0xD75F, 0xDF5F, 0xDF7F, 0xDF9F, 0xE79F,
  0xE79F, 0xE79F, 0xE79F, 0xE79F, 0xE79F, 0xE79F, 0xE79F, 0xE79F, 0xE79F, 0xE79F, 0xE79F, 0xE79F,
  0xE79F, 0xE79F, 0xE79F, 0xE79F, 0xE79F, 0xE79F, 0xE79F, 0xE79F, 0xE79F, 0xE79F, 0xE79F, 0xE79F,
  0xE79F, 0xE79F, 0xE79F, 0xE79F, 0xE79F, 0xE79F, 0xE79F, 0xE79F, 0xDF5F, 0xDF5F, 0xDF5F, 0xDF5F,
  0xDF5F, 0xDF5F, 0xDF5F, 0xDF5F, 0xDF7F, 0xD75F, 0xD75F, 0xD75F, 0xD77F, 0xD75F, 0xCF1F, 0xC6FF,
  0xBEDF, 0xBEFF, 0xBEFF, 0xBEDF, 0xB6DF, 0xB6BF, 0xAEBF, 0xAEBF, 0xB6BF, 0xAEBF, 0xAE9F, 0xAEBF,
  0xB6BF, 0xAE9F, 0xAE7F, 0xAE7F, 0xA67F, 0xA69F, 0xA69F, 0xA67F, 0xA67F, 0xA69F, 0xA67F, 0x9E3F,
  0x963F, 0x963F, 0x963F, 0x963F, 0x963F, 0x963F, 0x963F, 0x963F, 0x963F, 0x963F, 0x963F, 0x963F,
  0x963F, 0x963F, 0x963F, 0x963F, 0x9E5F, 0xA67F, 0xA69F, 0xA67F, 0xA67F, 0xAE9F, 0xAE9F, 0xA67F,
  0xAE7F, 0xAE9F, 0xAEBF, 0xAEBF, 0xAEBF, 0xAEBF, 0xB6BF, 0xB6BF, 0xB69F, 0xB6BF, 0xBEDF, 0xBEDF,
  0xBEFF, 0xC6FF, 0xC6FF, 0xC6DF, 0xCF3F, 0xD75F, 0xD77F, 0xD75F, 0xD75F, 0xD75F, 0xD75F, 0xD73F,
  0xDF5F, 0xDF5F, 0xDF5F, 0xD75F, 0xDF5F, 0xDF7F, 0xDF7F, 0xDF9F, 0xE79F, 0xE79F, 0xE79F, 0xE79F,
  0xE79F, 0xE79F, 0xE79F, 0xE79F, 0xE79F, 0xE79F, 0xE79F, 0xE79F, 0xE79F, 0xE79F, 0xE79F, 0xE79F,
  0xE79F, 0xE79F, 0xE79F, 0xE79F, 0xE79F, 0xE79F, 0xE79F, 0xE79F, 0xE79F, 0xE79F, 0xE79F, 0xE79F,
  0xE79F, 0xE79F, 0xDF7F, 0xDF7F, 0xDF5F, 0xDF5F, 0xDF5F, 0xDF5F, 0xDF5F, 0xD75F, 0xD75F, 0xD75F,
  0xD73F, 0xD75F, 0xD77F, 0xD77F, 0xCF3F, 0xCF1F, 0xC6FF, 0xC6FF, 0xBEFF, 0xBEFF, 0xBEDF, 0xB6BF,
  0xB6BF, 0xB6BF, 0xAEBF, 0xAEBF, 0xAE9F, 0xAEBF, 0xAEBF, 0xAE9F, 0xAE7F, 0xAE9F, 0xAE9F, 0xAE9F,
  0xA67F, 0x9E5F, 0x963F, 0x9E3F, 0x9E3F, 0x963F, 0x961F, 0x961F, 0x963F, 0x963F, 0x963F, 0x963F,
  0x963F, 0x963F, 0x963F, 0x963F, 0x963F, 0x963F, 0x963F, 0x963F, 0x963F, 0x963F, 0x963F, 0x963F,
  0x963F, 0x9E5F, 0x9E5F, 0x9E5F, 0x9E5F, 0xA67F, 0xA69F, 0xA67F, 0xA67F, 0xA67F, 0xAE9F, 0xAE9F,
  0xAE9F, 0xAEBF, 0xAEBF, 0xB6BF, 0xAE9F, 0xB6BF, 0xB6BF, 0xB6BF, 0xBEDF, 0xBEDF, 0xBEFF, 0xBEFF,
  0xC6FF, 0xCF3F, 0xD77F, 0xD77F, 0xD75F, 0xD75F, 0xDF5F, 0xDF5F, 0xDF5F, 0xDF5F, 0xDF5F, 0xDF5F,
  0xDF5F, 0xD75F, 0xDF7F, 0xDF5F, 0xDF9F, 0xE79F, 0xE79F, 0xE79F, 0xE79F, 0xE79F, 0xE79F, 0xE79F,
  0xE79F, 0xE79F, 0xE79F, 0xE79F, 0xE79F, 0xE79F, 0xE79F, 0xE79F, 0xE79F, 0xE79F, 0xE79F, 0xE79F,
  0xE79F, 0xE79F, 0xE79F, 0xE79F, 0xE77F, 0xE79F, 0xE79F, 0xE79F, 0xE79F, 0xDF7F, 0xDF5F, 0xDF5F,
  0xDF5F, 0xDF5F, 0xDF5F, 0xDF5F, 0xD75F, 0xD75F, 0xD75F, 0xD75F, 0xD75F, 0xD75F, 0xD75F, 0xCF3F,
  0xC6FF, 0xBEDF, 0xBEDF, 0xBEFF, 0xBEDF, 0xB6DF, 0xB6BF, 0xAEBF, 0xAEBF, 0xAEBF, 0xAEBF, 0xAEBF,
  0xAE9F, 0xAE9F, 0xAE9F, 0xA67F, 0xAE9F, 0xB6BF, 0xB6BF, 0xB6BF, 0xA69F, 0x963F, 0x961E, 0x963F,
  0x963F, 0x8DFE, 0x85BD, 0x8DDE, 0x85BE, 0x85BE, 0x85DE, 0x85DE, 0x85DE, 0x85DE, 0x85DE, 0x85DE,
  0x85DE, 0x85DE, 0x85DE, 0x85DE, 0x85DE, 0x85DE, 0x85DE, 0x85DE, 0x8DDE, 0x8DFE, 0x961F, 0x95FE,
  0x961F, 0x9E3F, 0x9E5F, 0x9E5F, 0x9E5F, 0xA67F, 0xA67F, 0xA67F, 0xA69F, 0xAE9F, 0xAEBF, 0xAEBF,
  0xAEBF, 0xAEBF, 0xB6BF, 0xB6BF, 0xB6BF, 0xBEDF, 0xBEFF, 0xBEFF, 0xBEDE, 0xC6FF, 0xCF3F, 0xD75F,
  0xD75F, 0xDF7F, 0xDF7F, 0xDF5F, 0xDF5F, 0xDF5F, 0xDF5F, 0xDF5F, 0xDF5F, 0xD75F, 0xD75F, 0xD75F,
  0xDF7F, 0xDF7F, 0xE79F, 0xE7BF, 0xE79F, 0xE79F, 0xE79F, 0xE79F, 0xE79F, 0xE79F, 0xE79F, 0xE79F,
  0xE79F, 0xE79F, 0xE79F, 0xE79F, 0xE79F, 0xE79F, 0xE79F, 0xE79F, 0xE79F, 0xE79F, 0xE79F, 0xE79F,
  0xE77F, 0xE79F, 0xE79F, 0xE79F, 0xDF7F, 0xDF5F, 0xDF5F, 0xDF5F, 0xDF5F, 0xDF5F, 0xDF5F, 0xD75F,
  0xD75F, 0xD75F, 0xD77F, 0xD77F, 0xDF9F, 0xD75F, 0xC6FF, 0xC6DF, 0xC6FF, 0xC6FF, 0xBEDF, 0xBEDF,
  0xB69F, 0xB6BF, 0xAEBF, 0xAEBF, 0xAEBF, 0xAEBF, 0xAE9F, 0xA69F, 0xAEBF, 0xA67F, 0xA65F, 0xA67F,
  0xB6BF, 0xB6DF, 0xB6BF, 0xAE9F, 0xAEBF, 0x9E3F, 0x8DFD, 0x95FE, 0x8DFE, 0x85BD, 0x859D, 0x85BD,
  0x85BD, 0x85BE, 0x85BE, 0x85BE, 0x85BE, 0x85BE, 0x85BE, 0x85BE, 0x85DE, 0x85DE, 0x85DE, 0x85DE,
  0x85DE, 0x85DE, 0x85DE, 0x85BE, 0x85BE, 0x8DDE, 0x8DDE, 0x8DDE, 0x8DFE, 0x961F, 0x961F, 0x961F,
  0x9E5F, 0x9E5F, 0x9E5F, 0xA67F, 0xA67F, 0xA67F, 0xA69F, 0xAE9F, 0xAEBF, 0xAEBF, 0xAE9F, 0xB6BF,
  0xB6BF, 0xB6BF, 0xB6DF, 0xBEDF, 0xBEFF, 0xBEDF, 0xBEDF, 0xC6FF, 0xD75F, 0xDF7F, 0xD75F, 0xD73F,
  0xDF5F, 0xDF5F, 0xDF5F, 0xDF5F, 0xDF5F, 0xD75F, 0xD75F, 0xD75F, 0xD75F, 0xDF7F, 0xE79F, 0xE7BF,
  0xE79F, 0xE79F, 0xE79F, 0xE79F, 0xE79F, 0xE79F, 0xE79F, 0xE79F, 0xE79F, 0xE79F, 0xE79F, 0xE79F,
  0xE79F, 0xE79F, 0xE79F, 0xE79F, 0xE79F, 0xE79F, 0xE79F, 0xE79F, 0xE79F, 0xE79F, 0xE79F, 0xE79F,
  0xDF7F, 0xDF5F, 0xDF5F, 0xDF5F, 0xDF5F, 0xDF5F, 0xDF5F, 0xD75F, 0xD75F, 0xD77F, 0xD77F, 0xD77F,
  0xD77F, 0xCF3F, 0xBEDF, 0xBEBF, 0xBEDF, 0xBEFF, 0xBEDF, 0xB6BF, 0xB69F, 0xAE9F, 0xAE9F, 0xAEBF,
  0xAEBF, 0xAEBF, 0xA69F, 0xA67F, 0xA69F, 0x9E5F, 0x9E3E, 0xA67F, 0xAE9F, 0xA67F, 0xA63E, 0xA65E,
  0xAEBF, 0x9E5F, 0x8DDD, 0x859C, 0x857C, 0x859C, 0x85BD, 0x8DBD, 0x8DBE, 0x8DDE, 0x85DE, 0x85DE,
  0x85DE, 0x85DE, 0x85DE, 0x85DE, 0x85DE, 0x85DE, 0x85DE, 0x85DE, 0x85DE, 0x85DE, 0x85DE, 0x85DE,
  0x85BE, 0x85BE, 0x85BE, 0x85BE, 0x85DE, 0x8DDE, 0x8DDE, 0x8DDE, 0x961F, 0x961F, 0x963F, 0x9E5F,
  0x9E5F, 0xA67F, 0xA67F, 0xA69F, 0xAE9F, 0xAE9F, 0xAE9F, 0xAEBF, 0xB6BF, 0xB6BF, 0xB6BF, 0xB6BF,
  0xBEFF, 0xBEDF, 0xBEDF, 0xC6FF, 0xCF1F, 0xD73F, 0xD75F, 0xDF5F, 0xDF5F, 0xDF5F, 0xDF5F, 0xDF5F,
  0xDF5F, 0xD75F, 0xDF5F, 0xDF5F, 0xD75F, 0xDF5F, 0xDF7F, 0xE79F, 0xE79F, 0xE79F, 0xE79F, 0xE79F,
  0xE79F, 0xE79F, 0xE79F, 0xE79F, 0xE79F, 0xE79F, 0xE79F, 0xE79F, 0xE79F, 0xE79F, 0xE79F, 0xE79F,
  0xE79F, 0xE79F, 0xE79F, 0xE79F, 0xE7BF, 0xE79F, 0xE79F, 0xDF7F, 0xDF5F, 0xDF5F, 0xDF5F, 0xDF5F,
  0xDF5F, 0xDF5F, 0xDF5F, 0xD75F, 0xD75F, 0xD77F, 0xD77F, 0xCF5F, 0xC6FF, 0xC6FF, 0xBEDF, 0xBEDF,
  0xB6DF, 0xB6BF, 0xB6BF, 0xAE9F, 0xB6BF, 0xB6BF, 0xAE9F, 0xAE9F, 0xAE9F, 0xA69F, 0xA67F, 0xA67F,
  0x9E5F, 0x9E5F, 0xA67F, 0xAE9F, 0xA65E, 0x9DFD, 0x9DFD, 0xA63D, 0xAE9F, 0xA67F, 0x9E3E, 0x95FD,
  0x95DD, 0x95FE, 0x95FE, 0x8DDE, 0x85BD, 0x85BD, 0x85BD, 0x85BE, 0x85BE, 0x85BE, 0x85BE, 0x85BE,
  0x85BE, 0x85BE, 0x85BE, 0x85BE, 0x85BE, 0x85BE, 0x85BE, 0x85BE, 0x85DE, 0x85DE, 0x85BE, 0x85DE,
  0x85DE, 0x85DE, 0x85DE, 0x85DE, 0x85DE, 0x8DDE, 0x8DFE, 0x961F, 0x963F, 0x9E5F, 0x9E5F, 0xA67F,
  0xA67F, 0xA67F, 0xAE9F, 0xAE9F, 0xAEBF, 0xAEBF, 0xAEBF, 0xAEBF, 0xB6BF, 0xB6BF, 0xBEDF, 0xBEDF,
  0xBEDE, 0xC6DE, 0xCF1F, 0xDF7F, 0xDF5F, 0xDF5F, 0xDF5F, 0xDF5F, 0xD75F, 0xD75F, 0xDF5F, 0xDF5F,
  0xDF5F, 0xDF5F, 0xDF7F, 0xDF7F, 0xE79F, 0xE79F, 0xE79F, 0xE79F, 0xE79F, 0xE79F, 0xE79F, 0xE79F,
  0xE79F, 0xE79F, 0xE79F, 0xE79F, 0xE79F, 0xE79F, 0xE79F, 0xE79F, 0xE79F, 0xE79F, 0xE79F, 0xE79F,
  0xE79F, 0xE79F, 0xDF7F, 0xDF5F, 0xDF5F, 0xDF5F, 0xDF5F, 0xDF5F, 0xDF5F, 0xDF5F, 0xDF5F, 0xD75F,
  0xD75F, 0xD77F, 0xD75F, 0xC71F, 0xBEDE, 0xBEDF, 0xBEFF, 0xBEDF, 0xB6BF, 0xAE9F, 0xAE9F, 0xAE9F,
  0xB6BF, 0xAE9F, 0xAE7F, 0xA67F, 0xA67F, 0xA67F, 0x9E5F, 0x9E3F, 0x9E3F, 0xA65F, 0xA67F, 0xA65F,
  0x9E3E, 0x9E1D, 0xA63D, 0xA65E, 0xA65E, 0xAE9F, 0xAE9F, 0xA67F, 0xA67F, 0xA67F, 0xA65F, 0x961E,
  0x8DBD, 0x8DBE, 0x8DBE, 0x8DBE, 0x8DBE, 0x85BE, 0x85BE, 0x85BE, 0x85DE, 0x85DE, 0x85DE, 0x85DE,
  0x85DE, 0x85DE, 0x85DE, 0x85DE, 0x85DE, 0x85DE, 0x85DE, 0x85DE, 0x85DE, 0x85BE, 0x85BE, 0x85BE,
  0x85BE, 0x85BE, 0x85DE, 0x8DDE, 0x8DFE, 0x961F, 0x9E3F, 0x9E5F, 0x9E5F, 0xA65F, 0xA67F, 0xAE9F,
  0xAE9F, 0xAE9F, 0xAEBF, 0xAEBF, 0xAE9F, 0xB6BF, 0xBEDF, 0xBEFF, 0xBEDF, 0xBEBE, 0xC6FF, 0xD71F,
  0xD75F, 0xDF5F, 0xDF5F, 0xDF5F, 0xDF5F, 0xDF5F, 0xDF5F, 0xD75F, 0xDF5F, 0xDF5F, 0xDF5F, 0xDF7F,
  0xDF9F, 0xE79F, 0xE79F, 0xE79F, 0xE79F, 0xE79F, 0xE79F, 0xE79F, 0xE79F, 0xE79F, 0xE79F, 0xE79F,
  0xE79F, 0xE79F, 0xE79F, 0xE79F, 0xE79F, 0xE79F, 0xE79F, 0xE79F, 0xE79F, 0xDF7F, 0xDF5F, 0xDF5F,
  0xDF5F, 0xDF5F, 0xDF5F, 0xD75F, 0xD75F, 0xDF5F, 0xDF5F, 0xD75F, 0xD77F, 0xD77F, 0xCF3F, 0xBEDE,
  0xBEFF, 0xBEFF, 0xB6DF, 0xB6BF, 0xB6BF, 0xAEBF, 0xAEBF, 0xAEBF, 0xAE9F, 0xA67F, 0xA67F, 0xA67F,
  0xA67F, 0x9E5F, 0x9E1E, 0x95FE, 0x9E3F, 0xA65F, 0x9E3E, 0x9DFD, 0x9E1E, 0xAE7F, 0xAE7F, 0xA65E,
  0xAE7E, 0xAE7E, 0xAE7E, 0xA67E, 0xA67E, 0xA67F, 0xAE9F, 0xA69F, 0x8DBD, 0x8DBE, 0x8DBE, 0x8DBE,
  0x8DBE, 0x85BE, 0x85BE, 0x85BE, 0x85BE, 0x85BE, 0x85BE, 0x85BE, 0x85BE, 0x85BE, 0x85BE, 0x85BE,
  0x85BE, 0x85BE, 0x85DE, 0x85DE, 0x85DE, 0x85DE, 0x85BE, 0x85DE, 0x85DE, 0x85BE, 0x85BE, 0x85BE,
  0x85BE, 0x8DDE, 0x961F, 0x963F, 0x9E3F, 0x9E3F, 0x9E5F, 0xA67F, 0xA67F, 0xAE9F, 0xAEBF, 0xAEBF,
  0xBEFF, 0xBEDF, 0xBEDF, 0xC6FF, 0xCF1F, 0xCEFF, 0xC6DE, 0xC6DE, 0xD73F, 0xD73F, 0xD73F, 0xDF5F,
  0xDF5F, 0xDF5F, 0xDF5F, 0xDF5F, 0xDF7F, 0xDF5F, 0xD75F, 0xDF5F, 0xDF7F, 0xE79F, 0xE7BF, 0xE79F,
  0xE79F, 0xE79F, 0xE79F, 0xE79F, 0xE79F, 0xE79F, 0xE79F, 0xE79F, 0xE79F, 0xE79F, 0xE79F, 0xE79F,
  0xE79F, 0xE79F, 0xE79F, 0xE79F, 0xDF7F, 0xDF5F, 0xDF5F, 0xDF5F, 0xDF5F, 0xDF5F, 0xDF5F, 0xDF7F,
  0xD75F, 0xD77F, 0xD77F, 0xD77F, 0xCF3F, 0xC6FF, 0xC6FF, 0xBEFF, 0xBEDF, 0xB6BF, 0xB69F, 0xB6BF,
  0xB6BF, 0xB6BF, 0xAEBF, 0xA69F, 0x9E7F, 0xA69F, 0xA69F, 0x9E3F, 0x9E3F, 0x9E3F, 0x961E, 0x961E,
  0xA67F, 0x9E3E, 0x95FD, 0x9E1E, 0xA63E, 0xA63E, 0xA65E, 0xAE7F, 0xAE7E, 0xAE7E, 0xAE7E, 0xAE7E,
  0xAE7E, 0xA67F, 0xA67F, 0xA67F, 0x961F, 0x8D9D, 0x859D, 0x8DBE, 0x8DDE, 0x85BE, 0x85BE, 0x85DE,
  0x85BE, 0x85BE, 0x85BE, 0x85BE, 0x85BE, 0x85BE, 0x85BE, 0x85BE, 0x85BE, 0x85BE, 0x85BE, 0x85DE,
  0x85DE, 0x85DE, 0x85DE, 0x85BE, 0x8DDD, 0x85BD, 0x85BD, 0x85BE, 0x85BE, 0x85BE, 0x8DDF, 0x8DFF,
  0x961F, 0x8DFE, 0x961E, 0xA65F, 0xA65E, 0xB6FF, 0xA63E, 0xB6BF, 0xCF7F, 0xD79F, 0xD77F, 0xDF9F,
  0xE7BF, 0xDF7F, 0xCEFE, 0xCEFE, 0xC6BD, 0xCEFF, 0xD75F, 0xD75F, 0xD75F, 0xD75F, 0xD75F, 0xD75F,
  0xD75F, 0xD75F, 0xDF5F, 0xDF5F, 0xDF5F, 0xDF5F, 0xE79F, 0xE79F, 0xE79F, 0xE79F, 0xE79F, 0xE79F,
  0xE79F, 0xE79F, 0xE79F, 0xE79F, 0xE79F, 0xE79F, 0xE79F, 0xE79F, 0xE79F, 0xE79F, 0xE79F, 0xE79F,
  0xDF5F, 0xDF5F, 0xDF5F, 0xDF5F, 0xDF5F, 0xDF5F, 0xDF5F, 0xDF5F, 0xD75F, 0xD77F, 0xD77F, 0xCF3F,
  0xC71F, 0xC6FF, 0xC6FF, 0xBEDF, 0xBEDF, 0xB6BF, 0xB69F, 0xAE9F, 0xAEBF, 0xAE9F, 0xAE9F, 0xA67F,
  0xA69F, 0x9E7F, 0x9E5F, 0x963F, 0x963F, 0x8DDD, 0x8DBD, 0x95FE, 0xA65F, 0x9E3E, 0x9DFE, 0x9E1E,
  0x9E3E, 0x9E3E, 0xA63E, 0xA65E, 0xAE7E, 0xAE7E, 0xAE7E, 0xAE9E, 0xAE9E, 0xA69E, 0xA69F, 0xA69F,
  0x95DE, 0x8D9D, 0x859E, 0x8DBE, 0x85BE, 0x85BE, 0x85DE, 0x85BE, 0x85BE, 0x85BE, 0x85BE, 0x85BE,
  0x85BE, 0x85BE, 0x85BE, 0x85BE, 0x85BE, 0x85BE, 0x85BE, 0x85BE, 0x85BE, 0x85BE, 0x85BE, 0x85BE,
  0x85BD, 0x85BD, 0x85BE, 0x85DE, 0x85DE, 0x85BE, 0x85BE, 0x85BE, 0x859E, 0x8DDE, 0x961F, 0x9E3F,
  0x95FD, 0x9E3D, 0xAE9F, 0xCF5F, 0xC6FE, 0xC6DD, 0xC6BD, 0xD73E, 0xE7BF, 0xE7BF, 0xDF7F, 0xD73F,
  0xC6DE, 0xC6FF, 0xCF3F, 0xD75F, 0xD75F, 0xD77F, 0xD75F, 0xD75F, 0xD75F, 0xD75F, 0xDF5F, 0xDF5F,
  0xDF5F, 0xDF5F, 0xDF7F, 0xE79F, 0xE79F, 0xE79F, 0xE79F, 0xE79F, 0xE79F, 0xE79F, 0xE79F, 0xE79F,
  0xE79F, 0xE79F, 0xE79F, 0xE79F, 0xE79F, 0xE79F, 0xE77F, 0xDF7F, 0xDF5F, 0xDF5F, 0xDF5F, 0xDF5F,
  0xDF5F, 0xDF5F, 0xDF5F, 0xD75F, 0xD75F, 0xD79F, 0xD75F, 0xC6FE, 0xBEDE, 0xC6FF, 0xBEFF, 0xBEBF,
  0xB6BF, 0xB69F, 0xAE9F, 0xAE9F, 0xAE9F, 0xAE9F, 0xA67F, 0xA67F, 0x9E7F, 0x965F, 0x8E1E, 0x8DFE,
  0x8DFE, 0x85BD, 0x8DBD, 0x961E, 0x9E1E, 0x961E, 0x95FD, 0x9E1E, 0x9E1D, 0x9DFD, 0x9E1D, 0x9E1D,
  0xA65E, 0xA67E, 0xA67E, 0xA67E, 0xA67E, 0xA67E, 0xA67E, 0x9E5F, 0x8DDD, 0x8DBD, 0x8DBE, 0x8DBE,
  0x85BE, 0x8DDE, 0x85DE, 0x859D, 0x85BE, 0x85BE, 0x85BE, 0x85BE, 0x85BE, 0x85BE, 0x85BE, 0x85BE,
  0x85BE, 0x85BE, 0x85BE, 0x85BE, 0x85BE, 0x85BE, 0x85BE, 0x85BE, 0x85BE, 0x85DE, 0x85DE, 0x85DE,
  0x85DE, 0x85DE, 0x85DE, 0x85BE, 0x85BE, 0x85BE, 0x8DBE, 0x961F, 0xA65F, 0xAE7E, 0xBF1F, 0xBEFF,
  0xBEBD, 0xBE7C, 0xC6BD, 0xD73F, 0xE79F, 0xE7BF, 0xE7BF, 0xE79F, 0xC6FE, 0xC6DE, 0xC6FE, 0xCF3F,
  0xD77F, 0xDF7F, 0xD75F, 0xD75F, 0xD75F, 0xD75F, 0xDF5F, 0xDF5F, 0xDF5F, 0xDF5F, 0xDF7F, 0xE77F,
  0xE79F, 0xE79F, 0xE79F, 0xE79F, 0xE79F, 0xE79F, 0xE79F, 0xE79F, 0xE79F, 0xE79F, 0xE79F, 0xE79F,
  0xE79F, 0xE79F, 0xDF7F, 0xDF5F, 0xDF5F, 0xDF5F, 0xDF5F, 0xDF5F, 0xDF5F, 0xDF5F, 0xDF5F, 0xD75F,
  0xD77F, 0xD77F, 0xCF3F, 0xC6FE, 0xBEDE, 0xBEDF, 0xBEDF, 0xB6BF, 0xB69F, 0xAE9F, 0xAE9F, 0xAE9F,
  0xAE9F, 0xA67F, 0xA67F, 0x9E5F, 0x963F, 0x963F, 0x8DDE, 0x85BD, 0x8DDD, 0x8DFE, 0x961E, 0x9E3E,
  0x9E3E, 0x9E1E, 0x9E1E, 0x9E3E, 0x9E3E, 0x9E3D, 0x9E3E, 0xA65E, 0xAE9F, 0xAE7E, 0xAE9E, 0xA69E,
  0xA69E, 0xA69E, 0xA67F, 0xA67F, 0x961E, 0x8DDE, 0x8DBE, 0x85BE, 0x85BE, 0x85DE, 0x85DE, 0x85BD,
  0x85BE, 0x85BE, 0x85BE, 0x85BE, 0x85BE, 0x85BE, 0x85BE, 0x85BE, 0x85BE, 0x85BE, 0x85BE, 0x85BE,
  0x85BE, 0x85BE, 0x85BE, 0x85BE, 0x85DF, 0x85DF, 0x85DE, 0x85BE, 0x85DD, 0x85FE, 0x85FE, 0x85DE,
  0x85DE, 0x8DBF, 0x8D9E, 0x8D9D, 0x95DD, 0xAE9E, 0xBF1F, 0xBEFE, 0xBEBD, 0xC69C, 0xD71E, 0xE79F,
  0xE79F, 0xE77F, 0xE7BF, 0xE7BF, 0xCEFE, 0xC6DE, 0xBEBE, 0xCF1F, 0xD75F, 0xD75F, 0xD75F, 0xDF5F,
  0xD75F, 0xD75F, 0xD75F, 0xDF5F, 0xDF5F, 0xDF5F, 0xDF5F, 0xDF5F, 0xE79F, 0xE79F, 0xE79F, 0xE79F,
  0xE79F, 0xE79F, 0xE79F, 0xE79F, 0xE79F, 0xE79F, 0xE79F, 0xE79F, 0xE79F, 0xE77F, 0xDF5F, 0xDF3F,
  0xDF5F, 0xDF5F, 0xD75F, 0xD75F, 0xDF5F, 0xDF5F, 0xDF5F, 0xD77F, 0xD77F, 0xCF3F, 0xC6FE, 0xC6FF,
  0xBEFF, 0xBEDF, 0xB6BF, 0xB69F, 0xAE9F, 0xAE9F, 0xAE9F, 0xAE9F, 0xA69F, 0xA67F, 0x9E5F, 0x9E3F,
  0x8E1E, 0x8DFE, 0x85BD, 0x85BD, 0x8E1E, 0x963E, 0x961E, 0x961E, 0x961D, 0x961D, 0x961D, 0x9E1D,
  0x9E1D, 0x9E1D, 0x9E3E, 0xA65E, 0xA67E, 0xA67E, 0xA67E, 0xA67E, 0xA69E, 0xA69F, 0xA69F, 0xA67F,
  0xA69F, 0x95FE, 0x85BD, 0x8DBE, 0x8DBE, 0x85BE, 0x85DE, 0x85BD, 0x85BE, 0x85BE, 0x85BE, 0x85BE,
  0x85BE, 0x85BE, 0x85BE, 0x85BE, 0x85BE, 0x85BE, 0x85BE, 0x85BE, 0x85BE, 0x85BE, 0x85BE, 0x85BE,
  0x85BF, 0x85DF, 0x85DF, 0x7DDE, 0x85DD, 0x85DD, 0x85DD, 0x85BD, 0x85BE, 0x8DBE, 0x8DBE, 0x8D9D,
  0x9DDC, 0xCF5F, 0xBEFE, 0xBEBC, 0xC6BC, 0xC69C, 0xD71E, 0xE79F, 0xE7BF, 0xE79F, 0xE79F, 0xDF7F,
  0xD75F, 0xCF1F, 0xC6DE, 0xC6DE, 0xCEFF, 0xCF1F, 0xD75F, 0xDF9F, 0xD75F, 0xD75F, 0xD75F, 0xDF5F,
  0xDF5F, 0xDF5F, 0xDF5F, 0xDF5F, 0xDF7F, 0xE79F, 0xE79F, 0xE79F, 0xE79F, 0xE79F, 0xE79F, 0xE79F,
  0xE79F, 0xE79F, 0xE79F, 0xE79F, 0xE77F, 0xDF7F, 0xDF5F, 0xDF3F, 0xDF5F, 0xDF5F, 0xD75F, 0xD75F,
  0xD75F, 0xDF5F, 0xD75F, 0xD77F, 0xCF5F, 0xC6FF, 0xBEDE, 0xBEFF, 0xBEFF, 0xB6BF, 0xAE9F, 0xAE9F,
  0xAE9F, 0xAE9F, 0xAE9F, 0xA67F, 0xA67F, 0x9E5F, 0x963F, 0x961E, 0x8DFE, 0x85BD, 0x859C, 0x963E,
  0xA69F, 0x9E5F, 0x961E, 0x963E, 0x961E, 0x961E, 0x961E, 0x961D, 0x961D, 0x9E1D, 0x9E3E, 0xA65E,
  0x9E3E, 0x9E3E, 0x9E5E, 0xA67E, 0xA69E, 0xA69F, 0xA67F, 0x9E7F, 0xA69F, 0x8DFE, 0x859D, 0x8DBE,
  0x8DBE, 0x85BE, 0x85BD, 0x85DE, 0x85BE, 0x85BE, 0x85BE, 0x85BE, 0x85BE, 0x85BE, 0x85BE, 0x85BE,
  0x85BE, 0x85BE, 0x85BE, 0x85BE, 0x85BE, 0x85BE, 0x85BE, 0x85BE, 0x7DBF, 0x7DBF, 0x85DF, 0x85FE,
  0x85DE, 0x85BD, 0x85BD, 0x85BD, 0x8DDD, 0x8DDD, 0x8D9C, 0x8D7B, 0x9DDB, 0xCF7F, 0xBEBD, 0xBEBC,
  0xBE9C, 0xCEDD, 0xDF5F, 0xE7BF, 0xE79F, 0xE79F, 0xE79F, 0xE79F, 0xE7BF, 0xD75F, 0xC6FE, 0xC6BE,
  0xBEBD, 0xC6DE, 0xD71F, 0xDF7F, 0xDF5F, 0xDF5F, 0xDF5F, 0xDF5F, 0xD75F, 0xDF5F, 0xDF5F, 0xDF5F,
  0xDF7F, 0xDF7F, 0xE79F, 0xE79F, 0xE79F, 0xE79F, 0xE79F, 0xE79F, 0xE79F, 0xE79F, 0xE79F, 0xE79F,
  0xDF7F, 0xDF5F, 0xDF5F, 0xDF5F, 0xDF5F, 0xDF5F, 0xD75F, 0xD75F, 0xD75F, 0xD75F, 0xD75F, 0xD75F,
  0xC71F, 0xBEFF, 0xBEDF, 0xBEDF, 0xB6DF, 0xB6BF, 0xAE9F, 0xAEBF, 0xAEBF, 0xA69F, 0xA67F, 0x9E5F,
  0x9E5F, 0x963F, 0x8DFE, 0x8DDE, 0x85DD, 0x7D9C, 0x85BD, 0x963F, 0xA69F, 0x9E5F, 0x961E, 0x963F,
  0x9E3F, 0x9E3F, 0x9E3E, 0x9E3E, 0x9E3E, 0x9E5E, 0xA65F, 0xA65F, 0xA65F, 0x9E5F, 0xA65E, 0xA67F,
  0xA67F, 0xA67F, 0x9E5F, 0x963F, 0x963F, 0x8DBE, 0x85BE, 0x8DBE, 0x85BE, 0x85BE, 0x85DE, 0x85DE,
  0x85BE, 0x85BE, 0x85BE, 0x85BE, 0x85BE, 0x85BE, 0x85BE, 0x85BE, 0x85BE, 0x85BE, 0x85BE, 0x85BE,
  0x85BE, 0x85BE, 0x85BE, 0x85DE, 0x85DE, 0x7DBE, 0x85DE, 0x85DF, 0x85DE, 0x859D, 0x85BD, 0x95FE,
  0x8DDC, 0xB6DF, 0xCF5F, 0xD77F, 0xD77F, 0xD79F, 0xBE9C, 0xC6BD, 0xCEDD, 0xDF5F, 0xE7BF, 0xEFBF,
  0xE79F, 0xE77F, 0xE79F, 0xE7BF, 0xE7BF, 0xDF9F, 0xD75F, 0xCF1E, 0xC6FE, 0xCEFE, 0xCF1E, 0xD73F,
  0xDF5F, 0xDF5F, 0xDF5F, 0xD75F, 0xD75F, 0xDF5F, 0xDF5F, 0xDF5F, 0xDF5F, 0xDF7F, 0xDF7F, 0xE77F,
  0xE79F, 0xE79F, 0xE79F, 0xE79F, 0xDF7F, 0xE79F, 0xE7BF, 0xE79F, 0xDF7F, 0xDF5F, 0xDF5F, 0xDF5F,
  0xD73F, 0xD75F, 0xD75F, 0xD77F, 0xD77F, 0xD75F, 0xD75F, 0xCF3F, 0xBEDE, 0xBEFF, 0xBEFF, 0xB6DF,
  0xB69F, 0xAE9F, 0xAEBF, 0xAEBF, 0xAE9F, 0xA67F, 0x9E5F, 0x9E3F, 0x963F, 0x961F, 0x8DDE, 0x85BD,
  0x85BD, 0x85DD, 0x85BD, 0x8DDE, 0x961F, 0x961E, 0x8DDE, 0x8DDE, 0x8DDD, 0x8DDD, 0x8DDD, 0x8DFD,
  0x95FD, 0x961E, 0x961E, 0x961E, 0x9E1E, 0x961E, 0x961E, 0x963E, 0x961E, 0x95FD, 0x8DBD, 0x859D,
  0x85BD, 0x859E, 0x85BE, 0x85BE, 0x85BE, 0x85BE, 0x85DE, 0x85BE, 0x85BE, 0x85BE, 0x85BE, 0x85BE,
  0x85BE, 0x85BE, 0x85BE, 0x85BE, 0x85BE, 0x85BE, 0x85BE, 0x85BE, 0x85BE, 0x85BE, 0x85BE, 0x85DE,
  0x85FE, 0x85BD, 0x85BD, 0x85DE, 0x85BE, 0x859D, 0x95FE, 0xA67F, 0xCF7F, 0xD7DF, 0xC71F, 0xBEDD,
  0xCF3E, 0xC6DD, 0xC69C, 0xD71E, 0xDF5F, 0xE79F, 0xE79F, 0xE75F, 0xEF9F, 0xEFBF, 0xE79F, 0xE79F,
  0xE79F, 0xE7BF, 0xDFBF, 0xDF9F, 0xDF7F, 0xD75F, 0xD73E, 0xCEFE, 0xDF7F, 0xDF5F, 0xD75F, 0xD75F,
  0xD75F, 0xDF5F, 0xDF5F, 0xDF5F, 0xD75F, 0xDF5F, 0xDF7F, 0xE77F, 0xE79F, 0xE79F, 0xE79F, 0xE79F,
  0xE79F, 0xE79F, 0xE79F, 0xDF7F, 0xDF5F, 0xDF5F, 0xDF5F, 0xDF5F, 0xD75F, 0xDF7F, 0xDF7F, 0xD75F,
  0xD77F, 0xD77F, 0xCF3F, 0xBEDE, 0xC6FF, 0xBEDF, 0xB6DF, 0xB6BF, 0xB6BF, 0xAEBF, 0xAEBF, 0xAEBF,
  0xA69F, 0x9E7F, 0x9E5F, 0x961F, 0x8DFE, 0x8DDE, 0x8DDE, 0x85DE, 0x85BE, 0x85DE, 0x85BE, 0x85BE,
  0x85BE, 0x85BE, 0x85BE, 0x85BD, 0x85BD, 0x85BD, 0x85BD, 0x8DBD, 0x8DBD, 0x8DBD, 0x8DBD, 0x8DBD,
  0x8DBD, 0x8DBD, 0x8DBD, 0x8DBD, 0x8DBD, 0x85BD, 0x85BD, 0x85BD, 0x85BE, 0x85BE, 0x85BE, 0x85BF,
  0x85BE, 0x85BE, 0x85BE, 0x85BE, 0x85BE, 0x85BE, 0x85BE, 0x85BE, 0x85BE, 0x85BE, 0x85BE, 0x85BE,
  0x85BE, 0x85BE, 0x85BE, 0x85BE, 0x85BE, 0x85BE, 0x85BE, 0x85DE, 0x8DDD, 0x859C, 0x85BD, 0x85BD,
  0x8DBD, 0x8DBD, 0x95DD, 0xBEFF, 0xCF5F, 0xBEDE, 0xBEBD, 0xBE9C, 0xBE9C, 0xCEDD, 0xDF5E, 0xDF5F,
  0xE79F, 0xE79F, 0xE79F, 0xE77F, 0xEF9F, 0xEFBF, 0xDF5F, 0xCEDD, 0xDF7F, 0xE7DF, 0xDFBF, 0xD77F,
  0xDF9F, 0xE7BF, 0xDF9F, 0xDF7F, 0xD75F, 0xDF5F, 0xDF5F, 0xDF7F, 0xDF7F, 0xDF5F, 0xD75F, 0xDF5F,
  0xDF5F, 0xD75F, 0xDF5F, 0xE79F, 0xE7BF, 0xE79F, 0xE79F, 0xE79F, 0xE79F, 0xE79F, 0xDF9F, 0xDF7F,
  0xDF5F, 0xDF5F, 0xDF5F, 0xDF5F, 0xDF5F, 0xD75F, 0xD75F, 0xD77F, 0xD77F, 0xCF5F, 0xC71F, 0xBEDF,
  0xBEFF, 0xBEDF, 0xB6BF, 0xB6BF, 0xAEBF, 0xAEBF, 0xAEBF, 0xA69F, 0x9E7F, 0x9E5F, 0x963F, 0x8DFE,
  0x8DDE, 0x85DE, 0x85BE, 0x85BE, 0x85BE, 0x85BE, 0x85BE, 0x85BE, 0x85BE, 0x85BE, 0x85BE, 0x85BE,
  0x85BE, 0x85BE, 0x85BE, 0x8DBE, 0x8DBE, 0x8DBE, 0x8DBE, 0x8DBE, 0x85BE, 0x85BE, 0x85BE, 0x85BD,
  0x85BD, 0x85BD, 0x85BE, 0x85BE, 0x85BE, 0x85BE, 0x85BF, 0x85BF, 0x85BF, 0x85BE, 0x85BE, 0x85BE,
  0x85BE, 0x85BE, 0x85BE, 0x85BE, 0x85BE, 0x85BE, 0x85BE, 0x85BE, 0x85BE, 0x85BE, 0x85BE, 0x85BE,
  0x85BE, 0x85BE, 0x85BE, 0x85BE, 0x8DBD, 0x8DDD, 0x8DBC, 0x8DBC, 0x95BC, 0x855A, 0x95BB, 0xCF7F,
  0xC6FF, 0xBEBD, 0xBE9D, 0xC69C, 0xCEDD, 0xDF5E, 0xEFBF, 0xEFBF, 0xE79F, 0xE79F, 0xE79F, 0xEFBF,
  0xE79F, 0xD71D, 0xCEBC, 0xCEBC, 0xCEFD, 0xDF7F, 0xE7BF, 0xDF9F, 0xE7BF, 0xE7BF, 0xDF7F, 0xDF7F,
  0xD73F, 0xD73F, 0xDF5F, 0xDF5F, 0xDF5F, 0xD75F, 0xD75F, 0xD75F, 0xD75F, 0xD75F, 0xDF5F, 0xDF7F,
  0xE79F, 0xE79F, 0xE79F, 0xE79F, 0xE7BF, 0xDF9F, 0xDF7F, 0xDF5F, 0xDF5F, 0xDF5F, 0xDF5F, 0xDF5F,
  0xDF5F, 0xD73F, 0xD75F, 0xD77F, 0xD75F, 0xC71F, 0xBEDF, 0xC6FF, 0xBEDF, 0xB6BF, 0xB6BF, 0xAE9F,
  0xAEBF, 0xAE9F, 0xA69F, 0xA69F, 0x9E5F, 0x963F, 0x8DFF, 0x85DE, 0x85BE, 0x85BE, 0x85BE, 0x85BE,
  0x85BE, 0x85BE, 0x85BE, 0x85BE, 0x85BE, 0x85BE, 0x85BE, 0x85BE, 0x85BE, 0x85BE, 0x85BE, 0x85BE,
  0x85BE, 0x85BE, 0x85BE, 0x85BE, 0x85BE, 0x85BE, 0x85BE, 0x85BE, 0x85BE, 0x85BE, 0x85BE, 0x85BE,
  0x85BE, 0x85BF, 0x85BF, 0x85BF, 0x85BF, 0x85BE, 0x85BE, 0x85BE, 0x85BE, 0x85BE, 0x85BE, 0x85BE,
  0x85BE, 0x85BE, 0x85BE, 0x85BE, 0x85BE, 0x85BE, 0x85BE, 0x85BE, 0x85BE, 0x85BE, 0x85BE, 0x85BE,
  0x8DBD, 0x855B, 0x9E1D, 0xBEFF, 0xB6BE, 0xBEFF, 0xD79F, 0xCF5F, 0xBEBE, 0xC6BE, 0xBE7D, 0xC69D,
  0xD71E, 0xE77F, 0xE79F, 0xE79F, 0xE79F, 0xDF7F, 0xE79F, 0xEFBF, 0xDF5E, 0xCEBC, 0xC67B, 0xC6BC,
  0xC6DD, 0xDF7F, 0xE7BF, 0xE7BF, 0xE7BF, 0xE7BF, 0xE79F, 0xE7BF, 0xD71E, 0xD73F, 0xD75F, 0xDF5F,
  0xDF5F, 0xD75F, 0xD75F, 0xD75F, 0xD75F, 0xD75F, 0xDF5F, 0xDF5F, 0xDF7F, 0xE79F, 0xE79F, 0xE79F,
  0xE7BF, 0xDF9F, 0xDF7F, 0xDF5F, 0xDF5F, 0xDF5F, 0xDF5F, 0xDF5F, 0xDF5F, 0xD75F, 0xD75F, 0xD77F,
  0xCF3F, 0xBEDF, 0xBEDF, 0xBEFF, 0xB6BF, 0xB6BF, 0xB69F, 0xAE9F, 0xAE9F, 0xA69F, 0xA67F, 0x9E7F,
  0x963F, 0x961F, 0x8DDE, 0x85BE, 0x85BE, 0x85BE, 0x85BE, 0x85BE, 0x85BE, 0x85BE, 0x85BE, 0x85BE,
  0x85BE, 0x85BE, 0x85BE, 0x85BE, 0x85BE, 0x85BE, 0x85BE, 0x85BE, 0x85BE, 0x85BE, 0x85BE, 0x85BE,
  0x85BF, 0x85BF, 0x85BE, 0x85DE, 0x85DE, 0x85DE, 0x85DE, 0x85DE, 0x85BE, 0x85BE, 0x85BF, 0x85BF,
  0x85BE, 0x85BE, 0x85BE, 0x85BE, 0x85BE, 0x85BE, 0x85BE, 0x85BE, 0x85BE, 0x85BE, 0x85BE, 0x85BE,
  0x85BE, 0x85BE, 0x85BE, 0x85BE, 0x85BE, 0x85BE, 0x85BE, 0x8DBD, 0x8D9C, 0xB69F, 0xC71F, 0xCF5F,
  0xCF5F, 0xCF3F, 0xCF5F, 0xC6FE, 0xBE9D, 0xC6BE, 0xC69E, 0xC69E, 0xDF3F, 0xE79F, 0xE79F, 0xE79E,
  0xE7BF, 0xE7BF, 0xE79F, 0xE79F, 0xDF5E, 0xD71D, 0xCEBC, 0xC69C, 0xC6BC, 0xCEFE, 0xD73F, 0xCF1E,
  0xCF1E, 0xD73E, 0xDF7F, 0xE79F, 0xDF5F, 0xDF5F, 0xDF5F, 0xDF5F, 0xDF5F, 0xD75F, 0xD75F, 0xD75F,
  0xD75F, 0xDF5F, 0xDF5F, 0xDF5F, 0xDF5F, 0xE79F, 0xE79F, 0xE79F, 0xDF9F, 0xDF7F, 0xD75F, 0xD75F,
  0xDF5F, 0xDF5F, 0xDF5F, 0xD75F, 0xD75F, 0xDF7F, 0xD77F, 0xCF3F, 0xC71F, 0xBEDF, 0xBEDF, 0xBEDF,
  0xB69F, 0xB69F, 0xAE9F, 0xAE9F, 0xAE9F, 0xA67F, 0x9E7F, 0x9E5F, 0x961F, 0x8DFF, 0x85DE, 0x85BE,
  0x85BE, 0x85BE, 0x85DE, 0x85BE, 0x85BE, 0x85BE, 0x85BE, 0x85BE, 0x85BE, 0x85BE, 0x85BE, 0x85BE,
  0x85BE, 0x85BE, 0x85BE, 0x85BE, 0x85BE, 0x85BE, 0x85BE, 0x85BE, 0x85DF, 0x85DF, 0x85DE, 0x85DE,
  0x85DE, 0x85DE, 0x85DE, 0x85DE, 0x85BE, 0x85BE, 0x85BE, 0x85BE, 0x85BE, 0x85BE, 0x85DE, 0x85DE,
  0x85BE, 0x85BE, 0x85BE, 0x85BE, 0x85BE, 0x85BE, 0x85BE, 0x85BE, 0x85BE, 0x85BE, 0x85BE, 0x85BE,
  0x85BE, 0x85BE, 0x85BE, 0x8DBD, 0xAE5F, 0xD77F, 0xC71F, 0xB6BD, 0xBEDD, 0xBEBC, 0xBE9C, 0xBE9D,
  0xBE7D, 0xC6BE, 0xC69E, 0xC6BE, 0xDF5F, 0xE7BF, 0xE7BF, 0xE7BF, 0xE7BF, 0xE7BF, 0xE7BF, 0xE79F,
  0xE79F, 0xDF7F, 0xD71E, 0xC6BC, 0xC69C, 0xC6BD, 0xBE9C, 0xBE9C, 0xBE9C, 0xCEFD, 0xDF7F, 0xE7BF,
  0xDF7F, 0xE79F, 0xDF9F, 0xDF7F, 0xD75F, 0xD77F, 0xD75F, 0xD75F, 0xD75F, 0xDF5F, 0xDF5F, 0xD75F,
  0xDF5F, 0xE77F, 0xE79F, 0xE79F, 0xDF9F, 0xDF7F, 0xD75F, 0xD75F, 0xDF5F, 0xDF5F, 0xDF5F, 0xD75F,
  0xD75F, 0xDF7F, 0xD77F, 0xCF1F, 0xBEDF, 0xBEFF, 0xBEDF, 0xB6BF, 0xB69F, 0xB69F, 0xAE9F, 0xAE9F,
  0xAE9F, 0xA67F, 0x9E5F, 0x963F, 0x8DFE, 0x8DFE, 0x85DE, 0x85BE, 0x85BE, 0x85DE, 0x85DE, 0x85DE,
  0x85BE, 0x85DE, 0x85DE, 0x85DE, 0x85DE, 0x85BE, 0x85BE, 0x85BE, 0x85DE, 0x85DE, 0x85BE, 0x85BE,
  0x85BE, 0x85BE, 0x85DE, 0x85DE, 0x85DE, 0x85DE, 0x85DE, 0x85DE, 0x85DE, 0x85DE, 0x85DE, 0x85DE,
  0x85BE, 0x85BE, 0x85BE, 0x85BE, 0x85BE, 0x85DE, 0x85DD, 0x85DD, 0x85DE, 0x85BE, 0x85BE, 0x85BE,
  0x85BE, 0x85BE, 0x85BE, 0x85BE, 0x85BE, 0x85BE, 0x85BE, 0x85BE, 0x85BE, 0x85BE, 0x85BE, 0x8DBD,
  0xBEDF, 0xBEDF, 0xB69D, 0xBE9D, 0xBEDD, 0xC6DD, 0xC6FE, 0xC6BD, 0xBE9D, 0xC69E, 0xC69E, 0xC69E,
  0xCEFF, 0xD73F, 0xD73F, 0xD73E, 0xCF3E, 0xCF3E, 0xDF7F, 0xE7BF, 0xEFDF, 0xE79F, 0xDF7F, 0xDF7F,
  0xC6BD, 0xBE9C, 0xBE9C, 0xC69D, 0xC6BD, 0xD73F, 0xE79F, 0xE7BF, 0xE79F, 0xE7BF, 0xE79F, 0xDF7F,
  0xD75F, 0xD75F, 0xD77F, 0xD75F, 0xD75F, 0xD75F, 0xD75F, 0xD75F, 0xDF5F, 0xDF7F, 0xE77F, 0xE79F,
  0xDF7F, 0xDF7F, 0xD75F, 0xD75F, 0xDF5F, 0xDF5F, 0xDF5F, 0xD75F, 0xD75F, 0xD77F, 0xD75F, 0xC6FF,
  0xBEDF, 0xBEFF, 0xBEDF, 0xB69E, 0xB6BF, 0xB69F, 0xB69F, 0xAE9F, 0xA69F, 0x9E5F, 0x963E, 0x8DFE,
  0x8DDE, 0x85DE, 0x85DE, 0x85DE, 0x85BE, 0x85BE, 0x85BE, 0x85BE, 0x85BE, 0x85DE, 0x85DE, 0x85DE,
  0x85DE, 0x85DE, 0x85DE, 0x85DE, 0x85DE, 0x85DE, 0x85DE, 0x85DE, 0x85DE, 0x85DE, 0x85DE, 0x85DE,
  0x85DE, 0x85DE, 0x85DE, 0x85DE, 0x85DD, 0x85DD, 0x85DD, 0x85DD, 0x85DE, 0x85BE, 0x85BE, 0x85BE,
  0x85DE, 0x85DD, 0x85DD, 0x85DD, 0x85DE, 0x85BE, 0x85BE, 0x85BE, 0x85BE, 0x85BE, 0x85BE, 0x85BE,
  0x85BE, 0x85BE, 0x85BE, 0x85BE, 0x85BE, 0x85BE, 0x85BE, 0x8DBD, 0xAE5D, 0xC6DE, 0xC6DE, 0xBE9D,
  0xC6FF, 0xBE9D, 0xAE3B, 0xC6FE, 0xC6BE, 0xBEBD, 0xBEBD, 0xBEBD, 0xBE9D, 0xBE9E, 0xBEBE, 0xBE9D,
  0xBEBD, 0xC6BD, 0xCEFD, 0xD73E, 0xDF7F, 0xDF9F, 0xE7BF, 0xE7BF, 0xD71E, 0xCEDD, 0xCEFE, 0xCF1E,
  0xD71E, 0xDF5F, 0xE79F, 0xDF7F, 0xE79F, 0xE7BF, 0xE79F, 0xD75F, 0xD75F, 0xD75F, 0xD77F, 0xD75F,
  0xD77F, 0xD75F, 0xD75F, 0xDF5F, 0xDF5F, 0xDF5F, 0xE77F, 0xE79F, 0xDF5F, 0xDF5F, 0xDF5F, 0xDF5F,
  0xDF5F, 0xDF5F, 0xDF5F, 0xD75F, 0xD75F, 0xD75F, 0xCF3F, 0xC6FF, 0xBEDF, 0xBEDF, 0xB6BF, 0xB69E,
  0xBEBF, 0xB6BF, 0xB69F, 0xAE9F, 0xAE7F, 0x9E5F, 0x961E, 0x8DFE, 0x85BD, 0x85DE, 0x85DE, 0x85DE,
  0x85DE, 0x85BE, 0x85BE, 0x85BE, 0x85DE, 0x85DD, 0x85DD, 0x85DD, 0x85DD, 0x85DE, 0x85DE, 0x85DE,
  0x85DE, 0x85DE, 0x85DE, 0x85DE, 0x85DE, 0x85DE, 0x85DE, 0x85DE, 0x85DE, 0x85DE, 0x85DE, 0x85DE,
  0x85DD, 0x85DD, 0x85DD, 0x85DD, 0x85DE, 0x85DE, 0x85BE, 0x85DE, 0x85DD, 0x85DD, 0x85DD, 0x85DD,
  0x85DE, 0x85BE, 0x85BE, 0x85BE, 0x85BE, 0x85BE, 0x85BE, 0x85BE, 0x85BE, 0x85BE, 0x85BE, 0x85BE,
  0x85BE, 0x85BE, 0x85BE, 0x8DBD, 0xBEFF, 0xB67C, 0xBEDE, 0xBE9D, 0xB65C, 0xC6DE, 0xC6DE, 0xBE9D,
  0xBEBD, 0xBE9D, 0xC6BD, 0xC6DE, 0xBE9D, 0xBE9E, 0xC6BF, 0xBEBE, 0xBE9D, 0xC6DD, 0xBEBC, 0xBE7B,
  0xC6DC, 0xDF7F, 0xE7BF, 0xDF9F, 0xE7BF, 0xDF9F, 0xE79F, 0xE7BF, 0xE79F, 0xE79F, 0xEFBF, 0xDF7F,
  0xDF9F, 0xE7BF, 0xDF9F, 0xD75F, 0xD73F, 0xD75F, 0xD77F, 0xD77F, 0xDF7F, 0xD75F, 0xD75F, 0xDF5F,
  0xDF5F, 0xDF5F, 0xDF5F, 0xE79F, 0xDF5F, 0xDF5F, 0xDF5F, 0xDF5F, 0xDF5F, 0xD75F, 0xD75F, 0xD75F,
  0xD77F, 0xCF3F, 0xC6FF, 0xBEFF, 0xBEFF, 0xBEDE, 0xB6BE, 0xBEDF, 0xBEBD, 0xBEBE, 0xB69E, 0xB6BE,
  0xB6BF, 0x9E5E, 0x8DBC, 0x85BD, 0x8DFE, 0x7D9D, 0x8DFF, 0x7D9D, 0x85BE, 0x85BE, 0x859E, 0x8DDE,
  0x85DD, 0x85DD, 0x85DD, 0x85DD, 0x85DE, 0x85DE, 0x85DE, 0x85DE, 0x85DE, 0x85DD, 0x85DD, 0x85DE,
  0x85DE, 0x85BE, 0x85BE, 0x85BE, 0x85BE, 0x85BE, 0x85DE, 0x85DE, 0x85DE, 0x85DE, 0x85DE, 0x85DE,
  0x85DE, 0x85BE, 0x85BE, 0x85BE, 0x85DE, 0x85DE, 0x85DE, 0x85DE, 0x85BE, 0x85BE, 0x85BE, 0x85BE,
  0x85BE, 0x85BE, 0x85BE, 0x85BE, 0x85BE, 0x85BE, 0x85BE, 0x85BE, 0x85BE, 0x85BE, 0x85BE, 0x8DBD,
  0xB6FF, 0xC73F, 0xC73F, 0xBEFE, 0xC6FE, 0xC71F, 0xC6FE, 0xC71F, 0xBE9D, 0xC6BE, 0xC6BE, 0xBE9D,
  0xC69E, 0xC69E, 0xBE7E, 0xC69E, 0xBE9D, 0xC6BD, 0xBE9C, 0xBE7C, 0xCEDD, 0xDF7F, 0xEFDF, 0xE7BF,
  0xE7BF, 0xE77F, 0xDF7F, 0xE79F, 0xE79F, 0xE79F, 0xE7BF, 0xE79F, 0xD79F, 0xCF5F, 0xCF3F, 0xC71F,
  0xC6FE, 0xD75F, 0xDF9F, 0xD75F, 0xD75F, 0xD75F, 0xD75F, 0xDF5F, 0xDF5F, 0xDF5F, 0xDF5F, 0xDF5F,
  0xDF3F, 0xDF3F, 0xDF3F, 0xDF5F, 0xDF5F, 0xD75F, 0xD75F, 0xD75F, 0xCF3F, 0xC71F, 0xBEDE, 0xBEDE,
  0xBEDF, 0xB6BE, 0xB69D, 0xBEBD, 0xC6DD, 0xCEFD, 0xC6DE, 0xBEBD, 0xB69E, 0xAE7E, 0xA67E, 0xA67F,
  0x961E, 0x8DDD, 0x859C, 0x85BD, 0x8DFE, 0x8DDE, 0x85BE, 0x85BE, 0x85DD, 0x85DD, 0x85DE, 0x85DE,
  0x85DE, 0x85DE, 0x85DE, 0x85DE, 0x85DE, 0x85DD, 0x85DD, 0x85DE, 0x85BE, 0x85BE, 0x85BE, 0x85BE,
  0x85BE, 0x85BE, 0x85BE, 0x85BE, 0x85BE, 0x85BE, 0x85BE, 0x85BE, 0x85BE, 0x85BE, 0x85BE, 0x85BE,
  0x85BE, 0x85BE, 0x85BE, 0x85BE, 0x85BE, 0x85BE, 0x85BE, 0x85BE, 0x85BE, 0x85BE, 0x85BE, 0x85BE,
  0x85BE, 0x85BE, 0x85BE, 0x85BE, 0x85BE, 0x85BE, 0x85BE, 0x8DBD, 0x961C, 0xB6DE, 0xC77F, 0xCF9F,
  0xCF9F, 0xCF7F, 0xCF5F, 0xCF7F, 0xC71F, 0xC6FF, 0xBE9D, 0xBE7D, 0xBE9D, 0xC6BD, 0xC6BE, 0xC6DE,
  0xBE9D, 0xC6DE, 0xC6DE, 0xBE9D, 0xC6DD, 0xD75F, 0xDF7F, 0xD75E, 0xDF7F, 0xE7BF, 0xE7BF, 0xDF9F,
  0xDF7F, 0xDF7F, 0xDF9F, 0xDF9F, 0xB6BE, 0xB6BE, 0xBEDE, 0xBEDE, 0xBEBE, 0xCF1F, 0xD77F, 0xD75F,
  0xD75F, 0xDF5F, 0xDF5F, 0xDF5F, 0xDF5F, 0xDF5F, 0xDF5F, 0xDF5F, 0xDF5F, 0xDF5F, 0xDF5F, 0xDF5F,
  0xDF5F, 0xD75F, 0xD77F, 0xD77F, 0xCF3F, 0xC6FF, 0xBEBE, 0xBEDE, 0xC6FF, 0xBEDF, 0xB69E, 0xBEBE,
  0xD73F, 0xDF5F, 0xDF5F, 0xCEDD, 0xBE7C, 0xBEBD, 0xC6FF, 0xC6FF, 0xC6FF, 0xB6BF, 0x8D7B, 0x8DBD,
  0x8DDD, 0x8DDE, 0x85DE, 0x85DE, 0x85DE, 0x85DE, 0x85DE, 0x85DE, 0x85DE, 0x85BE, 0x85BE, 0x85BE,
  0x85DE, 0x85DE, 0x85DD, 0x85DE, 0x85BE, 0x85BE, 0x85BE, 0x85BE, 0x85BE, 0x85BE, 0x85BE, 0x85BE,
  0x85BE, 0x85BE, 0x85BE, 0x85BE, 0x85BE, 0x85BE, 0x85BE, 0x85BE, 0x85BE, 0x85BE, 0x85BE, 0x85BE,
  0x85BE, 0x85BE, 0x85BE, 0x85BE, 0x85BE, 0x85BE, 0x85BE, 0x85BE, 0x85BE, 0x85BE, 0x85BE, 0x85BE,
  0x85BE, 0x85BE, 0x85BE, 0x85BE, 0x8DBD, 0x95DE, 0x95DD, 0x8D9C, 0x95BC, 0x95BC, 0x95BC, 0x95DB,
  0xC71F, 0xBEFF, 0xB6BD, 0xBEDD, 0xC71E, 0xC71E, 0xBEDD, 0xBEDD, 0xB69E, 0xB6BE, 0xB6BE, 0xBEBE,
  0xBEDE, 0xC6FE, 0xC6FE, 0xC6DE, 0xD77F, 0xE7DF, 0xD77F, 0xBEBD, 0xAE5C, 0xB65D, 0xB67D, 0xB69E,
  0xB69E, 0xB6BE, 0xBEDF, 0xBEFF, 0xBEDE, 0xC71F, 0xD75F, 0xDF7F, 0xD75F, 0xD75F, 0xDF5F, 0xDF5F,
  0xDF5F, 0xDF5F, 0xDF5F, 0xDF5F, 0xDF7F, 0xDF5F, 0xDF5F, 0xD75F, 0xD75F, 0xD75F, 0xD75F, 0xD75F,
  0xCF1F, 0xC6DF, 0xBE9E, 0xBE9E, 0xBEBE, 0xBE9E, 0xBE9E, 0xC6FF, 0xE79F, 0xE79F, 0xE79F, 0xDF3E,
  0xCEBC, 0xCEDD, 0xDF3F, 0xDF5F, 0xDF9F, 0xD75F, 0xA61D, 0x8D9C, 0x859C, 0x85BD, 0x85BE, 0x85DE,
  0x85DE, 0x85DE, 0x85DE, 0x85BE, 0x85BF, 0x85BF, 0x85BE, 0x85BE, 0x85BE, 0x85DE, 0x85DD, 0x85DE,
  0x85DE, 0x85BE, 0x85BE, 0x85BE, 0x85BE, 0x85BE, 0x85BE, 0x85BE, 0x85BE, 0x85BE, 0x85BE, 0x85BE,
  0x85BE, 0x85BE, 0x85BE, 0x85BE, 0x85BE, 0x85BE, 0x85BE, 0x85BE, 0x85BE, 0x85BE, 0x85BE, 0x85BE,
  0x85BE, 0x85BE, 0x85BE, 0x85BE, 0x85BE, 0x85BE, 0x85BE, 0x85BE, 0x85BE, 0x85BE, 0x85BE, 0x85BE,
  0x8DDF, 0x95DF, 0x8D9E, 0x857D, 0x8DBD, 0x8DBD, 0x8D9C, 0x8D9B, 0x95DC, 0x95DC, 0x9E1C, 0xB6BE,
  0xCF7F, 0xD79F, 0xCF9F, 0xD79F, 0xCF9F, 0x95DC, 0x855A, 0xB6DF, 0xD79F, 0xB6DF, 0xA63D, 0xB6BE,
  0xBEDF, 0xCF5F, 0xBEFF, 0xA63D, 0xA65D, 0xAE7E, 0xB69F, 0xB6DF, 0xB6BF, 0xB6BE, 0xB6BF, 0xBEFF,
  0xBEDF, 0xC6FE, 0xCF1F, 0xD75F, 0xD75F, 0xDF5F, 0xDF5F, 0xDF5F, 0xDF5F, 0xDF5F, 0xDF5F, 0xDF5F,
  0xD77F, 0xD75F, 0xD75F, 0xD75F, 0xD77F, 0xD75F, 0xD75F, 0xD75F, 0xCF1F, 0xC6FF, 0xBEBE, 0xBE9E,
  0xBE9E, 0xBE9E, 0xC6DF, 0xDF5F, 0xE79F, 0xE77F, 0xEF9F, 0xEF7F, 0xDF1E, 0xE71D, 0xEF7F, 0xEF9F,
  0xE77F, 0xE79F, 0xD73F, 0x9DFD, 0x8DBD, 0x8DDE, 0x85DE, 0x85DF, 0x85DE, 0x85BE, 0x85BF, 0x85BF,
  0x85BF, 0x85BF, 0x85BF, 0x85BE, 0x85BE, 0x85DE, 0x85DE, 0x85DD, 0x85DE, 0x85BE, 0x85BE, 0x85BE,
  0x85BE, 0x85BE, 0x85BE, 0x85BE, 0x85BE, 0x85BE, 0x85BE, 0x85BE, 0x85BE, 0x85BE, 0x85BE, 0x85BE,
  0x85BE, 0x85BE, 0x85BE, 0x85BE, 0x85BE, 0x85BE, 0x85BE, 0x85BE, 0x85BE, 0x85BE, 0x85BE, 0x85BE,
  0x85BE, 0x85BE, 0x85BE, 0x85BE, 0x85BE, 0x85BE, 0x85BE, 0x85BE, 0x7D7C, 0x85BD, 0x8DDE, 0x8DDD,
  0x8DDE, 0x8DDD, 0x8DBD, 0x8DDD, 0x8DBD, 0x859C, 0x857C, 0x8DBD, 0x95FE, 0x95DD, 0x95BD, 0x95FD,
  0x8DBC, 0x8DDD, 0x8DDD, 0x8DDD, 0x8DDD, 0x8DDD, 0x95DD, 0x95DC, 0x8D9B, 0x95FD, 0x95DD, 0x95DD,
  0xA65E, 0xA69F, 0xA67F, 0xAEBF, 0xAEBF, 0xAE9F, 0xB69E, 0xB6BF, 0xBEDF, 0xC6FF, 0xCF1F, 0xD75F,
  0xD75F, 0xD75F, 0xDF5F, 0xDF5F, 0xDF5F, 0xDF5F, 0xDF5F, 0xDF5F, 0xD75F, 0xD75F, 0xD75F, 0xD77F,
  0xD77F, 0xD77F, 0xD75F, 0xD75F, 0xCEFF, 0xC6FF, 0xC6DE, 0xC6BE, 0xC69E, 0xC69E, 0xD71F, 0xE7BF,
  0xE79F, 0xDF7F, 0xE79F, 0xEF9F, 0xEF7F, 0xEF7E, 0xF77F, 0xF79F, 0xEF7F, 0xE79F, 0xE7DF, 0xAE5D,
  0x95BC, 0x85BD, 0x85DE, 0x85DE, 0x85BE, 0x85BE, 0x85BE, 0x85BF, 0x85BF, 0x85BF, 0x85BE, 0x85BE,
  0x85BE, 0x85DE, 0x85DE, 0x85DD, 0x85DE, 0x85DE, 0x85BE, 0x85BE, 0x85BE, 0x85BE, 0x85BE, 0x85BE,
  0x85BE, 0x85BE, 0x85BE, 0x85BE, 0x85BE, 0x85BE, 0x85BE, 0x85BE, 0x85BE, 0x85BE, 0x85BE, 0x85BE,
  0x85BE, 0x85BE, 0x85BE, 0x85BE, 0x85BE, 0x85BE, 0x85BE, 0x85BE, 0x85BE, 0x85BE, 0x85BE, 0x85BE,
  0x85BE, 0x85BE, 0x85BE, 0x85DE, 0x85DD, 0x8DFD, 0x85BD, 0x859D, 0x85BD, 0x85BD, 0x85BD, 0x8DDE,
  0x8DDE, 0x8DDE, 0x859E, 0x859E, 0x8DBE, 0x859E, 0x857E, 0x8DBE, 0x8DFE, 0x85BD, 0x859C, 0x8DDE,
  0x8DFE, 0x8DDD, 0x85BD, 0x8DDD, 0x8DDE, 0x8DDE, 0x8DBD, 0x8DFE, 0x9E5F, 0xA69F, 0x9E7F, 0xA69F,
  0xB6DF, 0xB6BF, 0xB69F, 0xB6BF, 0xBEFF, 0xC6FF, 0xC6FF, 0xD73F, 0xD75F, 0xD75F, 0xD75F, 0xDF5F,
  0xDF5F, 0xDF5F, 0xDF5F, 0xDF5F, 0xD77F, 0xD77F, 0xD77F, 0xD77F, 0xD77F, 0xD75F, 0xCF1F, 0xCEFF,
  0xBE9D, 0xBE9D, 0xBE9D, 0xC69D, 0xC69D, 0xC69D, 0xD6FE, 0xE79F, 0xE79F, 0xE7BF, 0xE79F, 0xE77F,
  0xEF9F, 0xEF9F, 0xEF7F, 0xEF7F, 0xE77F, 0xE77F, 0xDF9F, 0xBEDF, 0x95BB, 0x859B, 0x85DD, 0x85BD,
  0x85BD, 0x8DBD, 0x8DBE, 0x8DBE, 0x8DBE, 0x8DBE, 0x85BE, 0x85DE, 0x85BE, 0x85DE, 0x85DD, 0x85DD,
  0x85DE, 0x85DE, 0x85BE, 0x85BE, 0x85BE, 0x85BE, 0x85BE, 0x85BE, 0x85BE, 0x85BE, 0x85BE, 0x85BE,
  0x85BE, 0x85BE, 0x85BE, 0x85BE, 0x85BE, 0x85BE, 0x85BE, 0x85BE, 0x85BE, 0x85BE, 0x85BE, 0x85BE,
  0x85BE, 0x85BE, 0x85BE, 0x85BE, 0x85BE, 0x85BE, 0x85BE, 0x85BE, 0x85BE, 0x85BE, 0x85BE, 0x85DE,
  0x85DE, 0x85BE, 0x85BD, 0x85BE, 0x8DFF, 0x8DFF, 0x85BE, 0x85BE, 0x859E, 0x85DE, 0x85BE, 0x85BF,
  0x8DDF, 0x8DDF, 0x85BE, 0x8DDE, 0x85BD, 0x85DE, 0x85DE, 0x85BE, 0x85BE, 0x85BE, 0x85BE, 0x85BE,
  0x8DDF, 0x85BE, 0x859D, 0x85DE, 0x8E1F, 0x965F, 0x9E9F, 0xA6BF, 0xAE9F, 0xB6BF, 0xAE9F, 0xAE7F,
  0xBEBF, 0xBEBF, 0xBEBE, 0xC6FF, 0xD75F, 0xD75F, 0xD75F, 0xDF5F, 0xDF5F, 0xDF5F, 0xDF5F, 0xDF5F,
  0xD77F, 0xD75F, 0xD75F, 0xD75F, 0xCF3F, 0xCF1F, 0xC6BE, 0xBE9D, 0xC69D, 0xC6BD, 0xC6BD, 0xCEDE,
  0xCEDE, 0xCEDD, 0xD71E, 0xE7BF, 0xDF7F, 0xE7BF, 0xDF7F, 0xD73F, 0xE77F, 0xEF9F, 0xEF7F, 0xEF7F,
  0xE77F, 0xE7BF, 0xE79F, 0xDFBF, 0xB69E, 0x9E3D, 0xA65E, 0x95FD, 0x8DBC, 0x8DBD, 0x8DBD, 0x8DBD,
  0x8DBE, 0x8DBE, 0x8DBE, 0x85DE, 0x85BE, 0x85DE, 0x85DD, 0x85DD, 0x85DE, 0x85BE, 0x85BE, 0x85BE,
  0x85BE, 0x85BE, 0x85BE, 0x85BE, 0x85BE, 0x85BE, 0x85BE, 0x85BE, 0x85BE, 0x85BE, 0x85BE, 0x85BE,
  0x85BE, 0x85BE, 0x85BE, 0x85BE, 0x85BE, 0x85BE, 0x85BE, 0x85BE, 0x85BE, 0x85BE, 0x85BE, 0x85BE,
  0x85BE, 0x85BE, 0x85BE, 0x85BE, 0x85BE, 0x85BE, 0x85BE, 0x85BE, 0x85BF, 0x85DF, 0x85DF, 0x85BE,
  0x85BE, 0x7D9E, 0x859E, 0x8DDF, 0x85BE, 0x85DF, 0x85DE, 0x85BE, 0x85BE, 0x85BE, 0x85BE, 0x85DE,
  0x85DE, 0x85BD, 0x85BE, 0x85DE, 0x85DF, 0x85BE, 0x85BF, 0x85BF, 0x859E, 0x859E, 0x85BE, 0x8DDF,
  0x8DFF, 0x963F, 0x9E9F, 0x9E7F, 0xA67F, 0xB6BF, 0xB6BF, 0xB69F, 0xBEDF, 0xBEDF, 0xC6DF, 0xCF1F,
  0xD75F, 0xD75F, 0xD75F, 0xD75F, 0xD75F, 0xDF5F, 0xDF5F, 0xDF5F, 0xD77F, 0xD77F, 0xD73F, 0xC6FE,
  0xBEBD, 0xC6BD, 0xC6BD, 0xC6BD, 0xC6BD, 0xC6BD, 0xDF3F, 0xE79F, 0xE79F, 0xE79F, 0xE79F, 0xEFBF,
  0xE7BF, 0xDF7F, 0xD73F, 0xC6BD, 0xC69C, 0xDF5F, 0xEFDF, 0xE77F, 0xEFBF, 0xE7BF, 0xDF9F, 0xDF9F,
  0xDFBF, 0xE7FF, 0xD7BF, 0xBEFF, 0x9E1D, 0x9E5E, 0x7D5B, 0x8DFD, 0x85BD, 0x8DDD, 0x8DDE, 0x85DE,
  0x85DD, 0x85DD, 0x85DD, 0x85DE, 0x85BE, 0x85BE, 0x85BE, 0x85BE, 0x85BE, 0x85BE, 0x85BE, 0x85BE,
  0x85BE, 0x85BE, 0x85BE, 0x85BE, 0x85BE, 0x85BE, 0x85BE, 0x85BE, 0x85BE, 0x85BE, 0x85BE, 0x85BE,
  0x85BE, 0x85BE, 0x85BE, 0x85BE, 0x85BE, 0x85BE, 0x85BE, 0x85BE, 0x85BE, 0x85BE, 0x85BE, 0x85BE,
  0x85BE, 0x85BE, 0x85BE, 0x85BE, 0x85BF, 0x85BF, 0x85BF, 0x85BF, 0x85BF, 0x85BF, 0x85BF, 0x85BE,
  0x85DE, 0x85DE, 0x85DD, 0x85DD, 0x85DD, 0x85DD, 0x85DD, 0x85DD, 0x85DD, 0x85DE, 0x85DE, 0x85BE,
  0x85BE, 0x85BF, 0x85BF, 0x85BF, 0x85BF, 0x85BF, 0x85BE, 0x85BE, 0x8DFE, 0x963F, 0x9E7F, 0xA67F,
  0xA67F, 0xAE9F, 0xB69F, 0xB69F, 0xB6BF, 0xBEDF, 0xC6DF, 0xC6DF, 0xCF3F, 0xD75F, 0xDF7F, 0xD75F,
  0xD75F, 0xDF7F, 0xDF7F, 0xD75F, 0xDF5F, 0xD73F, 0xCEFE, 0xC6BD, 0xBE9D, 0xC6BD, 0xC6BE, 0xC69D,
  0xC69D, 0xC6BD, 0xDF5F, 0xE79F, 0xE7BF, 0xE7BF, 0xE77F, 0xE77F, 0xD73E, 0xC6BC, 0xBE9C, 0xC6BD,
  0xBE9C, 0xCEDD, 0xDF7F, 0xDF9F, 0xDF5F, 0xDF9F, 0xE7BF, 0xE79F, 0xDF7F, 0xE7BF, 0xE7BF, 0xD77F,
  0xD7BF, 0xBF5F, 0x8DDC, 0x95FD, 0x85BC, 0x8DBD, 0x85BD, 0x85BD, 0x85DD, 0x85DD, 0x85DD, 0x85DE,
  0x85BE, 0x85BE, 0x85BE, 0x85BE, 0x85BE, 0x85BE, 0x85BE, 0x85BE, 0x85BE, 0x85BE, 0x85BE, 0x85BE,
  0x85BE, 0x85BE, 0x85BE, 0x85BE, 0x85BE, 0x85BE, 0x85BE, 0x85BE, 0x85BE, 0x85BE, 0x85BE, 0x85BE,
  0x85BE, 0x85BE, 0x85BE, 0x85BE, 0x85BE, 0x85BE, 0x85BE, 0x85BE, 0x85BE, 0x85BE, 0x85BE, 0x85BE,
  0x85BF, 0x85BF, 0x85BF, 0x85BF, 0x85BF, 0x85BF, 0x85BE, 0x85BE, 0x85DE, 0x85DE, 0x85DD, 0x85DD,
  0x85DD, 0x85DD, 0x85DD, 0x85DD, 0x85DD, 0x85DD, 0x85BE, 0x85BE, 0x85BE, 0x85BE, 0x85BF, 0x85BF,
  0x85BF, 0x85BE, 0x85BE, 0x85BE, 0x8DDE, 0x961E, 0x9E5F, 0xA67F, 0xA67F, 0xAE9F, 0xAE9F, 0xB69F,
  0xB69F, 0xBEDF, 0xBEDF, 0xC6DF, 0xCF1F, 0xD75F, 0xD77F, 0xD75F, 0xD75F, 0xDF5F, 0xDF5F, 0xDF5F,
  0xDF5F, 0xD71F, 0xC6BE, 0xBE9D, 0xBE7D, 0xC69E, 0xC69E, 0xBE9D, 0xC69D, 0xC6BD, 0xD73F, 0xDF7F,
  0xDF7F, 0xE7DF, 0xE7BF, 0xE7BF, 0xEFDF, 0xCEDD, 0xBE7B, 0xC6BD, 0xC6DD, 0xC6DD, 0xC6DD, 0xC6BD,
  0xBE9C, 0xCEFD, 0xDF7F, 0xEFBF, 0xE79F, 0xE77F, 0xEF9F, 0xE7BF, 0xDFFF, 0xBF5F, 0x8DBB, 0x8DBC,
  0x859C, 0x85BD, 0x85DD, 0x85DE, 0x85DD, 0x85DD, 0x85DE, 0x85DE, 0x85BE, 0x85BE, 0x85BE, 0x85BE,
  0x85BE, 0x85BE, 0x85BE, 0x85BE, 0x85BE, 0x85BE, 0x85BE, 0x85BE, 0x85BE, 0x85BE, 0x85BE, 0x85BE,
  0x85BE, 0x85BE, 0x85BE, 0x85BE, 0x85BE, 0x85BE, 0x85BE, 0x85BE, 0x85BE, 0x85BE, 0x85BE, 0x85BE,
  0x85BE, 0x85BE, 0x85BE, 0x85BE, 0x85BE, 0x85BE, 0x85BE, 0x85DE, 0x85DE, 0x85DD, 0x85DD, 0x85DE,
  0x85DE, 0x85DE, 0x85DE, 0x85DE, 0x85DE, 0x85DE, 0x85DE, 0x85DE, 0x85DE, 0x85DE, 0x85BE, 0x85BE,
  0x85BD, 0x85BD, 0x85BD, 0x85BE, 0x85BE, 0x85BE, 0x85BE, 0x85BE, 0x85BE, 0x85BE, 0x85BE, 0x85BE,
  0x8DBE, 0x8DFE, 0x961F, 0x9E5F, 0xA67F, 0xAE9F, 0xAE9F, 0xB69F, 0xB69F, 0xB6BF, 0xBEDF, 0xBEDF,
  0xC6FF, 0xCF3F, 0xD77F, 0xD75F, 0xD75F, 0xDF5F, 0xDF5F, 0xDF5F, 0xDF5F, 0xD71F, 0xCEDE, 0xC6BD,
  0xBE9D, 0xC6BE, 0xC6BE, 0xBE9E, 0xBE9D, 0xBE7D, 0xBEBD, 0xBEBD, 0xC6DE, 0xDF9F, 0xE7BF, 0xE7BF,
  0xD75F, 0xC6DD, 0xBE9C, 0xC6DD, 0xD75F, 0xDFBF, 0xDF9F, 0xCF3F, 0xBE9D, 0xC6BD, 0xD73F, 0xE79F,
  0xE79F, 0xE77F, 0xEF9F, 0xE79F, 0xCF9F, 0xB6FF, 0x8DBC, 0x8DDC, 0x8DDD, 0x8DDD, 0x85BD, 0x85BD,
  0x85DE, 0x85DE, 0x85DE, 0x85DE, 0x85BE, 0x85BE, 0x85BE, 0x85BE, 0x85BE, 0x85BE, 0x85BE, 0x85BE,
  0x85BE, 0x85BE, 0x85BE, 0x85BE, 0x85BE, 0x85BE, 0x85BE, 0x85BE, 0x85BE, 0x85BE, 0x85BE, 0x85BE,
  0x85BE, 0x85BE, 0x85BE, 0x85BE, 0x85BE, 0x85BE, 0x85BE, 0x85BE, 0x85BE, 0x85BE, 0x85BE, 0x85BE,
  0x85BE, 0x85BE, 0x85BE, 0x85DE, 0x85DD, 0x85DD, 0x85DD, 0x85DD, 0x85DD, 0x85DD, 0x85DD, 0x85DE,
  0x85DE, 0x85BE, 0x85BE, 0x85BE, 0x85BE, 0x85BE, 0x85BE, 0x85BE, 0x85BE, 0x85BD, 0x85BD, 0x85BE,
  0x85BE, 0x85BE, 0x85BE, 0x85BE, 0x85BE, 0x85BE, 0x8DBE, 0x8DBE, 0x85BD, 0x8DDD, 0x961E, 0x9E5F,
  0xA67F, 0xAE9F, 0xAE9F, 0xAE9F, 0xB6BF, 0xB6BF, 0xBEDF, 0xBEFF, 0xC6DF, 0xCF1F, 0xD75F, 0xD77F,
  0xD75F, 0xDF5F, 0xDF5F, 0xDF5F, 0xDF5F, 0xD73F, 0xCF1F, 0xCEFE, 0xC6DE, 0xC6BE, 0xBEBE, 0xBEBE,
  0xC6FF, 0xBEBF, 0xBEDF, 0xBEBE, 0xBEDF, 0xD77F, 0xD79F, 0xD79F, 0xDF9F, 0xDFBF, 0xDFBF, 0xD79F,
  0xD77F, 0xD79F, 0xD7BF, 0xD77F, 0xDFBF, 0xD77F, 0xD77F, 0xDF9F, 0xDF9F, 0xE79F, 0xE7BF, 0xDFBF,
  0xA65D, 0x9E3D, 0x859C, 0x8DDD, 0x8DDE, 0x85BE, 0x85BD, 0x85DE, 0x85DE, 0x85DE, 0x85DE, 0x85DE,
  0x85BE, 0x85BE, 0x85BE, 0x85BE, 0x85BE, 0x85BE, 0x85BE, 0x85BE, 0x85BE, 0x85BE, 0x85BE, 0x85BE,
  0x85BE, 0x85BE, 0x85BE, 0x85BE, 0x85BE, 0x85BE, 0x85BE, 0x85BE, 0x85BE, 0x85BE, 0x85BE, 0x85BE,
  0x85BE, 0x85BE, 0x85BE, 0x85BE, 0x85BE, 0x85BE, 0x85BE, 0x85BE, 0x85BE, 0x85BE, 0x85BE, 0x85DE,
  0x85DD, 0x85DD, 0x85DD, 0x85DD, 0x85DD, 0x85DD, 0x85DE, 0x85DE, 0x85DE, 0x85DE, 0x85BE, 0x85BE,
  0x85BE, 0x85BE, 0x85BE, 0x85BE, 0x85BE, 0x85BE, 0x85BE, 0x85BE, 0x85BE, 0x85BE, 0x85DE, 0x85DE,
  0x85BE, 0x85BE, 0x85DE, 0x8DDE, 0x85BD, 0x8DBD, 0x95FE, 0x9E3F, 0xA67F, 0xA67F, 0xAE9F, 0xAE9F,
  0xAE9F, 0xB6BF, 0xBEDF, 0xBEFF, 0xBEDF, 0xCF1F, 0xD75F, 0xD77F, 0xDF5F, 0xDF5F, 0xDF5F, 0xDF5F,
  0xDF7F, 0xD75F, 0xD75F, 0xD73F, 0xCF1F, 0xC6DF, 0xBEBF, 0xBEDF, 0xB69F, 0xB67E, 0xB6BF, 0xAE7E,
  0xAE7E, 0xB6BF, 0xAE7E, 0xA63D, 0x95DB, 0x95DC, 0x95DC, 0x9DFC, 0x9DFC, 0x95DC, 0x9DFC, 0x9DFD,
  0x9E1D, 0x9DDC, 0x9DDC, 0x9DDC, 0x9DBC, 0x9DBB, 0x9DDC, 0x9DDC, 0x857B, 0x859C, 0x859C, 0x85BD,
  0x8DBE, 0x85BE, 0x85BE, 0x8DFF, 0x85DE, 0x85DE, 0x85DE, 0x85DE, 0x85BE, 0x85BE, 0x85BE, 0x85BE,
  0x85BE, 0x85BE, 0x85BE, 0x85BE, 0x85BE, 0x85BE, 0x85BE, 0x85BE, 0x85BE, 0x85BE, 0x85BE, 0x85BE,
  0x85BE, 0x85BE, 0x85BE, 0x85BE, 0x85BE, 0x85BE, 0x85BE, 0x85BE, 0x85BE, 0x85BE, 0x85BE, 0x85BE,
  0x85BE, 0x85BE, 0x85BE, 0x85BE, 0x85BE, 0x85BE, 0x85BE, 0x85BE, 0x85DE, 0x85DE, 0x85DE, 0x85DE,
  0x85DE, 0x85DE, 0x85DE, 0x85DE, 0x85DE, 0x85DE, 0x85BE, 0x85BE, 0x85BE, 0x85BE, 0x85BE, 0x85BE,
  0x85BE, 0x85BE, 0x85BE, 0x85BE, 0x85DE, 0x85DE, 0x85DE, 0x85DE, 0x85DE, 0x85DE, 0x85DE, 0x8DDE,
  0x85BE, 0x85BD, 0x8DFE, 0x9E3F, 0x9E5F, 0xA65E, 0xAE9F, 0xAEBF, 0xAE9F, 0xB69F, 0xB6BF, 0xBEDF,
  0xBEDF, 0xC6FF, 0xD73F, 0xD75F, 0xDF5F, 0xDF5F, 0xDF5F, 0xDF5F, 0xDF7F, 0xD77F, 0xD77F, 0xD75F,
  0xCF3F, 0xBEFF, 0xBEDF, 0xBEDF, 0xB6BF, 0xAE9F, 0xB6BF, 0xAE9F, 0xAE7F, 0xA67F, 0x9E1D, 0x8DDC,
  0x8DDD, 0x85BD, 0x859C, 0x85BC, 0x8DDD, 0x8DDD, 0x8D9C, 0x8DBD, 0x859C, 0x859C, 0x8DBD, 0x8DDD,
  0x859D, 0x859D, 0x85BD, 0x859D, 0x8DDE, 0x8DFE, 0x8DFE, 0x8DBE, 0x8DDF, 0x85BF, 0x7D9E, 0x85BF,
  0x85DE, 0x85DE, 0x85DE, 0x85DE, 0x85DE, 0x85BD, 0x85BE, 0x85BE, 0x85BE, 0x85BE, 0x85BE, 0x85BE,
  0x85BE, 0x85BE, 0x85BE, 0x85BE, 0x85BE, 0x85BE, 0x85BE, 0x85BE, 0x85BE, 0x85BE, 0x85BE, 0x85BE,
  0x85BE, 0x85BE, 0x85BE, 0x85BE, 0x85BE, 0x85BE, 0x85BE, 0x85BE, 0x85BE, 0x85BE, 0x85BE, 0x85BE,
  0x85BE, 0x85BE, 0x85BE, 0x85DE, 0x85DE, 0x85DE, 0x85DE, 0x85DE, 0x85DE, 0x85BE, 0x85BE, 0x85DE,
  0x85DE, 0x85DE, 0x85BE, 0x85BE, 0x85BE, 0x85BE, 0x85BE, 0x85BE, 0x85BE, 0x85BE, 0x85BE, 0x85DE,
  0x85DE, 0x85DE, 0x85DE, 0x85DE, 0x85DE, 0x85DE, 0x85DE, 0x85DE, 0x85DE, 0x85BE, 0x8DDF, 0x961F,
  0x9E3E, 0xA65E, 0xAEBF, 0xB6DF, 0xB6DF, 0xB6BF, 0xB6BF, 0xBEDF, 0xBEDF, 0xC6FF, 0xCF3F, 0xD75F,
  0xDF5F, 0xDF5F, 0xDF5F, 0xDF5F, 0xD77F, 0xD75F, 0xD75F, 0xD75F, 0xCF3F, 0xBEFF, 0xBEDF, 0xB6DF,
  0xB6BF, 0xAE9F, 0xAEBF, 0xAE9F, 0xA67F, 0xA67F, 0x9E3E, 0x961E, 0x859D, 0x85DE, 0x85DE, 0x7D9D,
  0x85BD, 0x85BE, 0x85BD, 0x85BD, 0x8DDE, 0x85BE, 0x85BE, 0x85BE, 0x85BE, 0x85DF, 0x85DF, 0x85BE,
  0x85BE, 0x8DBE, 0x8DBE, 0x859E, 0x85BE, 0x85DF, 0x85BE, 0x85BE, 0x85DE, 0x85DE, 0x85DE, 0x85DE,
  0x85DE, 0x85BE, 0x85BE, 0x85BE, 0x85BE, 0x85BE, 0x85BE, 0x85BE, 0x85BE, 0x85BE, 0x85BE, 0x85BE,
  0x85BE, 0x85BE, 0x85BE, 0x85BE, 0x85BE, 0x85BE, 0x85BE, 0x85BE, 0x85BE, 0x85BE, 0x85BE, 0x85BE,
  0x85BE, 0x85BE, 0x85BE, 0x85BE, 0x85BE, 0x85BE, 0x85BE, 0x85BE, 0x85BE, 0x85BE, 0x85BE, 0x85BE,
  0x85DE, 0x85DE, 0x85DE, 0x85DE, 0x85BE, 0x85BE, 0x85BE, 0x85BE, 0x85DE, 0x85BE, 0x85BE, 0x85BE,
  0x85BE, 0x85BE, 0x85BE, 0x85BE, 0x85BE, 0x85BE, 0x85BE, 0x85DE, 0x85DE, 0x85DE, 0x85DE, 0x85DE,
  0x85DE, 0x85BE, 0x85BE, 0x85DE, 0x85BE, 0x85BE, 0x8DDE, 0x961F, 0x9E3E, 0xA67E, 0xB6BF, 0xBF1F,
  0xBF1F, 0xBEFF, 0xBEDF, 0xBEFF, 0xBEDF, 0xC6FF, 0xCF1F, 0xD75F, 0xDF7F, 0xDF5F, 0xDF5F, 0xDF5F,
  0xDF7F, 0xD73F, 0xDF7F, 0xCF5F, 0xBEDF, 0xBEFF, 0xBEDF, 0xB6BF, 0xB69F, 0xB6BF, 0xAE9F, 0xA69F,
  0xA67F, 0x9E7F, 0x961F, 0x8DDE, 0x85DE, 0x85DE, 0x85DE, 0x85DE, 0x85BE, 0x85BE, 0x85BE, 0x85BE,
  0x85BE, 0x85BE, 0x85BE, 0x85BE, 0x85BE, 0x85BE, 0x85BE, 0x85BE, 0x85BE, 0x85BE, 0x85BE, 0x85BE,
  0x85BE, 0x85BE, 0x85BE, 0x85BE, 0x85BE, 0x85DE, 0x85DE, 0x85DE, 0x85BE, 0x85BE, 0x85BE, 0x85BE,
  0x85BE, 0x85BE, 0x85BE, 0x85BE, 0x85BE, 0x85BE, 0x85BE, 0x85BE, 0x85BE, 0x85BE, 0x85BE, 0x85BE,
  0x85BE, 0x85BE, 0x85BE, 0x85BE, 0x85BE, 0x85BE, 0x85BE, 0x85BE, 0x85BE, 0x85BE, 0x85BE, 0x85BE,
  0x85BE, 0x85BE, 0x85BE, 0x85BE, 0x85BE, 0x85BE, 0x85BE, 0x85BE, 0x85BE, 0x85DE, 0x85DE, 0x85BE,
  0x85BE, 0x85BE, 0x85BE, 0x85BE, 0x85BE, 0x85BE, 0x85BE, 0x85BE, 0x85BE, 0x85BE, 0x85BE, 0x85BE,
  0x85BE, 0x85BE, 0x85BE, 0x85BE, 0x85BE, 0x85BE, 0x85DE, 0x85DE, 0x85DE, 0x85BE, 0x85DE, 0x8DFE,
  0x8DDE, 0x859D, 0x8DBD, 0x95FD, 0xA63E, 0xB6BF, 0xBEFF, 0xA63F, 0xB6DF, 0xBEFF, 0xC73F, 0xBEDE,
  0xBEDF, 0xBEDF, 0xC6FF, 0xD75F, 0xDF7F, 0xDF7F, 0xDF5F, 0xDF5F, 0xDF5F, 0xD73F, 0xD77F, 0xCF3F,
  0xBEDF, 0xBEFF, 0xBEDF, 0xB69F, 0xB69F, 0xB6BF, 0xAE9F, 0xA67F, 0xA67F, 0x9E5F, 0x961F, 0x85DE,
  0x85BE, 0x85BE, 0x85BE, 0x85BE, 0x85BE, 0x85BE, 0x85BE, 0x85BE, 0x85BE, 0x85BE, 0x85BE, 0x85BE,
  0x85BE, 0x85BE, 0x85BE, 0x85BE, 0x85BE, 0x85BE, 0x85BE, 0x85BE, 0x85BE, 0x85BE, 0x85BE, 0x85BE,
  0x85BE, 0x85BE, 0x85BE, 0x85BE, 0x85BE, 0x85BE, 0x85BE, 0x85BE, 0x85BE, 0x85BE, 0x85BE, 0x85BE,
  0x85BE, 0x85BE, 0x85BE, 0x85BE, 0x85BE, 0x85BE, 0x85BE, 0x85BE, 0x85BE, 0x85BE, 0x85BE, 0x85BE,
  0x85BE, 0x85BE, 0x85BE, 0x85BE, 0x85BE, 0x85BE, 0x85BE, 0x85BE, 0x85BE, 0x85BE, 0x85BE, 0x85BE,
  0x85BE, 0x85BE, 0x85BE, 0x85BE, 0x85BE, 0x85BE, 0x85BE, 0x85BE, 0x85BE, 0x85BE, 0x85BE, 0x85BE,
  0x85BE, 0x85BE, 0x85BE, 0x85BE, 0x85BE, 0x85BE, 0x85BE, 0x85BE, 0x8DBE, 0x8DBE, 0x85BE, 0x85BE,
  0x85BE, 0x85BE, 0x85BE, 0x85BE, 0x85DE, 0x85DE, 0x85BE, 0x85BD, 0x859D, 0x8DBD, 0x95DD, 0x9DFE,
  0xB6DF, 0xAE5E, 0xB6BF, 0xB6BF, 0xB6BF, 0xBEFF, 0xBEFF, 0xBEFF, 0xBEFF, 0xBEDF, 0xC6FF, 0xD73F,
  0xDF7F, 0xDF5F, 0xDF5F, 0xDF5F, 0xDF5F, 0xD75F, 0xD77F, 0xCF3F, 0xBEDF, 0xBEFF, 0xB6BF, 0xB69F,
  0xB69F, 0xB6BF, 0xAE9F, 0xA67F, 0xA67F, 0x9E5F, 0x8DFE, 0x85DE, 0x85BE, 0x85BE, 0x85BE, 0x85BE,
  0x85BE, 0x85BE, 0x85BE, 0x85BE, 0x85BE, 0x85BE, 0x85BE, 0x85BE, 0x85BE, 0x85BE, 0x85BE, 0x85BE,
  0x85BE, 0x85BE, 0x85BE, 0x85BE, 0x85BE, 0x85BE, 0x85BE, 0x85BE, 0x85BE, 0x85BE, 0x85BE, 0x85BE,
  0x85BE, 0x85BE, 0x85BE, 0x85BE, 0x85BE, 0x85BE, 0x85BE, 0x85BE, 0x85BE, 0x85BE, 0x85BE, 0x85BE,
  0x85BE, 0x85BE, 0x85BE, 0x85BE, 0x85BE, 0x85BE, 0x85BE, 0x85BE, 0x85BE, 0x85BE, 0x85BE, 0x85BE,
  0x85BE, 0x85BE, 0x85BE, 0x85BE, 0x85BE, 0x85BE, 0x85BE, 0x85BE, 0x85BE, 0x85BE, 0x85BE, 0x85BE,
  0x85BE, 0x85BE, 0x85BE, 0x85BE, 0x85BE, 0x85BE, 0x85BE, 0x85BE, 0x85BE, 0x85BE, 0x85BE, 0x85BE,
  0x85BE, 0x85BE, 0x85BE, 0x85BE, 0x85BE, 0x8DBE, 0x85BE, 0x85BE, 0x85BE, 0x85BE, 0x85BE, 0x85BE,
  0x85BE, 0x85BE, 0x85BD, 0x85BD, 0x8DDE, 0x9E1E, 0xA65F, 0xA65F, 0xB6BF, 0xA63D, 0xB69F, 0xB6BF,
  0xAE5E, 0xC71F, 0xC71F, 0xC71F, 0xC6FF, 0xC6FF, 0xCEFF, 0xD73F, 0xDF7F, 0xDF5F, 0xDF5F, 0xDF5F,
  0xDF7F, 0xD75F, 0xD77F, 0xCF1F, 0xBEDF, 0xBEFF, 0xB6BF, 0xB6BF, 0xB69F, 0xAE9F, 0xAE9F, 0xA67F,
  0x9E5F, 0x963F, 0x8DFE, 0x85BE, 0x85BE, 0x85BE, 0x85BE, 0x85BE, 0x85BE, 0x85BE, 0x85BE, 0x85BE,
  0x85BE, 0x85BE, 0x85BE, 0x85BE, 0x85BE, 0x85BE, 0x85BE, 0x85BE, 0x85BE, 0x85BE, 0x85BE, 0x85BE,
  0x85BE, 0x85BE, 0x85BE, 0x85BE, 0x85BE, 0x85BE, 0x85BE, 0x85BE, 0x85BE, 0x85BE, 0x85BE, 0x85BE,
  0x85BE, 0x85BE, 0x85BE, 0x85BE, 0x85BE, 0x85BE, 0x85BE, 0x85BE, 0x85BE, 0x85BE, 0x85BE, 0x85BE,
  0x85BE, 0x85BE, 0x85BE, 0x85BE, 0x85BE, 0x85BE, 0x85BE, 0x85BE, 0x85BE, 0x85BE, 0x85BE, 0x85BE,
  0x85BE, 0x85BE, 0x85BE, 0x85BE, 0x85BE, 0x85BE, 0x85BE, 0x85BE, 0x85BE, 0x85BE, 0x85BE, 0x85BE,
  0x85BE, 0x85BE, 0x85BE, 0x85BE, 0x85BE, 0x85BE, 0x85BE, 0x85BE, 0x85BE, 0x85BE, 0x85BE, 0x85BE,
  0x85BE, 0x85BE, 0x85BE, 0x85BE, 0x85BE, 0x85BE, 0x85BE, 0x85DE, 0x85BD, 0x85BD, 0x8DDE, 0x95FE,
  0x9E3F, 0xA67F, 0xA67F, 0xA65F, 0xA63D, 0xAE5D, 0xB6BE, 0xB6BE, 0xB6BE, 0xC73F, 0xC71F, 0xC71F,
  0xC71F, 0xC6FF, 0xCF1F, 0xD75F, 0xDF7F, 0xDF7F, 0xDF5F, 0xDF5F, 0xDF7F, 0xD77F, 0xD75F, 0xC71F,
  0xBEDF, 0xBEFF, 0xB6BF, 0xB6BF, 0xB69F, 0xAE9F, 0xAE9F, 0xA67F, 0x9E5F, 0x961F, 0x8DDE, 0x85BE,
  0x85BE, 0x85BE, 0x85BE, 0x85BE, 0x85BE, 0x85BE, 0x85BE, 0x85BE, 0x85BE, 0x85BE, 0x85BE, 0x85BE,
  0x85BE, 0x85BE, 0x85BE, 0x85BE, 0x85BE, 0x85BE, 0x85BE, 0x85BE, 0x85BE, 0x85BE, 0x85BE, 0x85BE,
  0x85BE, 0x85BE, 0x85BE, 0x85BE, 0x85BE, 0x85BE, 0x85BE, 0x85BE, 0x85BE, 0x85BE, 0x85BE, 0x85BE,
  0x85BE, 0x85BE, 0x85BE, 0x85BE, 0x85BE, 0x85BE, 0x85BE, 0x85BE, 0x85BE, 0x85BE, 0x85BE, 0x85BE,
  0x85BE, 0x85BE, 0x85BE, 0x85BE, 0x85BE, 0x85BE, 0x85BE, 0x85BE, 0x85BE, 0x85BE, 0x85BE, 0x85BE,
  0x85BE, 0x85BE, 0x85BE, 0x85BE, 0x85BE, 0x85BE, 0x85BE, 0x85BE, 0x85BE, 0x85BE, 0x85BE, 0x85BE,
  0x85BE, 0x85BE, 0x85BE, 0x85BE, 0x85BE, 0x85BE, 0x85BE, 0x85BE, 0x85BE, 0x85BE, 0x85BE, 0x85BE,
  0x85BE, 0x85BE, 0x85BE, 0x85BE, 0x85DE, 0x85BD, 0x8DDD, 0x9E3F, 0xA67F, 0x9E3E, 0x9E1E, 0x9E1D,
  0xA63D, 0xB6BE, 0xAE7C, 0xA63A, 0xD77F, 0xC71F, 0xBEFE, 0xC71F, 0xCF3F, 0xCF1F, 0xCF1F, 0xD75F,
  0xD77F, 0xDF7F, 0xDF7F, 0xDF5F, 0xD75F, 0xD77F, 0xD75F, 0xC6FF, 0xBEDF, 0xBEFF, 0xAE9F, 0xB6BF,
  0xB6BF, 0xAE9F, 0xAE7F, 0xA67F, 0x9E5F, 0x961E, 0x85DE, 0x85BE, 0x85DE, 0x85BE, 0x85BE, 0x85BE,
  0x85BE, 0x85BE, 0x85BE, 0x85BE, 0x85BE, 0x85BE, 0x85BE, 0x85BE, 0x85BE, 0x85BE, 0x85BE, 0x85BE,
  0x85BE, 0x85BE, 0x85BE, 0x85BE, 0x85BE, 0x85BE, 0x85BE, 0x85BE, 0x85BE, 0x85BE, 0x85BE, 0x85BE,
  0x85BE, 0x85BE, 0x85BE, 0x85BE, 0x85BE, 0x85BE, 0x85BE, 0x85BE, 0x85BE, 0x85BE, 0x85BE, 0x85BE,
  0x85BE, 0x85BE, 0x85BE, 0x85BE, 0x85BE, 0x85BE, 0x85BE, 0x85BE, 0x85BE, 0x85BE, 0x85BE, 0x85BE,
  0x85BE, 0x85BE, 0x85BE, 0x85BE, 0x85BE, 0x85BE, 0x85BE, 0x85BE, 0x85BE, 0x85BE, 0x85BE, 0x85BE,
  0x85BE, 0x85BE, 0x85BE, 0x85BE, 0x85BE, 0x85BE, 0x85BE, 0x85BE, 0x85BE, 0x85BE, 0x85BE, 0x85BE,
  0x85BE, 0x85BE, 0x85BE, 0x85BE, 0x85BE, 0x85BE, 0x85BE, 0x85BE, 0x85BE, 0x85BE, 0x85BE, 0x85BE,
  0x8DDE, 0x85BD, 0x8DDD, 0x9E3F, 0xA65F, 0x9E1E, 0x9DFD, 0xA63E, 0xAE7E, 0xBEFF, 0x9DF8, 0x6431,
  0xBEDD, 0xC71F, 0xC71F, 0xC71E, 0xC73F, 0xCF3F, 0xCF3F, 0xD75F, 0xDF7F, 0xDF7F, 0xDF7F, 0xDF7F,
  0xD75F, 0xD77F, 0xCF3F, 0xBEDE, 0xBEDF, 0xBEFF, 0xAE9F, 0xB6BF, 0xB6BF, 0xAE9F, 0xAE7F, 0xA67F,
  0x9E5F, 0x961E, 0x85DE, 0x85DE, 0x85DE, 0x85BE, 0x85BE, 0x85BE, 0x85BE, 0x85BE, 0x85BE, 0x85BE,
  0x85BE, 0x85BE, 0x85BE, 0x85BE, 0x85BE, 0x85BE, 0x85BE, 0x85BE, 0x85BE, 0x85BE, 0x85BE, 0x85BE,
  0x85BE, 0x85BE, 0x85BE, 0x85BE, 0x85BE, 0x85BE, 0x85BE, 0x85BE, 0x85BE, 0x85BE, 0x85BE, 0x85BE,
  0x85BE, 0x85BE, 0x85BE, 0x85BE, 0x85BE, 0x85BE, 0x85BE, 0x85BE, 0x85BE, 0x85BE, 0x85BE, 0x85BE,
  0x85BE, 0x85BE, 0x85BE, 0x85BE, 0x85BE, 0x85BE, 0x85BE, 0x85BE, 0x85BE, 0x85BE, 0x85BE, 0x85BE,
  0x85BE, 0x85BE, 0x85BE, 0x85BE, 0x85BE, 0x85BE, 0x85BE, 0x85BE, 0x85BE, 0x85BE, 0x85BE, 0x85BE,
  0x85BE, 0x85BE, 0x85BE, 0x85BE, 0x85BE, 0x85BE, 0x85BE, 0x85BE, 0x85BE, 0x85BE, 0x85BE, 0x85BE,
  0x85BE, 0x85BE, 0x85BE, 0x85BE, 0x85BE, 0x85BE, 0x85BE, 0x85BE, 0x8DDD, 0x85BD, 0x8DDD, 0x9E3E,
  0x9E3E, 0x9E3E, 0xA63E, 0xAE9F, 0xA65E, 0xBEFE, 0x95D6, 0x3289, 0x9577, 0xCF3F, 0xCF1F, 0xC71E,
  0xC71E, 0xC73F, 0xCF3F, 0xCF5F, 0xD77F, 0xDF9F, 0xDF7F, 0xDF5F, 0xD77F, 0xD77F, 0xCF3F, 0xBEDE,
  0xBEFF, 0xBEFF, 0xAE9F, 0xB6BF, 0xAEBF, 0xAE9F, 0xA67F, 0xA67F, 0x9E5F, 0x8DFE, 0x85DE, 0x85DE,
  0x85DE, 0x85BE, 0x85BE, 0x85BE, 0x85BE, 0x85BE, 0x85BE, 0x85BE, 0x85BE, 0x85BE, 0x85BE, 0x85BE,
  0x85BE, 0x85BE, 0x85BE, 0x85BE, 0x85BE, 0x85BE, 0x85BE, 0x85BE, 0x85BE, 0x85BE, 0x85BE, 0x85BE,
  0x85BE, 0x85BE, 0x85BE, 0x85BE, 0x85BE, 0x85BE, 0x85BE, 0x85BE, 0x85BE, 0x85BE, 0x85BE, 0x85BE,
  0x85BE, 0x85BE, 0x85BE, 0x85BE, 0x85BE, 0x85BE, 0x85BE, 0x85BE, 0x85BE, 0x85BE, 0x85BE, 0x85BE,
  0x85BE, 0x85BE, 0x85BE, 0x85BE, 0x85BE, 0x85BE, 0x85BE, 0x85BE, 0x85BE, 0x85BE, 0x85BE, 0x85BE,
  0x85BE, 0x85BE, 0x85BE, 0x85BE, 0x85BE, 0x85BE, 0x85BE, 0x85BE, 0x85BE, 0x85BE, 0x85BE, 0x85BE,
  0x85BE, 0x85BE, 0x85BE, 0x85BE, 0x85BE, 0x85BE, 0x85BE, 0x85BE, 0x85DE, 0x85DE, 0x85BE, 0x85BE,
  0x85DE, 0x85DE, 0x85BE, 0x85BD, 0x85BD, 0x8DDD, 0x95FE, 0x9E1E, 0x9E3E, 0x9E3E, 0xA65F, 0xAE9F,
  0xAE7E, 0xB6DD, 0xA637, 0x3288, 0x8D35, 0xD75E, 0xC6DD, 0xCF3F, 0xC71E, 0xC71F, 0xCF3F, 0xCF5F,
  0xD77F, 0xDF9F, 0xDF7F, 0xDF5F, 0xD75F, 0xD77F, 0xCF3F, 0xC6FF, 0xBEDF, 0xBEDF, 0xB6BF, 0xB6BF,
  0xAEBF, 0xAE9F, 0xA67F, 0xA67F, 0x963F, 0x8DDE, 0x85BE, 0x85DE, 0x85DE, 0x85BE, 0x85BE, 0x85BE,
  0x85BE, 0x85BE, 0x85BE, 0x85BE, 0x85BE, 0x85BE, 0x85BE, 0x85BE, 0x85BE, 0x85BE, 0x85BE, 0x85BE,
  0x85BE, 0x85BE, 0x85BE, 0x85BE, 0x85BE, 0x85BE, 0x85BE, 0x85BE, 0x85BE, 0x85BE, 0x85BE, 0x85BE,
  0x85BE, 0x85BE, 0x85BE, 0x85BE, 0x85BE, 0x85BE, 0x85BE, 0x85BE, 0x85BE, 0x85BE, 0x85BE, 0x85BE,
  0x85BE, 0x85BE, 0x85BE, 0x85BE, 0x85BE, 0x85BE, 0x85BE, 0x85BE, 0x85BE, 0x85BE, 0x85BE, 0x85BE,
  0x85BE, 0x85BE, 0x85BE, 0x85BE, 0x85BE, 0x85BE, 0x85BE, 0x85BE, 0x85BE, 0x85BE, 0x85BE, 0x85BE,
  0x85BE, 0x85BE, 0x85BE, 0x85BE, 0x85BE, 0x85BE, 0x85BE, 0x85BE, 0x85BE, 0x85BE, 0x85BE, 0x85BE,
  0x85BE, 0x85BE, 0x85BE, 0x85BE, 0x85BE, 0x85BE, 0x85BE, 0x85DE, 0x85DE, 0x85BD, 0x8DFE, 0x963F,
  0x963F, 0x963F, 0x95FE, 0x95FE, 0x9E1E, 0x9E3E, 0x9E3E, 0x9E3E, 0x9E1D, 0xAE9C, 0x95F6, 0x3B09,
  0x42EA, 0xAE39, 0xC6DD, 0xBEDD, 0xBEDE, 0xC73F, 0xCF3F, 0xCF3F, 0xD75F, 0xDF9F, 0xDF7F, 0xDF5E,
  0xD75F, 0xD77F, 0xCF3F, 0xC6FF, 0xBEDF, 0xB6DF, 0xB6BF, 0xB6BF, 0xAEBF, 0xAE9F, 0xA67F, 0xA67F,
  0x963F, 0x8DDE, 0x85BE, 0x85DE, 0x85DE, 0x85BE, 0x85BE, 0x85BE, 0x85BE, 0x85BE, 0x85BE, 0x85BE,
  0x85BE, 0x85BE, 0x85BE, 0x85BE, 0x85BE, 0x85BE, 0x85BE, 0x85BE, 0x85BE, 0x85BE, 0x85BE, 0x85BE,
  0x85BE, 0x85BE, 0x85BE, 0x85BE, 0x85BE, 0x85BE, 0x85BE, 0x85BE, 0x85BE, 0x85BE, 0x85BE, 0x85BE,
  0x85BE, 0x85BE, 0x85BE, 0x85BE, 0x85BE, 0x85BE, 0x85BE, 0x85BE, 0x85BE, 0x85BE, 0x85BE, 0x85BE,
  0x85BE, 0x85BE, 0x85BE, 0x85BE, 0x85BE, 0x85BE, 0x85BE, 0x85BE, 0x85BE, 0x85BE, 0x85BE, 0x85BE,
  0x85BE, 0x85BE, 0x85BE, 0x85BE, 0x85BE, 0x85BE, 0x85BE, 0x85BE, 0x85BE, 0x85BE, 0x85BE, 0x85BE,
  0x85BE, 0x85BE, 0x85BE, 0x85BE, 0x85BE, 0x85BE, 0x85BE, 0x85BE, 0x85BE, 0x85BE, 0x85BE, 0x85BE,
  0x85BE, 0x85BE, 0x85BE, 0x85DE, 0x85DE, 0x85BE, 0x8DDE, 0x961F, 0x9E7F, 0x9E5F, 0x9E3F, 0x961E,
  0x9E1E, 0x9E1E, 0x9E1E, 0x9E1D, 0x9E3E, 0xA65C, 0xB6BA, 0x7D11, 0x3288, 0xA5F7, 0xC6DC, 0xBE9C,
  0xBEFE, 0xC73F, 0xC73F, 0xC71F, 0xCF5F, 0xD77F, 0xDF7F, 0xDF5F, 0xD75F, 0xD75F, 0xCF3F, 0xBEDF,
  0xBEDF, 0xB6DF, 0xB6BF, 0xAEBF, 0xAEBF, 0xAE9F, 0xA67F, 0xA67F, 0x963F, 0x8DDE, 0x85BE, 0x85DE,
  0x85DE, 0x85BE, 0x85BE, 0x85BE, 0x85BE, 0x85BE, 0x85BE, 0x85BE, 0x85BE, 0x85BE, 0x85BE, 0x85BE,
  0x85BE, 0x85BE, 0x85BE, 0x85BE, 0x85BE, 0x85BE, 0x85BE, 0x85BE, 0x85BE, 0x85BE, 0x85BE, 0x85BE,
  0x85BE, 0x85BE, 0x85BE, 0x85BE, 0x85BE, 0x85BE, 0x85BE, 0x85BE, 0x85BE, 0x85BE, 0x85BE, 0x85BE,
  0x85BE, 0x85BE, 0x85BE, 0x85BE, 0x85BE, 0x85BE, 0x85BE, 0x85BE, 0x85BE, 0x85BE, 0x85BE, 0x85BE,
  0x85BE, 0x85BE, 0x85BE, 0x85BE, 0x85BE, 0x85BE, 0x85BE, 0x85BE, 0x85BE, 0x85BE, 0x85BE, 0x85BE,
  0x85BE, 0x85BE, 0x85BE, 0x85BE, 0x85BE, 0x85BE, 0x85BE, 0x85BE, 0x85BE, 0x85BE, 0x85BE, 0x85BE,
  0x85BE, 0x85BE, 0x85BE, 0x85BE, 0x85BE, 0x85BE, 0x85BE, 0x85BE, 0x85DE, 0x85BE, 0x85BE, 0x85DE,
  0x85DE, 0x85BE, 0x8DDE, 0x8DFE, 0x961F, 0x961E, 0x8DFE, 0x8DFE, 0x8DFE, 0x95FE, 0x8DDD, 0x8DDD,
  0x9E5F, 0x95FB, 0x5BF0, 0x430A, 0x4B6B, 0x9D94, 0x7C92, 0xC6DD, 0xBEFE, 0xC71F, 0xC71F, 0xBF1F,
  0xCF3F, 0xD75F, 0xDF5F, 0xDF5F, 0xD75F, 0xD75F, 0xCF1F, 0xBEDF, 0xBEDF, 0xB6BF, 0xAE9F, 0xAEBF,
  0xAEBF, 0xAE9F, 0xA67F, 0xA67F, 0x961F, 0x8DDE, 0x85BE, 0x85DE, 0x85DE, 0x85BE, 0x85BE, 0x85BE,
  0x85BE, 0x85BE, 0x85BE, 0x85BE, 0x85BE, 0x85BE, 0x85BE, 0x85BE, 0x85BE, 0x85BE, 0x85BE, 0x85BE,
  0x85BE, 0x85BE, 0x85BE, 0x85BE, 0x85BE, 0x85BE, 0x85BE, 0x85BE, 0x85BE, 0x85BE, 0x85BE, 0x85BE,
  0x85BE, 0x85BE, 0x85BE, 0x85BE, 0x85BE, 0x85BE, 0x85BE, 0x85BE, 0x85BE, 0x85BE, 0x85BE, 0x85BE,
  0x85BE, 0x85BE, 0x85BE, 0x85BE, 0x85BE, 0x85BE, 0x85BE, 0x85BE, 0x85BE, 0x85BE, 0x85BE, 0x85BE,
  0x85BE, 0x85BE, 0x85BE, 0x85BE, 0x85BE, 0x85BE, 0x85BE, 0x85BE, 0x85BE, 0x85BE, 0x85BE, 0x85BE,
  0x85BE, 0x85BE, 0x85BE, 0x85BE, 0x85BE, 0x85BE, 0x85BE, 0x85BE, 0x85BE, 0x85BE, 0x85BE, 0x85BE,
  0x85BE, 0x85BE, 0x85BE, 0x85BE, 0x85DE, 0x85BE, 0x85BE, 0x85BE, 0x85DE, 0x85BE, 0x85BE, 0x8DDE,
  0x85BD, 0x85BD, 0x859D, 0x85BD, 0x85BD, 0x8DBD, 0x8DBD, 0x85BD, 0x8DBD, 0xA67E, 0x74D4, 0x3AEA,
  0x3AC8, 0x536A, 0x5BAE, 0xC6FD, 0xBEBE, 0xBEFF, 0xBF1F, 0xBEFE, 0xCF3F, 0xD75F, 0xDF5F, 0xDF5F,
  0xD77F, 0xD75F, 0xC71F, 0xBEDF, 0xBEDF, 0xB6BF, 0xAE9F, 0xAEBF, 0xAEBF, 0xAE9F, 0xA67F, 0xA67F,
  0x961F, 0x8DDE, 0x85BE, 0x85DE, 0x85DE, 0x85BE, 0x85BE, 0x85BE, 0x85BE, 0x85BE, 0x85BE, 0x85BE,
  0x85BE, 0x85BE, 0x85BE, 0x85BE, 0x85BE, 0x85BE, 0x85BE, 0x85BE, 0x85BE, 0x85BE, 0x85BE, 0x85BE,
  0x85BE, 0x85BE, 0x85BE, 0x85BE, 0x85BE, 0x85BE, 0x85BE, 0x85BE, 0x85BE, 0x85BE, 0x85BE, 0x85BE,
  0x85BE, 0x85BE, 0x85BE, 0x85BE, 0x85BE, 0x85BE, 0x85BE, 0x85BE, 0x85BE, 0x85BE, 0x85BE, 0x85BE,
  0x85BE, 0x85BE, 0x85BE, 0x85BE, 0x85BE, 0x85BE, 0x85BE, 0x85BE, 0x85BE, 0x85BE, 0x85BE, 0x85BE,
  0x85BE, 0x85BE, 0x85BE, 0x85BE, 0x85BE, 0x85BE, 0x85BE, 0x85BE, 0x85BE, 0x85BE, 0x85BE, 0x85BE,
  0x85BE, 0x85BE, 0x85BE, 0x85BE, 0x85BE, 0x85BE, 0x85BE, 0x85BE, 0x85BE, 0x85BE, 0x85BE, 0x85BE,
  0x85DE, 0x85BE, 0x85BE, 0x85BE, 0x85DE, 0x85BE, 0x85BE, 0x85BE, 0x85BE, 0x85BE, 0x85BD, 0x85BD,
  0x85BD, 0x85BD, 0x85BD, 0x85BD, 0x85DD, 0x9E5E, 0xA65B, 0x8D75, 0x640C, 0x3AA6, 0x63EE, 0xBE9C,
  0xB69E, 0xBEDF, 0xBEFE, 0xBEFE, 0xCF3F, 0xD77F, 0xDF5F, 0xDF3F, 0xD77F, 0xD75F, 0xC6FF, 0xBEDF,
  0xBEDF, 0xB6BF, 0xAE9F, 0xB6BF, 0xAEBF, 0xAE9F, 0xA67F, 0xA67F, 0x963F, 0x8DDE, 0x85BE, 0x85DE,
  0x85DE, 0x85BE, 0x85BE, 0x85BE, 0x85BE, 0x85BE, 0x85BE, 0x85BE, 0x85BE, 0x85BE, 0x85BE, 0x85BE,
  0x85BE, 0x85BE, 0x85BE, 0x85BE, 0x85BE, 0x85BE, 0x85BE, 0x85BE, 0x85BE, 0x85BE, 0x85BE, 0x85BE,
  0x85BE, 0x85BE, 0x85BE, 0x85BE, 0x85BE, 0x85BE, 0x85BE, 0x85BE, 0x85BE, 0x85BE, 0x85BE, 0x85BE,
  0x85BE, 0x85BE, 0x85BE, 0x85BE, 0x85BE, 0x85BE, 0x85BE, 0x85BE, 0x85BE, 0x85BE, 0x85BE, 0x85BE,
  0x85BE, 0x85BE, 0x85BE, 0x85BE, 0x85BE, 0x85BE, 0x85BE, 0x85BE, 0x85BE, 0x85BE, 0x85BE, 0x85BE,
  0x85BE, 0x85BE, 0x85BE, 0x85BE, 0x85BE, 0x85BE, 0x85BE, 0x85BE, 0x85BE, 0x85BE, 0x85BE, 0x85BE,
  0x85BE, 0x85BE, 0x85BE, 0x85BE, 0x85BE, 0x85BE, 0x85BE, 0x85BE, 0x85BE, 0x85BE, 0x85BE, 0x85BE,
  0x85BE, 0x85BE, 0x85BE, 0x85BE, 0x85DE, 0x85DE, 0x85DE, 0x85DE, 0x85BE, 0x85DE, 0x85DE, 0x85DE,
  0x7D9D, 0x8DDD, 0x9E3C, 0xB6DC, 0x7CEF, 0x32A5, 0x5BAD, 0xC6FD, 0xB69E, 0xB6DF, 0xBEFE, 0xBEFD,
  0xCF3F, 0xD77F, 0xDF5F, 0xDF3F, 0xDF7F, 0xD75F, 0xC6FF, 0xBEDF, 0xBEFF, 0xB6BF, 0xAE9F, 0xB6BF,
  0xAEBF, 0xAE9F, 0xA67F, 0xA67F, 0x963F, 0x8DDE, 0x85BE, 0x85DE, 0x85DE, 0x85BE, 0x85BE, 0x85BE,
  0x85BE, 0x85BE, 0x85BE, 0x85BE, 0x85BE, 0x85BE, 0x85BE, 0x85BE, 0x85BE, 0x85BE, 0x85BE, 0x85BE,
  0x85BE, 0x85BE, 0x85BE, 0x85BE, 0x85BE, 0x85BE, 0x85BE, 0x85BE, 0x85BE, 0x85BE, 0x85BE, 0x85BE,
  0x85BE, 0x85BE, 0x85BE, 0x85BE, 0x85BE, 0x85BE, 0x85BE, 0x85BE, 0x85BE, 0x85BE, 0x85BE, 0x85BE,
  0x85BE, 0x85BE, 0x85BE, 0x85BE, 0x85BE, 0x85BE, 0x85BE, 0x85BE, 0x85BE, 0x85BE, 0x85BE, 0x85BE,
  0x85BE, 0x85BE, 0x85BE, 0x85BE, 0x85BE, 0x85BE, 0x85BE, 0x85BE, 0x85BE, 0x85BE, 0x85BE, 0x85BE,
  0x85BE, 0x85BE, 0x85BE, 0x85BE, 0x85BE, 0x85BE, 0x85BE, 0x85BE, 0x85BE, 0x85BE, 0x85BE, 0x85BE,
  0x85BE, 0x85BE, 0x85BE, 0x85BE, 0x85BE, 0x85BE, 0x85BE, 0x85BE, 0x85BE, 0x85BE, 0x85BE, 0x85BE,
  0x85BE, 0x85BE, 0x85BE, 0x85BE, 0x85BE, 0x85BE, 0x85DE, 0x85DE, 0x8DFF, 0x85DD, 0x9E3D, 0x95D8,
  0x4B69, 0x4306, 0x6C2E, 0xB67B, 0xB69F, 0xBEDF, 0xB6FE, 0xBF1D, 0xCF3F, 0xD77F, 0xDF5F, 0xDF3F,
  0xDF7F, 0xD75F, 0xC6FF, 0xBEDF, 0xBEFF, 0xB6DF, 0xAEBF, 0xB6BF, 0xAEBF, 0xAE9F, 0xA67F, 0xA67F,
  0x963F, 0x8DDE, 0x85DE, 0x85DE, 0x85BE, 0x85BE, 0x85BE, 0x85BD, 0x85BD, 0x8DBD, 0x8DBD, 0x8DBD,
  0x8DBE, 0x85BE, 0x85BE, 0x85BE, 0x85BE, 0x85BE, 0x85BE, 0x85BE, 0x85BE, 0x85BE, 0x85BE, 0x85BE,
  0x85BE, 0x85BE, 0x85BE, 0x85BE, 0x85BE, 0x85BE, 0x85BE, 0x85BE, 0x85BE, 0x85BE, 0x85BE, 0x85BE,
  0x85BE, 0x85BE, 0x85BE, 0x85BE, 0x85BE, 0x85BE, 0x85BE, 0x85BE, 0x85BE, 0x85BE, 0x85BE, 0x85BE,
  0x85BE, 0x85BE, 0x85BE, 0x85BE, 0x85BE, 0x85BE, 0x85BE, 0x85BE, 0x85BE, 0x85BE, 0x85BE, 0x85BE,
  0x85BE, 0x85BE, 0x85BE, 0x85BE, 0x85BE, 0x85BE, 0x85BE, 0x85BE, 0x85BE, 0x85BE, 0x85BE, 0x85BE,
  0x85BE, 0x85BE, 0x85BE, 0x85BE, 0x85BE, 0x85BE, 0x85BE, 0x85BE, 0x85BE, 0x85BE, 0x85BE, 0x85BE,
  0x85BE, 0x85BE, 0x85DE, 0x85BE, 0x85BE, 0x85BE, 0x85DE, 0x85DE, 0x85DE, 0x85DE, 0x85DE, 0x85BE,
  0x85BE, 0x85BE, 0x85DE, 0x85DE, 0x7DBE, 0x85DE, 0x9E5F, 0x6C95, 0x2A87, 0x3285, 0x5BEB, 0xC73B,
  0xB6BE, 0xBEDF, 0xBEFE, 0xBEFD, 0xCF3F, 0xD77F, 0xDF5F, 0xDF3F, 0xD75F, 0xD75F, 0xC6FF, 0xBEFF,
  0xBEFF, 0xAEDE, 0xAEBF, 0xAEBF, 0xAE9F, 0xA67F, 0xAE9F, 0x9E5F, 0x963F, 0x85DE, 0x85FE, 0x7DBD,
  0x8DDE, 0x857D, 0x8DDD, 0x8DFD, 0x8DDC, 0x8DBC, 0xA63E, 0x95BC, 0x8DBD, 0x8DBE, 0x85BF, 0x85BF,
  0x85DF, 0x85BF, 0x8DBE, 0x8DBD, 0x85BE, 0x85BE, 0x85BE, 0x85BE, 0x85BE, 0x85BE, 0x85BE, 0x85BE,
  0x85BE, 0x85BE, 0x85BE, 0x85BE, 0x85BE, 0x85BE, 0x85BE, 0x85BE, 0x85BE, 0x85BE, 0x85BE, 0x85BE,
  0x85BE, 0x85BE, 0x85BE, 0x85BE, 0x85BE, 0x85BE, 0x85BE, 0x85BE, 0x85BE, 0x85BE, 0x85BE, 0x85BE,
  0x85BE, 0x85BE, 0x85BE, 0x85BE, 0x85BE, 0x85BE, 0x85BE, 0x85BE, 0x85BE, 0x85BE, 0x85BE, 0x85BE,
  0x85BE, 0x85BE, 0x85BE, 0x85BE, 0x85BE, 0x85BE, 0x85BE, 0x85BE, 0x85BE, 0x85BE, 0x85BE, 0x85BE,
  0x85BE, 0x85BE, 0x85BE, 0x85BE, 0x85BE, 0x85BE, 0x85BE, 0x85BE, 0x85BE, 0x85BE, 0x85BE, 0x85BE,
  0x85BE, 0x85BE, 0x85BE, 0x85BE, 0x85BE, 0x85BE, 0x85BE, 0x85BE, 0x85BE, 0x85BE, 0x85BE, 0x85DE,
  0x85BE, 0x85DE, 0x9E5F, 0x7D39, 0x7493, 0x7CF1, 0x53A8, 0x7D0E, 0xA5F7, 0xC71F, 0xBEDF, 0xC6DF,
  0xC71E, 0xD77F, 0xDF7F, 0xDF5F, 0xD75F, 0xD75F, 0xC6DF, 0xBEFF, 0xBF1E, 0xAEDE, 0xAEDF, 0xAEBF,
  0xB6BF, 0xA67F, 0xAE9F, 0x9E3F, 0x963F, 0x85DE, 0x85FE, 0x85DE, 0x859D, 0x961F, 0x8DDC, 0x6495,
  0x8578, 0x74F6, 0x6C75, 0x7D19, 0x8DBD, 0x8DBE, 0x85BF, 0x7DBF, 0x85DF, 0x85BF, 0x8DBD, 0x8DBD,
  0x85BE, 0x85BE, 0x85BE, 0x85BE, 0x85BE, 0x85BE, 0x85BE, 0x85BE, 0x85BE, 0x85BE, 0x85BE, 0x85BE,
  0x85BE, 0x85BE, 0x85BE, 0x85BE, 0x85BE, 0x85BE, 0x85BE, 0x85BE, 0x85BE, 0x85BE, 0x85BE, 0x85BE,
  0x85BE, 0x85BE, 0x85BE, 0x85BE, 0x85BE, 0x85BE, 0x85BE, 0x85BE, 0x85BE, 0x85BE, 0x85BE, 0x85BE,
  0x85BE, 0x85BE, 0x85BE, 0x85BE, 0x85BE, 0x85BE, 0x85BE, 0x85BE, 0x85BE, 0x85BE, 0x85BE, 0x85BE,
  0x85BE, 0x85BE, 0x85BE, 0x85BE, 0x85BE, 0x85BE, 0x85BE, 0x85BE, 0x85BE, 0x85BE, 0x85BE, 0x85BE,
  0x85BE, 0x85BE, 0x85BE, 0x85BE, 0x85BE, 0x85BE, 0x85BE, 0x85BE, 0x85BE, 0x85BE, 0x85BE, 0x85BE,
  0x85BE, 0x85BE, 0x85BE, 0x85BE, 0x85BE, 0x85BE, 0x85BE, 0x85BE, 0x8DFE, 0x7D7D, 0x9E3F, 0xAEBF,
  0xB6DE, 0x8D95, 0x4B87, 0x2A63, 0x8D53, 0xC71E, 0xC6DF, 0xC6BF, 0xCF3F, 0xDFBF, 0xCF3E, 0xD75F,
  0xD75F, 0xD75F, 0xC6DF, 0xBEDF, 0xBEFF, 0xB6DE, 0xAEBF, 0xAEBF, 0xB6DF, 0xA67F, 0xA67F, 0x9E5F,
  0x963F, 0x85DE, 0x85FE, 0x85DE, 0x8DDF, 0x8DBC, 0x7536, 0x2ACA, 0x5C2E, 0x438D, 0x226B, 0x6CB6,
  0x8DBC, 0x85BD, 0x85DE, 0x85DF, 0x85BF, 0x85BE, 0x85DD, 0x85DD, 0x85BE, 0x85BE, 0x85BE, 0x85BE,
  0x85BE, 0x85BE, 0x85BE, 0x85BE, 0x85BE, 0x85BE, 0x85BE, 0x85BE, 0x85BE, 0x85BE, 0x85BE, 0x85BE,
  0x85BE, 0x85BE, 0x85BE, 0x85BE, 0x85BE, 0x85BE, 0x85BE, 0x85BE, 0x85BE, 0x85BE, 0x85BE, 0x85BE,
  0x85BE, 0x85BE, 0x85BE, 0x85BE, 0x85BE, 0x85BE, 0x85BE, 0x85BE, 0x85BE, 0x85BE, 0x85BE, 0x85BE,
  0x85BE, 0x85BE, 0x85BE, 0x85BE, 0x85BE, 0x85BE, 0x85BE, 0x85BE, 0x85BE, 0x85BE, 0x85BE, 0x85BE,
  0x85BE, 0x85BE, 0x85BE, 0x85BE, 0x85BE, 0x85BE, 0x85BE, 0x85BE, 0x85BE, 0x85BE, 0x85BE, 0x85BE,
  0x85BE, 0x85BE, 0x85BE, 0x85BE, 0x85BE, 0x85BE, 0x85BE, 0x85BE, 0x85BE, 0x85BE, 0x85BE, 0x85BE,
  0x85BE, 0x85BE, 0x85BE, 0x85DE, 0x85BD, 0x8DDE, 0x95FE, 0x9E3E, 0xA65D, 0x4B8E, 0x3AE6, 0x3B06,
  0x8533, 0xC6FD, 0xBE9F, 0xBE9F, 0xCF1F, 0xDF9F, 0xD73F, 0xDF7F, 0xD75F, 0xD75F, 0xC6DF, 0xBEDF,
  0xBEFF, 0xB6DE, 0xAEDF, 0xAE9F, 0xAEBF, 0xA67F, 0xA69F, 0xA67F, 0x9E3F, 0x85BE, 0x85DE, 0x85BD,
  0x859D, 0x95FC, 0x74F2, 0x3307, 0x3B27, 0x3B29, 0x5C72, 0x8E1B, 0x85DC, 0x85DD, 0x85DD, 0x85BE,
  0x85BE, 0x85BE, 0x85DD, 0x85DD, 0x85DE, 0x85BE, 0x85BE, 0x85BE, 0x85BE, 0x85BE, 0x85BE, 0x85BE,
  0x85BE, 0x85BE, 0x85BE, 0x85BE, 0x85BE, 0x85BE, 0x85BE, 0x85BE, 0x85BE, 0x85BE, 0x85BE, 0x85BE,
  0x85BE, 0x85BE, 0x85BE, 0x85BE, 0x85BE, 0x85BE, 0x85BE, 0x85BE, 0x85BE, 0x85BE, 0x85BE, 0x85BE,
  0x85BE, 0x85BE, 0x85BE, 0x85BE, 0x85BE, 0x85BE, 0x85BE, 0x85BE, 0x85BE, 0x85BE, 0x85BE, 0x85BE,
  0x85BE, 0x85BE, 0x85BE, 0x85BE, 0x85BE, 0x85BE, 0x85BE, 0x85BE, 0x85BE, 0x85BE, 0x85BE, 0x85BE,
  0x85BE, 0x85BE, 0x85BE, 0x85BE, 0x85BE, 0x85BE, 0x85BE, 0x85BE, 0x85BE, 0x85BE, 0x85BE, 0x85BE,
  0x85BE, 0x85BE, 0x85BE, 0x85BE, 0x85BE, 0x85BE, 0x85BE, 0x85BE, 0x85BE, 0x85BE, 0x85BE, 0x85DE,
  0x85BD, 0x9E5F, 0x9E3F, 0x9E5F, 0xB6BF, 0x6C72, 0x53CC, 0x32C7, 0x95B5, 0xCF3E, 0xC6DF, 0xC6FF,
  0xCEFF, 0xD75F, 0xDF9F, 0xD75F, 0xD75F, 0xD75F, 0xC6DF, 0xBEDF, 0xBEFF, 0xB6DF, 0xAEBF, 0xAE9F,
  0xAEBF, 0xA67F, 0xAE9F, 0xA67F, 0x963F, 0x85BE, 0x85DE, 0x85DD, 0x95FD, 0x95D9, 0x32E7, 0x3B26,
  0x4346, 0x3B29, 0x8E19, 0x7DBA, 0x85FC, 0x85DD, 0x85DD, 0x85BD, 0x8DBE, 0x8DBE, 0x85DD, 0x85DD,
  0x85DE, 0x85BE, 0x85BE, 0x85BE, 0x85BE, 0x85BE, 0x85BE, 0x85BE, 0x85BE, 0x85BE, 0x85BE, 0x85BE,
  0x85BE, 0x85BE, 0x85BE, 0x85BE, 0x85BE, 0x85BE, 0x85BE, 0x85BE, 0x85BE, 0x85BE, 0x85BE, 0x85BE,
  0x85BE, 0x85BE, 0x85BE, 0x85BE, 0x85BE, 0x85BE, 0x85BE, 0x85BE, 0x85BE, 0x85BE, 0x85BE, 0x85BE,
  0x85BE, 0x85BE, 0x85BE, 0x85BE, 0x85BE, 0x85BE, 0x85BE, 0x85BE, 0x85BE, 0x85BE, 0x85BE, 0x85BE,
  0x85BE, 0x85BE, 0x85BE, 0x85BE, 0x85BE, 0x85BE, 0x85BE, 0x85BE, 0x85BE, 0x85BE, 0x85BE, 0x85BE,
  0x85BE, 0x85BE, 0x85BE, 0x85BE, 0x85BE, 0x85BE, 0x85BE, 0x85BE, 0x85BE, 0x85BE, 0x85BE, 0x85BE,
  0x85BE, 0x85BE, 0x85BE, 0x85BE, 0x85BE, 0x85BE, 0x85BE, 0x85DE, 0x8DFE, 0x8DFE, 0x95FE, 0x9E1E,
  0xAEBF, 0xBEFE, 0xA637, 0x3288, 0x6C70, 0xBEDB, 0xC6DF, 0xC6DF, 0xCF3F, 0xD75F, 0xDF9F, 0xD73F,
  0xD75F, 0xD77F, 0xC6FF, 0xBEDF, 0xBEFF, 0xB6DF, 0xB6DF, 0xAEBF, 0xAEBF, 0xA69F, 0xAEBF, 0x9E5E,
  0x961F, 0x8DBE, 0x8DFF, 0x8DFD, 0x8599, 0x8DB5, 0x4368, 0x4346, 0x3B07, 0x438C, 0x85B9, 0x85FC,
  0x85FD, 0x85DD, 0x85DD, 0x8DBE, 0x8DBE, 0x8DBE, 0x85DD, 0x85DD, 0x85DE, 0x85BE, 0x85BE, 0x85BE,
  0x85BE, 0x85BE, 0x85BE, 0x85BE, 0x85BE, 0x85BE, 0x85BE, 0x85BE, 0x85BE, 0x85BE, 0x85BE, 0x85BE,
  0x85BE, 0x85BE, 0x85BE, 0x85BE, 0x85BE, 0x85BE, 0x85BE, 0x85BE, 0x85BE, 0x85BE, 0x85BE, 0x85BE,
  0x85BE, 0x85BE, 0x85BE, 0x85BE, 0x85BE, 0x85BE, 0x85BE, 0x85BE, 0x85BE, 0x85BE, 0x85BE, 0x85BE,
  0x85BE, 0x85BE, 0x85BE, 0x85BE, 0x85BE, 0x85BE, 0x85BE, 0x85BE, 0x85BE, 0x85BE, 0x85BE, 0x85BE,
  0x85BE, 0x85BE, 0x85BE, 0x85BE, 0x85BE, 0x85BE, 0x85BE, 0x85BE, 0x85BE, 0x85BE, 0x85BE, 0x85BE,
  0x85BE, 0x85BE, 0x85BE, 0x85BE, 0x85BE, 0x85BE, 0x85BE, 0x85BE, 0x85BE, 0x85BE, 0x85BE, 0x85BE,
  0x85BE, 0x85BE, 0x85BE, 0x85DE, 0x85DD, 0x8E3F, 0xA69F, 0xA69F, 0xA65E, 0xB6BE, 0x9DF8, 0x53AE,
  0x4B4C, 0xAE59, 0xC6FF, 0xB67E, 0xCF3F, 0xD75F, 0xD77F, 0xD75F, 0xD75F, 0xD77F, 0xCF1F, 0xBEFF,
  0xBEDF, 0xB6BF, 0xB6BF, 0xAEBF, 0xAEBF, 0xA69F, 0xA6BF, 0x9E5E, 0x961F, 0x8DDF, 0x8DDE, 0x859A,
  0x53EE, 0x6C8E, 0x53AA, 0x32C7, 0x538E, 0x8557, 0x8DDC, 0x85BD, 0x85DE, 0x85DE, 0x85BE, 0x85BE,
  0x8DBF, 0x8DBF, 0x85BE, 0x85DD, 0x85BE, 0x85BE, 0x85BE, 0x85BE, 0x85BE, 0x85BE, 0x85BE, 0x85BE,
  0x85BE, 0x85BE, 0x85BE, 0x85BE, 0x85BE, 0x85BE, 0x85BE, 0x85BE, 0x85BE, 0x85BE, 0x85BE, 0x85BE,
  0x85BE, 0x85BE, 0x85BE, 0x85BE, 0x85BE, 0x85BE, 0x85BE, 0x85BE, 0x85BE, 0x85BE, 0x85BE, 0x85BE,
  0x85BE, 0x85BE, 0x85BE, 0x85BE, 0x85BE, 0x85BE, 0x85BE, 0x85BE, 0x85BE, 0x85BE, 0x85BE, 0x85BE,
  0x85BE, 0x85BE, 0x85BE, 0x85BE, 0x85BE, 0x85BE, 0x85BE, 0x85BE, 0x85BE, 0x85BE, 0x85BE, 0x85BE,
  0x85BE, 0x85BE, 0x85BE, 0x85BE, 0x85BE, 0x85BE, 0x85BE, 0x85BE, 0x85BE, 0x85BE, 0x85BE, 0x85BE,
  0x85BE, 0x85BE, 0x85BE, 0x85BE, 0x85BE, 0x85BE, 0x85BE, 0x85BE, 0x85BE, 0x85BE, 0x85BE, 0x85DE,
  0x7D9D, 0x8E1E, 0x9E5F, 0xA65F, 0xB6BF, 0xB6BE, 0xAE9D, 0xBEFD, 0x6450, 0x8D74, 0xCF5F, 0xBEBE,
  0xCF3F, 0xD77F, 0xD73F, 0xD77F, 0xD75F, 0xDF7F, 0xCF1F, 0xC6FF, 0xBEDF, 0xB6BF, 0xB6BF, 0xAEBF,
  0xAE9F, 0xA69F, 0xAEBF, 0x9E5E, 0x9E3F, 0x8DDF, 0x859D, 0x7517, 0x3B08, 0x4347, 0x3AE9, 0x6451,
  0x95BA, 0x857B, 0x8DDE, 0x85BE, 0x85DE, 0x85DE, 0x85BE, 0x85BE, 0x85BF, 0x85BF, 0x8DBE, 0x85BE,
  0x85BE, 0x85BE, 0x85BE, 0x85BE, 0x85BE, 0x85BE, 0x85BE, 0x85BE, 0x85BE, 0x85BE, 0x85BE, 0x85BE,
  0x85BE, 0x85BE, 0x85BE, 0x85BE, 0x85BE, 0x85BE, 0x85BE, 0x85BE, 0x85BE, 0x85BE, 0x85BE, 0x85BE,
  0x85BE, 0x85BE, 0x85BE, 0x85BE, 0x85BE, 0x85BE, 0x85BE, 0x85BE, 0x85BE, 0x85BE, 0x85BE, 0x85BE,
  0x85BE, 0x85BE, 0x85BE, 0x85BE, 0x85BE, 0x85BE, 0x85BE, 0x85BE, 0x85BE, 0x85BE, 0x85BE, 0x85BE,
  0x85BE, 0x85BE, 0x85BE, 0x85BE, 0x85BE, 0x85BE, 0x85BE, 0x85BE, 0x85BE, 0x85BE, 0x85BE, 0x85BE,
  0x85BE, 0x85BE, 0x85BE, 0x85BE, 0x85BE, 0x85BE, 0x85BE, 0x85BE, 0x85BE, 0x85BE, 0x85BE, 0x85BE,
  0x85BE, 0x85BE, 0x85BE, 0x85BE, 0x85BE, 0x85BE, 0x85BE, 0x85DE, 0x85FE, 0x8E1F, 0x9E5F, 0x9E5F,
  0xAEBF, 0xAE7E, 0xB69F, 0xBEFE, 0x74B2, 0x432C, 0xB6BC, 0xC6FF, 0xCF1F, 0xDF7F, 0xD77F, 0xDF7F,
  0xD75F, 0xDFBF, 0xCF1F, 0xBEBE, 0xBEDF, 0xBEFF, 0xB69F, 0xB6BF, 0xAE9F, 0xAEDF, 0x9E5E, 0x9E7F,
  0x9E5F, 0x8D9E, 0x8DDD, 0x6CB4, 0x3AC6, 0x4B47, 0x8534, 0x9DDB, 0x8D7C, 0x8DBF, 0x8DDF, 0x859E,
  0x85BE, 0x85DE, 0x85DE, 0x85DE, 0x85BE, 0x85BF, 0x8DBF, 0x8DBF, 0x85BE, 0x85BE, 0x85BE, 0x85BE,
  0x85BE, 0x85BE, 0x85BE, 0x85BE, 0x85BE, 0x85BE, 0x85BE, 0x85BE, 0x85BE, 0x85BE, 0x85BE, 0x85BE,
  0x85BE, 0x85BE, 0x85BE, 0x85BE, 0x85BE, 0x85BE, 0x85BE, 0x85BE, 0x85BE, 0x85BE, 0x85BE, 0x85BE,
  0x85BE, 0x85BE, 0x85BE, 0x85BE, 0x85BE, 0x85BE, 0x85BE, 0x85BE, 0x85BE, 0x85BE, 0x85BE, 0x85BE,
  0x85BE, 0x85BE, 0x85BE, 0x85BE, 0x85BE, 0x85BE, 0x85BE, 0x85BE, 0x85BE, 0x85BE, 0x85BE, 0x85BE,
  0x85BE, 0x85BE, 0x85BE, 0x85BE, 0x85BE, 0x85BE, 0x85BE, 0x85BE, 0x85BE, 0x85BE, 0x85BE, 0x85BE,
  0x85BE, 0x85BE, 0x85BE, 0x85BE, 0x85BE, 0x85BE, 0x85BE, 0x85BE, 0x85BE, 0x85BE, 0x85BE, 0x85BE,
  0x85BE, 0x85BE, 0x85BE, 0x85DE, 0x85DE, 0x8E3F, 0x9E5F, 0xA67F, 0xAE9F, 0xB6BF, 0xB69F, 0xB69E,
  0xAE7A, 0x6430, 0xB67B, 0xC6FE, 0xCF3F, 0xDFBF, 0xD73E, 0xD75E, 0xDF7F, 0xD75F, 0xD77F, 0xC6DE,
  0xCF3F, 0xBEBE, 0xB69F, 0xB69F, 0xAE9F, 0xA69F, 0xAEDF, 0xA67F, 0x961F, 0x95DF, 0xA65E, 0x6C93,
  0x4307, 0x3AC6, 0x6432, 0x8D9C, 0x8DDF, 0x859F, 0x859E, 0x8DDE, 0x8DBE, 0x85BE, 0x85DE, 0x85DE,
  0x85DE, 0x85BE, 0x8D9F, 0x8D9F, 0x85BE, 0x85BE, 0x85BE, 0x85BE, 0x85BE, 0x85BE, 0x85BE, 0x85BE,
  0x85BE, 0x85BE, 0x85BE, 0x85BE, 0x85BE, 0x85BE, 0x85BE, 0x85BE, 0x85BE, 0x85BE, 0x85BE, 0x85BE,
  0x85BE, 0x85BE, 0x85BE, 0x85BE, 0x85BE, 0x85BE, 0x85BE, 0x85BE, 0x85BE, 0x85BE, 0x85BE, 0x85BE,
  0x85BE, 0x85BE, 0x85BE, 0x85BE, 0x85BE, 0x85BE, 0x85BE, 0x85BE, 0x85BE, 0x85BE, 0x85BE, 0x85BE,
  0x85BE, 0x85BE, 0x85BE, 0x85BE, 0x85BE, 0x85BE, 0x85BE, 0x85BE, 0x85BE, 0x85BE, 0x85BE, 0x85BE,
  0x85BE, 0x85BE, 0x85BE, 0x85BE, 0x85BE, 0x85BE, 0x85BE, 0x85BE, 0x85BE, 0x85BE, 0x85BE, 0x85BE,
  0x85BE, 0x85BE, 0x85BE, 0x85BE, 0x85BE, 0x85BE, 0x85BE, 0x85BE, 0x85BE, 0x85BE, 0x85BE, 0x85DE,
  0x85BD, 0x8E1E, 0x9E5F, 0xA67F, 0xAE7F, 0xB69F, 0xB69F, 0xB69F, 0xBEFC, 0x4B6D, 0x5BD0, 0xCF3E,
  0xCF1F, 0xDF7F, 0xE7DF, 0xD75D, 0xD73F, 0xDF9F, 0xCEFD, 0xC6DC, 0xBEBC, 0xC6FF, 0xAE5F, 0xB6BF,
  0xB6DF, 0xA67F, 0xAEDF, 0xA67F, 0x9E3F, 0x9E1E, 0x95FB, 0x74B3, 0x3AA8, 0x536C, 0x74D6, 0x859C,
  0x85DE, 0x85BE, 0x85BD, 0x8DDD, 0x8DBD, 0x85BE, 0x85DD, 0x85DD, 0x85FD, 0x85DD, 0x8DBF, 0x8D9F,
  0x85BE, 0x85BE, 0x85BE, 0x85BE, 0x85BE, 0x85BE, 0x85BE, 0x85BE, 0x85BE, 0x85BE, 0x85BE, 0x85BE,
  0x85BE, 0x85BE, 0x85BE, 0x85BE, 0x85BE, 0x85BE, 0x85BE, 0x85BE, 0x85BE, 0x85BE, 0x85BE, 0x85BE,
  0x85BE, 0x85BE, 0x85BE, 0x85BE, 0x85BE, 0x85BE, 0x85BE, 0x85BE, 0x85BE, 0x85BE, 0x85BE, 0x85BE,
  0x85BE, 0x85BE, 0x85BE, 0x85BE, 0x85BE, 0x85BE, 0x85BE, 0x85BE, 0x85BE, 0x85BE, 0x85BE, 0x85BE,
  0x85BE, 0x85BE, 0x85BE, 0x85BE, 0x85BE, 0x85BE, 0x85BE, 0x85BE, 0x85BE, 0x85BE, 0x85BE, 0x85BE,
  0x85BE, 0x85BE, 0x85BE, 0x85BE, 0x85BE, 0x85BE, 0x85BE, 0x85BE, 0x85BE, 0x85BE, 0x85BE, 0x85BE,
  0x85DE, 0x85DE, 0x85BE, 0x85BE, 0x85BE, 0x85BE, 0x85BE, 0x85BE, 0x85DE, 0x8E1F, 0x9E5F, 0xA67F,
  0xAE9F, 0xB69F, 0xB69F, 0xB69F, 0xCF5F, 0x9DD7, 0x5BF0, 0xDFBF, 0xD77F, 0xD75E, 0xDF9D, 0xAE16,
  0xDF9F, 0xD73E, 0xD73D, 0xCF3C, 0xCF3D, 0xB69C, 0xC71F, 0xAE7F, 0xB6DF, 0xAE9F, 0xA69F, 0xA67F,
  0xAE7F, 0x95BC, 0x6C73, 0x74B2, 0x2A68, 0x74B3, 0x9E1C, 0x8DDD, 0x7DBD, 0x85FE, 0x8DDC, 0x8DDC,
  0x8DBD, 0x85BD, 0x85DD, 0x85DD, 0x85FC, 0x85DD, 0x8DBF, 0x8D9F, 0x85BE, 0x85BE, 0x85BE, 0x85BE,
  0x85BE, 0x85BE, 0x85BE, 0x85BE, 0x85BE, 0x85BE, 0x85BE, 0x85BE, 0x85BE, 0x85BE, 0x85BE, 0x85BE,
  0x85BE, 0x85BE, 0x85BE, 0x85BE, 0x85BE, 0x85BE, 0x85BE, 0x85BE, 0x85BE, 0x85BE, 0x85BE, 0x85BE,
  0x85BE, 0x85BE, 0x85BE, 0x85BE, 0x85BE, 0x85BE, 0x85BE, 0x85BE, 0x85BE, 0x85BE, 0x85BE, 0x85BE,
  0x85BE, 0x85BE, 0x85BE, 0x85BE, 0x85BE, 0x85BE, 0x85BE, 0x85BE, 0x85BE, 0x85BE, 0x85BE, 0x85BE,
  0x85BE, 0x85BE, 0x85BE, 0x85BE, 0x85BE, 0x85BE, 0x85BE, 0x85BE, 0x85BE, 0x85BE, 0x85BE, 0x85BE,
  0x85BE, 0x85BE, 0x85BE, 0x85BE, 0x85BE, 0x85BE, 0x85BE, 0x85BE, 0x85DE, 0x85DE, 0x85BE, 0x85BE,
  0x85BE, 0x85BE, 0x85BE, 0x85BE, 0x8DFE, 0x963F, 0x9E7F, 0xA69F, 0xAE9F, 0xB69F, 0xB69F, 0xB69F,
  0xB6BD, 0xBEBC, 0x6410, 0xC6FC, 0xD75E, 0xDFBF, 0xC6D9, 0x5B6B, 0xD73F, 0xD73E, 0xD77D, 0xDF9C,
  0x8D33, 0x6C31, 0xB67E, 0xB67F, 0xAE9F, 0xAEBF, 0xA69F, 0xAE9F, 0xA65F, 0x8D9A, 0x436D, 0x53CD,
  0x3B0C, 0x7D16, 0x95FC, 0x85BD, 0x85DD, 0x85FD, 0x85DC, 0x85DC, 0x85DD, 0x85BE, 0x85DD, 0x85DD,
  0x85DC, 0x85DD, 0x85BE, 0x85BF, 0x85BE, 0x85BE, 0x85BE, 0x85BE, 0x85BE, 0x85BE, 0x85BE, 0x85BE,
  0x85BE, 0x85BE, 0x85BE, 0x85BE, 0x85BE, 0x85BE, 0x85BE, 0x85BE, 0x85BE, 0x85BE, 0x85BE, 0x85BE,
  0x85BE, 0x85BE, 0x85BE, 0x85BE, 0x85BE, 0x85BE, 0x85BE, 0x85BE, 0x85BE, 0x85BE, 0x85BE, 0x85BE,
  0x85BE, 0x85BE, 0x85BE, 0x85BE, 0x85BE, 0x85BE, 0x85BE, 0x85BE, 0x85BE, 0x85BE, 0x85BE, 0x85BE,
  0x85BE, 0x85BE, 0x85BE, 0x85BE, 0x85BE, 0x85BE, 0x85BE, 0x85BE, 0x85BE, 0x85BE, 0x85BE, 0x85BE,
  0x85BE, 0x85BE, 0x85BE, 0x85BE, 0x85BE, 0x85BE, 0x85BE, 0x85BE, 0x85BE, 0x85BE, 0x85BE, 0x85BE,
  0x85BE, 0x85BE, 0x85BE, 0x85BE, 0x85DE, 0x85BE, 0x85BE, 0x85BE, 0x85BE, 0x85BE, 0x85BE, 0x85BE,
  0x8E1F, 0x963F, 0xA67F, 0xA69F, 0xAE9F, 0xB69F, 0xB69F, 0xB69F, 0xBEDF, 0xAE5B, 0x6C31, 0xCF5D,
  0xCF3D, 0xEFFF, 0xB636, 0x42E7, 0xDF5F, 0xE7BF, 0xCF1A, 0x744E, 0x536B, 0x3289, 0xAE5C, 0xB6BF,
  0xB6BF, 0xAEBF, 0xA69F, 0xA67F, 0xA63E, 0xA63B, 0x4B6B, 0x2266, 0x5C30, 0x8599, 0x8DDC, 0x859D,
  0x85DE, 0x85DE, 0x85DD, 0x85FD, 0x85DE, 0x85BE, 0x8DBE, 0x8DBD, 0x85DD, 0x85DD, 0x85DE, 0x85DE,
  0x85DE, 0x85BE, 0x85BE, 0x85BE, 0x85BE, 0x85BE, 0x85BE, 0x85BE, 0x85BE, 0x85BE, 0x85BE, 0x85BE,
  0x85BE, 0x85BE, 0x85BE, 0x85BE, 0x85BE, 0x85BE, 0x85BE, 0x85BE, 0x85BE, 0x85BE, 0x85BE, 0x85BE,
  0x85BE, 0x85BE, 0x85BE, 0x85BE, 0x85BE, 0x85BE, 0x85BE, 0x85BE, 0x85BE, 0x85BE, 0x85BE, 0x85BE,
  0x85BE, 0x85BE, 0x85BE, 0x85BE, 0x85BE, 0x85BE, 0x85BE, 0x85BE, 0x85BE, 0x85BE, 0x85BE, 0x85BE,
  0x85BE, 0x85BE, 0x85BE, 0x85BE, 0x85BE, 0x85BE, 0x85BE, 0x85BE, 0x85BE, 0x85BE, 0x85BE, 0x85BE,
  0x85BE, 0x85BE, 0x85BE, 0x85BE, 0x85BE, 0x85BE, 0x85BE, 0x85BE, 0x85BE, 0x85BE, 0x85BE, 0x85BE,
  0x85BE, 0x85BE, 0x85BE, 0x85BE, 0x85BE, 0x85BE, 0x85BE, 0x85BE, 0x8E1F, 0x963F, 0x9E7F, 0xA69F,
  0xAE9F, 0xB69F, 0xB69F, 0xB69F, 0xBEDF, 0xAE5C, 0x6C31, 0xD79D, 0xD75D, 0xDF7C, 0x744D, 0x4AE6,
  0xE7BF, 0xDF7D, 0x7C6F, 0x3A86, 0x42C7, 0x8D53, 0xC6FE, 0xBEDF, 0xB6DF, 0xAEBF, 0xAE9F, 0xA65E,
  0xAE9F, 0x9DFA, 0x4B8A, 0x32E7, 0x6CF3, 0x8E1B, 0x8DFD, 0x859D, 0x85BF, 0x85BF, 0x7DDF, 0x85FE,
  0x85DE, 0x85BE, 0x8DBE, 0x8D9E, 0x8DBE, 0x85BE, 0x7DDE, 0x7DDE, 0x85DE, 0x85BE, 0x85BE, 0x85BE,
  0x85BE, 0x85BE, 0x85BE, 0x85BE, 0x85BE, 0x85BE, 0x85BE, 0x85BE, 0x85BE, 0x85BE, 0x85BE, 0x85BE,
  0x85BE, 0x85BE, 0x85BE, 0x85BE, 0x85BE, 0x85BE, 0x85BE, 0x85BE, 0x85BE, 0x85BE, 0x85BE, 0x85BE,
  0x85BE, 0x85BE, 0x85BE, 0x85BE, 0x85BE, 0x85BE, 0x85BE, 0x85BE, 0x85BE, 0x85BE, 0x85BE, 0x85BE,
  0x85BE, 0x85BE, 0x85BE, 0x85BE, 0x85BE, 0x85BE, 0x85BE, 0x85BE, 0x85BE, 0x85BE, 0x85BE, 0x85BE,
  0x85BE, 0x85BE, 0x85BE, 0x85BE, 0x85BE, 0x85BE, 0x85BE, 0x85BE, 0x85BE, 0x85BE, 0x85BE, 0x85BE,
  0x85BE, 0x85BE, 0x85BE, 0x85BE, 0x85BE, 0x85BE, 0x85BE, 0x85BE, 0x85BE, 0x85BE, 0x85BE, 0x85BE,
  0x85BE, 0x85DE, 0x85DE, 0x85DE, 0x961F, 0x963F, 0x9E7F, 0xAE9F, 0xAEBF, 0xB69F, 0xB69F, 0xB69F,
  0xC6FF, 0xBE9E, 0x63F0, 0xCF5C, 0xE7FF, 0xCEFA, 0x5328, 0x4AE5, 0xAE16, 0x84D0, 0x42C7, 0x5348,
  0x3A86, 0xAE58, 0xC71E, 0xAE7D, 0xAE7E, 0xB6BF, 0xB6DF, 0xA67D, 0xB6DE, 0x74D4, 0x3B09, 0x648F,
  0x7576, 0x85FB, 0x859C, 0x85BE, 0x8DFF, 0x85BF, 0x7DBF, 0x7DDF, 0x85DE, 0x85BE, 0x8DBE, 0x8D9E,
  0x8DBE, 0x85BE, 0x7DDE, 0x7DFD, 0x85DE, 0x85DE, 0x85DE, 0x85BE, 0x85BE, 0x85BE, 0x85DE, 0x85BE,
  0x85BE, 0x85BE, 0x85BE, 0x85BE, 0x85BE, 0x85BE, 0x85BE, 0x85BE, 0x85BE, 0x85BE, 0x85DD, 0x85DD,
  0x85DE, 0x85BE, 0x85BE, 0x85BE, 0x85BE, 0x85BE, 0x85BE, 0x85BE, 0x85BE, 0x85BE, 0x85BE, 0x85BE,
  0x85BE, 0x85BE, 0x85BE, 0x85BE, 0x85BE, 0x85BE, 0x85BE, 0x85BE, 0x85DE, 0x85DE, 0x85BE, 0x85BE,
  0x85DE, 0x85DE, 0x85DE, 0x85DE, 0x85BE, 0x85BE, 0x85BE, 0x85BE, 0x85BE, 0x85BE, 0x85BE, 0x85BE,
  0x85BE, 0x85BE, 0x85BE, 0x85BE, 0x85BE, 0x85BE, 0x85BE, 0x85BE, 0x85BE, 0x85BE, 0x85BE, 0x85BE,
  0x85BE, 0x85BE, 0x85BE, 0x85BE, 0x85BE, 0x85BE, 0x85BE, 0x85BE, 0x85BE, 0x85DE, 0x85DE, 0x85DE,
  0x963F, 0x9E5F, 0xA69F, 0xAEBF, 0xAEBF, 0xB6BE, 0xB69E, 0xB6BE, 0xC6DF, 0xB65D, 0x6C51, 0xD77B,
  0xDF9D, 0x9532, 0x4AE6, 0x4B06, 0x5BA8, 0x3A84, 0x4B46, 0x42E6, 0x6C2E, 0xB69B, 0xBEDE, 0xB6BE,
  0xB6BF, 0xB6BE, 0xB6BE, 0xA65B, 0xB6FD, 0x53D0, 0x6CB3, 0x9E3A, 0x8DDB, 0x85BC, 0x8DDD, 0x8DDF,
  0x85BF, 0x85BF, 0x85DF, 0x85DE, 0x85BD, 0x85DE, 0x85BE, 0x85BE, 0x85DE, 0x85BE, 0x85DE, 0x85FD,
  0x85DD, 0x85DE, 0x85DE, 0x85DE, 0x85BE, 0x85DE, 0x85BD, 0x85BD, 0x85BE, 0x85BF, 0x85BF, 0x85BF,
  0x85BE, 0x85BE, 0x85BE, 0x85BE, 0x85BE, 0x85BE, 0x85DC, 0x85DC, 0x85DD, 0x85BE, 0x85BF, 0x85BF,
  0x8DBF, 0x859F, 0x8DBE, 0x85BE, 0x85BD, 0x85DE, 0x85BE, 0x85BE, 0x85DE, 0x85DE, 0x85DE, 0x85BE,
  0x85BE, 0x85DE, 0x85DF, 0x85BE, 0x85DD, 0x85DD, 0x8DDF, 0x85BE, 0x85BD, 0x85FE, 0x85DD, 0x85DD,
  0x8DDE, 0x8DBE, 0x85BE, 0x8DDE, 0x85BE, 0x85BD, 0x85BE, 0x8DDE, 0x85BE, 0x85BE, 0x85BE, 0x85BE,
  0x85BE, 0x85BE, 0x85BE, 0x85BE, 0x85DF, 0x7D9E, 0x85DF, 0x8DDF, 0x85BE, 0x8DDE, 0x8DDE, 0x85BE,
  0x8DBE, 0x8DBE, 0x8DDE, 0x859D, 0x85BE, 0x8DDE, 0x859D, 0x8DFF, 0x8DFF, 0xA69F, 0xA69F, 0xA67D,
  0xB6DF, 0xB6DF, 0xB6DD, 0xB6BD, 0xCF1F, 0xAE1C, 0x7450, 0xE7FC, 0xDF9C, 0x6BCC, 0x42A5, 0x5326,
  0x4B04, 0x5345, 0x42E4, 0x42E6, 0x8D74, 0xCF3E, 0xCF5F, 0xBEDE, 0xB67D, 0xB6BD, 0xB6BC, 0xB6BB,
  0x8D95, 0x434D, 0xA67B, 0x95FB, 0x8DFC, 0x85BB, 0x85BC, 0x8DBD, 0x8DBE, 0x8DDE, 0x8DDE, 0x85BE,
  0x85BE, 0x8DDE, 0x85BE, 0x85DE, 0x8DFF, 0x85BE, 0x85BD, 0x85BD, 0x85DE, 0x85BE, 0x85DE, 0x8DFE,
  0x8DFE, 0x85DD, 0x85DD, 0x8DFE, 0x85BE, 0x85BF, 0x85BF, 0x85BF, 0x85DE, 0x85DE, 0x85DE, 0x85DF,
  0x85BF, 0x85BE, 0x85DC, 0x85DC, 0x85DD, 0x85BE, 0x85BF, 0x85BF, 0x8DBF, 0x8D9F, 0x8DBF, 0x8DBE,
  0x85DD, 0x85DD, 0x85DE, 0x85DE, 0x85BD, 0x85DE, 0x85BE, 0x85BE, 0x85BD, 0x85BE, 0x85BF, 0x85BE,
  0x85BD, 0x85BD, 0x85DF, 0x85BE, 0x85BE, 0x85DD, 0x85DD, 0x85BD, 0x85BD, 0x859D, 0x859D, 0x85BD,
  0x8DDE, 0x8DDE, 0x85BD, 0x85BD, 0x85BE, 0x85BE, 0x85BE, 0x85BE, 0x85BE, 0x85BE, 0x85BE, 0x85BE,
  0x85DF, 0x85BE, 0x85DF, 0x85BE, 0x7D9D, 0x85BE, 0x85BE, 0x85BE, 0x85BD, 0x859D, 0x85DE, 0x85BD,
  0x85DE, 0x8DDE, 0x85BE, 0x961F, 0x961F, 0x9E7F, 0xA69E, 0xAEDE, 0xB6DF, 0xAE9D, 0x8D97, 0xC71D,
  0xC6FF, 0xBE9D, 0x5B8D, 0xB635, 0xBE97, 0x638A, 0x4AE6, 0x4AE5, 0x4B04, 0x5365, 0x4B25, 0x32A5,
  0x8D53, 0xC73C, 0xBEDD, 0xC6FE, 0xC71E, 0xB6BB, 0xC71C, 0xCF9D, 0x6CB0, 0x5C0E, 0xAE9B, 0xA67B,
  0x9E3A, 0x963B, 0x9E3C, 0x95FC, 0x8D9B, 0x857C, 0x8D9D, 0x8DBE, 0x8DBE, 0x8DBE, 0x857D, 0x85BE,
  0x8DDE, 0x859E, 0x85BE, 0x8DBF, 0x859F, 0x85DF, 0x85BE, 0x7D9D, 0x859D, 0x85DD, 0x85DC, 0x85DD,
  0x85DD, 0x85DE, 0x85BE, 0x85DE, 0x85DE, 0x85DE, 0x85DE, 0x85DF, 0x85BF, 0x85BF, 0x85DD, 0x85DD,
  0x85DD, 0x85DE, 0x85BE, 0x85BE, 0x8DBF, 0x8DBF, 0x8DBF, 0x8DBE, 0x85DC, 0x85DC, 0x85DD, 0x85DE,
  0x85DE, 0x85DE, 0x85BE, 0x85BE, 0x85DE, 0x85DE, 0x85BF, 0x85BF, 0x85DF, 0x85DF, 0x85DF, 0x85DF,
  0x85DE, 0x85DE, 0x85DF, 0x85BF, 0x85DE, 0x85FE, 0x85FE, 0x85DD, 0x7DBD, 0x7DBD, 0x85DD, 0x85DE,
  0x85DE, 0x85DE, 0x85DE, 0x85DE, 0x85DE, 0x85DE, 0x85DE, 0x85DE, 0x7DBE, 0x85DE, 0x85DE, 0x85BE,
  0x7DBD, 0x85DE, 0x85DE, 0x85DD, 0x85DE, 0x85BD, 0x85DD, 0x85DE, 0x85DE, 0x85DE, 0x85DE, 0x963F,
  0x9E3F, 0xA67F, 0xA67F, 0xAEBF, 0xB6BF, 0xAE5C, 0x53CF, 0xA618, 0xC6FE, 0xC6BD, 0x63EE, 0x8CF1,
  0x9551, 0x3A45, 0x4AE5, 0x4B05, 0x4B04, 0x42E4, 0x4B45, 0x5388, 0xA615, 0xCF5C, 0xCF3D, 0xD79E,
  0xD77D, 0xD79D, 0xD7BD, 0xCF7A, 0x5BEC, 0xB6D7, 0xCF9D, 0xC75D, 0xC77D, 0xC77E, 0xC77D, 0xB6FC,
  0x9E5B, 0x95FA, 0x95FC, 0x95FC, 0x9E1D, 0x9E1D, 0x8DBB, 0x8DBB, 0x8DDC, 0x8DBD, 0x8DBD, 0x859D,
  0x85BE, 0x8DDE, 0x85DD, 0x8DFD, 0x963D, 0x8E1D, 0x85BC, 0x85DD, 0x85DE, 0x85BE, 0x85DD, 0x85DD,
  0x85DD, 0x85DE, 0x85DE, 0x85DF, 0x85BF, 0x85BF, 0x85BE, 0x85DE, 0x85DD, 0x85DD, 0x85DD, 0x85DD,
  0x85BD, 0x8DBE, 0x8DBF, 0x8DBE, 0x85DC, 0x85DC, 0x85DD, 0x85DE, 0x85DE, 0x85DE, 0x85BE, 0x85DF,
  0x85DE, 0x85DE, 0x85BE, 0x85BF, 0x85BF, 0x85BF, 0x859F, 0x859E, 0x85BE, 0x85BE, 0x85DF, 0x85BF,
  0x7DBE, 0x85BE, 0x85BE, 0x7DBD, 0x85BD, 0x85DE, 0x85FE, 0x85FE, 0x85DE, 0x85DE, 0x85DD, 0x85DE,
  0x85DE, 0x85DE, 0x85DE, 0x85DE, 0x85DE, 0x85DE, 0x85DE, 0x85DE, 0x85FE, 0x85DE, 0x85DE, 0x85BD,
  0x85DE, 0x85DD, 0x85DE, 0x85DE, 0x7DBD, 0x85DE, 0x85FF, 0x8E3F, 0x9E5F, 0xAE9F, 0xAE9F, 0xAE9F,
  0xB69F, 0xAE7C, 0x3AE9, 0x640D, 0xBE9B, 0xD73E, 0xAE17, 0x8CF1, 0x8CF0, 0x3A64, 0x5B67, 0x4B25,
  0x4B04, 0x4B04, 0x3AC3, 0x84ED, 0xE7FC, 0xD79C, 0xDFBD, 0xD79C, 0xD79B, 0xD7BB, 0xD77A, 0x8D50,
  0x4B48, 0xB6F6, 0xD7DC, 0xC77B, 0xC77A, 0xBF59, 0xBF59, 0xBF59, 0xC759, 0xC79B, 0xC79C, 0xBF5C,
  0xC75D, 0xBF5C, 0xA679, 0x95F8, 0x95F9, 0x95FA, 0x9E1C, 0x95DC, 0x8DDC, 0x859B, 0x859B, 0x963D,
  0xA6BD, 0x963C, 0x859C, 0x8DDE, 0x85BF, 0x85BE, 0x85DD, 0x85DC, 0x85DE, 0x85DE, 0x85DE, 0x85DE,
  0x85BF, 0x85BF, 0x85BF, 0x85DE, 0x85DE, 0x85DD, 0x85DD, 0x85DD, 0x85BB, 0x85BC, 0x8DBE, 0x8DBF,
  0x85DD, 0x85DD, 0x85DE, 0x85DE, 0x85DD, 0x85BD, 0x85BF, 0x85BF, 0x85BF, 0x85BE, 0x85BD, 0x85DE,
  0x85BF, 0x85BF, 0x859E, 0x85BE, 0x8DDE, 0x85BD, 0x8DDF, 0x859E, 0x8DDF, 0x85BF, 0x85BE, 0x85DF,
  0x8DFF, 0x8DFF, 0x85BE, 0x7D9D, 0x85BD, 0x85BD, 0x85BD, 0x85BD, 0x85BD, 0x85BD, 0x85BD, 0x85BD,
  0x85BD, 0x85DD, 0x859D, 0x85BD, 0x85BD, 0x859C, 0x8DDD, 0x85BD, 0x7D5C, 0x85BD, 0x8DDE, 0x85DE,
  0x85BE, 0x8DFF, 0x963F, 0x9E5F, 0xA67D, 0xAE9E, 0xB6BF, 0xAE7F, 0xBEBF, 0xB69C, 0x4329, 0x3AC6,
  0x9D95, 0xD75D, 0xB658, 0x8D11, 0x9531, 0x3A85, 0x4B25, 0x42E3, 0x4B05, 0x4B25, 0x3AA3, 0x84ED,
  0xEFFD, 0xD79A, 0xD77A, 0xDFDB, 0xCF59, 0xD7BA, 0xB695, 0x2A44, 0x9DF1, 0xDFFA, 0xBF18, 0xCF9A,
  0xC779, 0xC758, 0xC778, 0xC777, 0xC757, 0xC778, 0xC778, 0xBF18, 0xB6F7, 0xC779, 0xC779, 0xC77A,
  0xC77B, 0xBF1C, 0xAE9B, 0x95FA, 0x963A, 0x9E5B, 0x8DFA, 0x8DD9, 0x9659, 0x9659, 0x8DBB, 0x859D,
  0x859F, 0x85BF, 0x85DC, 0x85FC, 0x85DD, 0x85DE, 0x85DE, 0x85DE, 0x85BF, 0x85BF, 0x85BE, 0x85DE,
  0x85DE, 0x85DD, 0x85DE, 0x85DC, 0x8E1A, 0x8DFA, 0x8DBE, 0x8DBF, 0x85BE, 0x85DE, 0x85DE, 0x85DD,
  0x8E1D, 0x85DD, 0x85BE, 0x85BF, 0x85BF, 0x85BD, 0x8DDB, 0x8DFC, 0x85BD, 0x8DDF, 0x859E, 0x8DDE,
  0x8DDD, 0x859C, 0x8DBD, 0x857C, 0x8DBD, 0x859D, 0x8DBD, 0x8DBC, 0x859B, 0x857B, 0x8DDC, 0x9E3D,
  0x961C, 0x961B, 0x961B, 0x961B, 0x961B, 0x961A, 0x961A, 0x961A, 0x961A, 0x9E3B, 0x961A, 0x9E3B,
  0x95FA, 0x95FB, 0xA67D, 0x95FB, 0x4BB3, 0x7D19, 0x8DBB, 0x859B, 0x859C, 0x8DDD, 0x961E, 0x9E3D,
  0xA67B, 0xAE7C, 0xB69F, 0xAE5F, 0xBEBF, 0xAE5A, 0x5389, 0x3AC4, 0x7CB0, 0xE7DE, 0xB636, 0x7C6E,
  0x84AF, 0x42C5, 0x4B04, 0x5344, 0x4B05, 0x4AE4, 0x42E4, 0x7CAB, 0xE7FB, 0xDFDB, 0xDFBA, 0xDFDA,
  0x6C4B, 0xAE33, 0xCF57, 0x4306, 0xA632, 0xDFD9, 0xDFDA, 0xCF9A, 0xBF17, 0xC738, 0xCF79, 0xCF78,
  0xC757, 0xC757, 0xC777, 0xBF36, 0xBF57, 0xC798, 0xC757, 0xC758, 0xC759, 0xBF19, 0xC73B, 0xC77C,
  0xB719, 0xC79C, 0xB6FC, 0x9618, 0x9E96, 0xA6D7, 0x961A, 0x8DBC, 0x8D9F, 0x8DBE, 0x8E1B, 0x8E1B,
  0x85DD, 0x85BE, 0x85BE, 0x85DF, 0x85BE, 0x85BE, 0x85DD, 0x85DD, 0x85DE, 0x85DE, 0x85BE, 0x85DC,
  0x9679, 0x9659, 0x8DDD, 0x8D9F, 0x85BF, 0x85BF, 0x85BF, 0x85DD, 0x965C, 0x8E1B, 0x8DDD, 0x8DBF,
  0x8DBE, 0x8DDC, 0x9619, 0x9E5A, 0x859A, 0x8DDD, 0x859C, 0x95DD, 0x8DBC, 0x859A, 0x9E1C, 0x9E3B,
  0x95FA, 0x95D9, 0x9DF9, 0x9E1A, 0x9E19, 0x9E18, 0xB6DA, 0xCFBD, 0xD7FD, 0xDFFC, 0xDFFC, 0xDFFB,
  0xDFFB, 0xDFFB, 0xDFFA, 0xDFFA, 0xDFFA, 0xDFFA, 0xDFFA, 0xDFFB, 0xDFFB, 0xDFFC, 0xD7BB, 0x95B4,
  0x32A9, 0x8534, 0xA659, 0x9E18, 0x9E39, 0xA65A, 0xAE7B, 0xAE9B, 0xBEFB, 0xBEDB, 0xBEDE, 0xB67D,
  0xBEBD, 0xAE58, 0x5387, 0x4324, 0x4B07, 0xBE97, 0xB676, 0x4AE8, 0x4B07, 0x4AE6, 0x4B25, 0x4303,
  0x4B05, 0x4B05, 0x42C3, 0x8D0D, 0xE7FB, 0xDFBA, 0xE7FA, 0x9DD1, 0x3AC4, 0xC715, 0xAE33, 0x748C,
  0xDFB8, 0xD7B8, 0xCF58, 0xD79A, 0xBEF7, 0xBF17, 0xC738, 0xCF59, 0xCF59, 0xCF99, 0xCF78, 0xBF16,
  0xBF16, 0xC777, 0xC778, 0xCF99, 0xC758, 0xB6D6, 0xB6F7, 0xC759, 0xC778, 0xCF9B, 0xC73C, 0xBF1A,
  0xBF77, 0xAED4, 0x95F6, 0x95DA, 0x8D9C, 0x95DD, 0x961A, 0x9639, 0x8DDC, 0x85BD, 0x85BE, 0x85BF,
  0x85BE, 0x85DD, 0x85DD, 0x85DD, 0x85DE, 0x85BE, 0x85BE, 0x85DB, 0xA6D8, 0x9E97, 0x8DFC, 0x8D9E,
  0x859F, 0x85BF, 0x85BE, 0x85DC, 0x9E7B, 0x961A, 0x8DBC, 0x8D9E, 0x8D9D, 0x8DBA, 0x9637, 0xA697,
  0x8DB7, 0x9E1A, 0x95DA, 0x9E3B, 0x9E3A, 0xA659, 0xC77D, 0xD7DE, 0xDFFE, 0xCF7B, 0xC73A, 0xD79B,
  0xDFDB, 0xD7BA, 0xD7BA, 0xE7FA, 0xDFF9, 0xDFF9, 0xDFF8, 0xE7F8, 0xE7F8, 0xE7F7, 0xE7F7, 0xE7F7,
  0xE7F7, 0xE7F7, 0xDFD6, 0xE7F8, 0xE7F8, 0xE7F9, 0xB694, 0x4306, 0x4B48, 0xBEB6, 0xE7FC, 0xDFDB,
  0xDFDC, 0xD7BC, 0xDFDC, 0xDFDC, 0xDFDC, 0xD7BD, 0xD77E, 0xBEBC, 0xC6FB, 0xBED8, 0x4B66, 0x4324,
  0x42C5, 0x5BAA, 0xB634, 0x42E7, 0x4B07, 0x4AE6, 0x42E4, 0x4B44, 0x4AE5, 0x5346, 0x3AA3, 0x84CC,
  0xEFFB, 0xEFFB, 0xB694, 0x4B26, 0x42E5, 0xBEB4, 0x5327, 0x84AD, 0xEFFA, 0xBEB5, 0xCF59, 0xDFBA,
  0xC716, 0xB6B5, 0xC739, 0xCF5A, 0xCF3B, 0xC73A, 0xCF7B, 0xBEF8, 0xBEF7, 0xCF9A, 0xC739, 0xCF59,
  0xCF79, 0xC737, 0xB6F5, 0xCF77, 0xCF78, 0xC759, 0xCF5B, 0xC759, 0xBF33, 0xAEF1, 0xAED5, 0xC77B,
  0xA65B, 0x95B9, 0x9637, 0x9E78, 0x8DD9, 0x8DBB, 0x95DF, 0x8DBF, 0x85BC, 0x8DFC, 0x8DDC, 0x85BC,
  0x85DE, 0x8DDF, 0x85BE, 0x85DA, 0x9E95, 0xAEF6, 0x9619, 0x8D9C, 0x8DBD, 0x8DBE, 0x85BD, 0x8DDC,
  0xA67B, 0x95F9, 0x8D9C, 0x8D9D, 0x8D9C, 0x8DB8, 0x9E35, 0xA694, 0x95F5, 0xC75B, 0xD7FD, 0xC75A,
  0xC779, 0xD7FA, 0xD7F8, 0xDFF8, 0xDFF8, 0xD7B7, 0xC755, 0xE7F8, 0xDFF8, 0xE7F8, 0xDFF8, 0xE7F8,
  0xE7F8, 0xE7F8, 0xE7F9, 0xE7D8, 0xEFF9, 0xE7B8, 0xEFF9, 0xE7D8, 0xEFF9, 0xE7D8, 0xEFF9, 0xEFF9,
  0xE7F8, 0xDF97, 0x5B87, 0x42A4, 0xA5D0, 0xE7F8, 0xE7F8, 0xE7F8, 0xDFF8, 0xE7F8, 0xE7F9, 0xDFF8,
  0xDFDA, 0xDFFB, 0xDFBC, 0xD79C, 0xE7FC, 0xCF58, 0x53A6, 0x42E3, 0x42E4, 0x5BA8, 0xA5F2, 0x5327,
  0x4B07, 0x42C5, 0x4B05, 0x4B24, 0x5305, 0x4AE4, 0x42E4, 0x84ED, 0xEFFA, 0xD778, 0x63C9, 0x42E4,
  0x42E4, 0xBE94, 0x5348, 0x7C6D, 0xE7FA, 0xC717, 0xD79A, 0xCF58, 0xC734, 0xB6D3, 0xCF78, 0xCF5A,
  0xC73B, 0xCF3B, 0xCF5A, 0xBF18, 0xC738, 0xCF59, 0xC739, 0xC759, 0xCF79, 0xC777, 0xB6F3, 0xBF34,
  0xCF77, 0xC738, 0xCF7A, 0xCF78, 0xBF33, 0xB710, 0xB712, 0xC777, 0xC73A, 0xC75C, 0xBF19, 0xAED7,
  0xAEB9, 0x9619, 0x8D7B, 0x95BD, 0x8DDB, 0x9E3C, 0x961C, 0x859C, 0x859D, 0x8DBD, 0x8DBC, 0x8DF8,
  0x9E94, 0xAEF4, 0x9E58, 0x95D9, 0x95FB, 0x8DDB, 0x8DBA, 0x85B8, 0x9E58, 0x9E17, 0x95B9, 0x95DA,
  0xBEDD, 0xD7FE, 0xCFD8, 0xAED3, 0xAE94, 0xCF99, 0xDFFA, 0xC756, 0xCF96, 0xE7F7, 0xDFF6, 0xDFF6,
  0xE7F6, 0xDFF6, 0xC732, 0xE7F6, 0xDFD6, 0xDFF6, 0xE7F7, 0xE7F7, 0xE7F7, 0xE7F7, 0xE7D8, 0xE7F8,
  0xEFF9, 0xE7B8, 0xEFF9, 0xEFFA, 0xE7D8, 0xE7D9, 0xDF97, 0xE7B8, 0xEFF9, 0xD756, 0x63A7, 0x3A82,
  0xAE10, 0xEFF8, 0xDFD6, 0xEFF8, 0xE7F7, 0xDFF6, 0xD7D5, 0xE7F7, 0xDFF8, 0xE7FA, 0xDFFA, 0xDFDA,
  0xEFFB, 0xDFB8, 0x5365, 0x4B24, 0x4B24, 0x4B05, 0x5BA8, 0x4AE5, 0x4AE6, 0x5326, 0x4B05, 0x4B25,
  0x4AC4, 0x4B05, 0x4B05, 0x7CAC, 0xF7FC, 0xD757, 0x4B26, 0x4B25, 0x4B04, 0xB632, 0x7C6C, 0xCEF7,
  0xDF99, 0xBED6, 0xCF59, 0xDFFA, 0xC753, 0xB6F1, 0xCF97, 0xCF59, 0xC739, 0xCF5A, 0xC758, 0xC736,
  0xBF16, 0xBF16, 0xC738, 0xC759, 0xC737, 0xC756, 0xB6F1, 0xBF12, 0xCF56, 0xC6F6, 0xCF58, 0xCF77,
  0xBF12, 0xBEF0, 0xBF11, 0xC733, 0xC737, 0xCF9A, 0xC758, 0xB6F6, 0xB6F5, 0xA655, 0x8D97, 0x95DA,
  0x8DB8, 0x9E5B, 0x9E1C, 0x8DBC, 0x8DBD, 0x8DDC, 0x8DDA, 0x9637, 0xAF14, 0xB734, 0xAEB7, 0x9E17,
  0xA678, 0x9617, 0x9618, 0x8DD5, 0xA694, 0xC778, 0xCF9A, 0xC759, 0xD7BA, 0xE7FA, 0xD7D6, 0xB6F1,
  0xBEF4, 0xD7D8, 0xDFF8, 0xCF75, 0xCF94, 0xE7F7, 0xE7F7, 0xE7F7, 0xDFF6, 0xDFF6, 0xC713, 0xDFF7,
  0xD7B5, 0xC734, 0xDFD6, 0xE7F7, 0xE7F7, 0xDFB6, 0xCF54, 0xDFD7, 0xE7F8, 0xE7F7, 0xE7F7, 0xDFD7,
  0xEFF8, 0xE7F7, 0xEFF8, 0xDFD7, 0xEFF8, 0x84EC, 0x4B25, 0x3AC3, 0x9DCF, 0xF7F9, 0xDFD7, 0xE7F8,
  0xE7F8, 0xE7F9, 0xDFF7, 0xE7F8, 0xDFF8, 0xE7F8, 0xDFF8, 0xE7F8, 0xE7F9, 0xD797, 0x4B24, 0x4303,
  0x4B24, 0x4B04, 0x3AA3, 0x4B05, 0x4AE5, 0x4B06, 0x4B05, 0x5345, 0x5326, 0x4AE5, 0x3A83, 0x84CD,
  0xEFFB, 0x84CD, 0x42E4, 0x5345, 0x4B25, 0x5BA8, 0x6BEB, 0xDFBA, 0xD799, 0xCF38, 0xCF79, 0xCF57,
  0xC752, 0xB6D0, 0xCF96, 0xC757, 0xC717, 0xCF78, 0xBF15, 0xBF34, 0xB6F3, 0xB6D3, 0xCF78, 0xCF78,
  0xBEF6, 0xC755, 0xB6F1, 0xBF32, 0xC735, 0xB6B4, 0xC715, 0xC734, 0xBEF2, 0xBEF1, 0xBF10, 0xBEF1,
  0xBEF4, 0xBED5, 0xC756, 0xC755, 0xB6F2, 0xB6D3, 0xB6D8, 0xA658, 0x95F6, 0xA699, 0x9E3A, 0x8DB9,
  0x95DA, 0x9E1A, 0x9E38, 0xAEB6, 0xAEF2, 0xB6F2, 0xAEB4, 0xA634, 0xB6F6, 0xAED6, 0xBF39, 0xB717,
  0xBF34, 0xD7F6, 0xD7F7, 0xD7B6, 0xDFF7, 0xD7F5, 0xC752, 0xB6D0, 0xB6D2, 0xD7B6, 0xE7F7, 0xD7B5,
  0xCF53, 0xD794, 0xDFB6, 0xE7F8, 0xCF95, 0xCF95, 0xC754, 0xE7F8, 0xD7D6, 0xBEF2, 0xC753, 0xDFF7,
  0xE7F7, 0xDFD6, 0xC754, 0xDFF7, 0xE7F7, 0xE7F8, 0xDFF7, 0xD7B6, 0xD795, 0xD7B5, 0xE7F7, 0xE7F7,
  0xE7F8, 0x5BC7, 0x3AC3, 0x3AE3, 0xA610, 0xE7F9, 0xDFD8, 0xDFD8, 0xDFF8, 0xE7F9, 0xE7F9, 0xDFF8,
  0xE7F8, 0xDFF7, 0xDFF7, 0xE7F7, 0xE7F8, 0xD776, 0x6408, 0x3AC3, 0x4B04, 0x5345, 0x4B25, 0x4B25,
  0x4B25, 0x42C4, 0x5326, 0x4B05, 0x4AC4, 0x5346, 0x4AE4, 0x84ED, 0xAE33, 0x42C5, 0x4B25, 0x3AC3,
  0x4B04, 0x42E4, 0xB654, 0xDFBA, 0xD799, 0xBED5, 0xDFFA, 0xD7F8, 0xC752, 0xB6D0, 0xC755, 0xC735,
  0xBF15, 0xCF76, 0xB6F2, 0xBF11, 0xB6F1, 0xB6D1, 0xCF76, 0xCF77, 0xBEF5, 0xC756, 0xBF13, 0xC733,
  0xC733, 0xB6B1, 0xBEF2, 0xBF12, 0xBEF1, 0xBF11, 0xBF11, 0xBEF1, 0xBEF3, 0xAE92, 0xC734, 0xCF74,
  0xAED0, 0xBF31, 0xCF96, 0xB6D4, 0xAED5, 0xB6F7, 0xA677, 0x95D6, 0x95F7, 0xA657, 0xAEB5, 0xB714,
  0xB6F1, 0xB6D1, 0xB6B2, 0xA652, 0xBF14, 0xBF13, 0xCFB7, 0xC796, 0xC793, 0xCF93, 0xBF31, 0xBF11,
  0xC772, 0xC751, 0xB6F0, 0xBF11, 0xB6D1, 0xCF73, 0xDFF5, 0xD7B4, 0xC711, 0xBEF1, 0xCF54, 0xE7F7,
  0xC754, 0xBF12, 0xC753, 0xE7F7, 0xDFF6, 0xC753, 0xBEF2, 0xDFF6, 0xDFF6, 0xDFF6, 0xC754, 0xDFF6,
  0xDFF7, 0xDFF7, 0xDFF7, 0xCF95, 0xCF95, 0xE7F8, 0xD7D6, 0xD7B6, 0x95AE, 0x4B65, 0x4304, 0x748A,
  0xD797, 0xDFF8, 0xE7F8, 0xE7F9, 0xE7F8, 0xDFF8, 0xDFF8, 0xDFF7, 0xE7F7, 0xDFF6, 0xE7F7, 0xE7F8,
  0xEFF8, 0xDFD7, 0xA5EF, 0x42E4, 0x4B04, 0x4AE4, 0x5325, 0x42E4, 0x5345, 0x4B04, 0x4B25, 0x42E4,
  0x5325, 0x42A3, 0x42A3, 0x9D8F, 0x8D2F, 0x3264, 0x4304, 0x5385, 0x4B04, 0x5366, 0xDF99, 0xDF99,
  0xD7B9, 0xBEF5, 0xCF77, 0xCFB7, 0xC752, 0xB6F0, 0xBF33, 0xBF14, 0xBEF4, 0xCF75, 0xB6F1, 0xBF10,
  0xBF10, 0xB6D0, 0xBF13, 0xC734, 0xB6D3, 0xC755, 0xBEF2, 0xB6F1, 0xBF32, 0xB6D0, 0xB6F0, 0xBEF0,
  0xBEF0, 0xBF31, 0xBF11, 0xBEF1, 0xB6F1, 0xB6D1, 0xBF12, 0xBF12, 0xB6D0, 0xB710, 0xBF31, 0xB6F1,
  0xBF13, 0xBF14, 0xB6D4, 0xA674, 0xAE94, 0xB6D4, 0xB6F3, 0xB711, 0xBF31, 0xBF11, 0xBED2, 0xB691,
  0xBEF1, 0xB6F0, 0xBF52, 0xBF11, 0xBF31, 0xC751, 0xBF10, 0xB6F0, 0xB6EF, 0xB6CE, 0xB6CF, 0xBF11,
  0xBEF0, 0xBEF0, 0xC752, 0xC732, 0xBED0, 0xB6B0, 0xBEF2, 0xD794, 0xCF73, 0xB6D0, 0xBEF1, 0xCFB4,
  0xDFF5, 0xCF73, 0xB6D1, 0xD7D5, 0xE7F7, 0xDFF6, 0xBEF2, 0xCF74, 0xDFF7, 0xE7F7, 0xE7F7, 0xCF54,
  0xC754, 0xE7F7, 0xEFF8, 0xD7D6, 0x6C69, 0x42E3, 0x3AA3, 0x850C, 0xEFFA, 0xD7B7, 0xE7F9, 0xE7F8,
  0xDFF8, 0xE7F8, 0xE7F8, 0xE7F8, 0xE7F7, 0xDFF6, 0xE7F8, 0xE7F9, 0xE7F8, 0xE7F8, 0xCF14, 0x4AE4,
  0x4B25, 0x42C4, 0x4B05, 0x4B05, 0x4B24, 0x4B24, 0x42E4, 0x4B25, 0x4B05, 0x4AE4, 0x4B05, 0x6C2A,
  0x63C9, 0x4B06, 0x4B24, 0x4303, 0x42E2, 0x5386, 0xCF37, 0xDFB9, 0xD7B8, 0xCF76, 0xC776, 0xCFD6,
  0xBF11, 0xBEF0, 0xBEF2, 0xBF13, 0xBEF3, 0xC754, 0xBEF1, 0xBEF0, 0xBEF0, 0xBEF0, 0xB6D1, 0xBEF2,
  0xB6D1, 0xBF12, 0xBEF0, 0xB6CF, 0xBF10, 0xB6EF, 0xB710, 0xB6EF, 0xB6EF, 0xBF2F, 0xB6F0, 0xB6F1,
  0xB6F0, 0xBF30, 0xBF10, 0xB6F0, 0xBF12, 0xBF12, 0xB6EF, 0xBF2F, 0xB710, 0xB6F0, 0xB710, 0xBF31,
  0xB712, 0xBF12, 0xBF30, 0xB6EF, 0xB6EF, 0xBECF, 0xBEB1, 0xBED1, 0xBEF1, 0xB6F0, 0xBF30, 0xB70F,
  0xB6EF, 0xB6F0, 0xB6F0, 0xB6F0, 0xBF30, 0xBF30, 0xBF11, 0xB6F0, 0xBF0F, 0xB6CE, 0xBEF0, 0xBEF1,
  0xB6D0, 0xBED0, 0xBEF0, 0xC711, 0xC731, 0xBEF0, 0xBED0, 0xBF11, 0xCF72, 0xC731, 0xB6D0, 0xC752,
  0xEFF6, 0xDFD5, 0xBED1, 0xCF54, 0xE7F7, 0xE7F7, 0xEFF8, 0xCF95, 0xDFD6, 0xCF54, 0xE7F7, 0xB671,
  0x5BC6, 0x4B24, 0x42E3, 0x8D2C, 0xEFF8, 0xCF55, 0xEFF8, 0xDFD7, 0xE7F7, 0xEFF8, 0xD796, 0xE7F7,
  0xE7F6, 0xDFF6, 0xE7F9, 0xE7DA, 0xE7D8, 0xE7F8, 0xC713, 0x42E3, 0x5326, 0x4B06, 0x5326, 0x5325,
  0x4B03, 0x4B03, 0x42E4, 0x5346, 0x42E4, 0x5345, 0x4B25, 0x42C4, 0x4B06, 0x42E5, 0x5345, 0x4B23,
  0x4B03, 0x5365, 0xC6F4, 0xC715, 0xC735, 0xBF34, 0xD7D6, 0xBF33, 0xB6F0, 0xB6F0, 0xB6D0, 0xBEF2,
  0xB6D1, 0xBF12, 0xBEF0, 0xBF10, 0xB6CF, 0xBF10, 0xB6F0, 0xBF11, 0xB6D0, 0xBEF0, 0xBF10, 0xBF0F,
  0xB6EF, 0xB710, 0xBF30, 0xB70F, 0xB70E, 0xBF0F, 0xB6D0, 0xBF10, 0xB6F0, 0xBF0F, 0xB6EF, 0xB6F0,
  0xBF12, 0xBEF2, 0xB6EF, 0xB70F, 0xBF30, 0xB6EE, 0xB70E, 0xBF2F, 0xAECF, 0xB6EF, 0xBF30, 0xBF0F,
  0xBF0F, 0xBF10, 0xBED0, 0xBEF1, 0xBEF0, 0xBEF0, 0xBF2F, 0xB6EF, 0xBF10, 0xB6F0, 0xBEF1, 0xBEF1,
  0xB6CF, 0xB6EF, 0xBF10, 0xBF10, 0xBF0F, 0xB6EE, 0xBF11, 0xBEF1, 0xBEF0, 0xBF10, 0xBEF0, 0xB6CF,
  0xB6AE, 0xC730, 0xBEEF, 0xB6CF, 0xBF10, 0xB6CF, 0xBEF0, 0xC732, 0xCF93, 0xCF73, 0xBEF1, 0xCF53,
  0xD7D5, 0xC733, 0xDFF6, 0xD7B5, 0xCF54, 0xC733, 0xEFF7, 0xA60F, 0x3AA2, 0x5365, 0x3AA2, 0x7CAA,
  0xE7F8, 0xC6F3, 0xDFD6, 0xE7F7, 0xE7F7, 0xE7D7, 0xB671, 0xDFD6, 0xE7F6, 0xE7F7, 0xE7F9, 0xE7F9,
  0xDFD8, 0xEFF9, 0xBED3, 0x4B04, 0x4B05, 0x4B06, 0x4B05, 0x42E4, 0x4B24, 0x4B23, 0x5345, 0x42E4,
  0x4B04, 0x4B04, 0x4B05, 0x4B05, 0x4B06, 0x4B05, 0x4B05, 0x4B24, 0x4B03, 0x5364, 0xB670, 0xBED1,
  0xC753, 0xBF11, 0xC773, 0xB6F0, 0xB6F0, 0xBEF0, 0xBEF0, 0xBEF0, 0xBEF0, 0xBEF0, 0xBEF0, 0xBEF0,
  0xBEF0, 0xBEF0, 0xBEF0, 0xBEF0, 0xBEF0, 0xBEF0, 0xBEF0, 0xBF10, 0xBF10, 0xB710, 0xB710, 0xBF10,
  0xBF0F, 0xBF0F, 0xBEF0, 0xBEF0, 0xBF10, 0xBF10, 0xBF10, 0xBEF0, 0xBEF1, 0xBEF1, 0xBEF0, 0xBF10,
  0xBF10, 0xB6F0, 0xB6EF, 0xB6EF, 0xBF10, 0xBF10, 0xBF10, 0xB6EF, 0xBF10, 0xBEF0, 0xBEF0, 0xBF11,
  0xBF11, 0xBF10, 0xBEF0, 0xBF10, 0xBF10, 0xBF11, 0xBF11, 0xBF11, 0xBF10, 0xBF10, 0xBF11, 0xBF10,
  0xBF30, 0xBF10, 0xBEF0, 0xBEF0, 0xBEF0, 0xBEF0, 0xBEF0, 0xBF10, 0xBEF0, 0xBEEF, 0xBF10, 0xBF10,
  0xBF10, 0xBEF0, 0xBEF0, 0xBEF0, 0xB6D0, 0xBF11, 0xB6B0, 0xCF93, 0xCF93, 0xB6B0, 0xC753, 0xC752,
  0xD7D4, 0xBEF1, 0xDFD5, 0xAE70, 0x42C3, 0x4B45, 0x42C3, 0x7469, 0xE7F7, 0xC713, 0xDFF6, 0xE7F7,
  0xDFD7, 0x9DAE, 0x6C08, 0xE7F7, 0xD795, 0xD795, 0xDFD7, 0xDFD7, 0xDFD7, 0xEFF9, 0xBEB3, 0x4B25,
  0x4B05, 0x4B05, 0x4B05, 0x4B05, 0x4B04, 0x4B04, 0x4B04, 0x4B04, 0x4B04, 0x4B04, 0x4B05, 0x4B05,
  0x4B05, 0x4B05, 0x4B05, 0x4B04, 0x4B23, 0x5384, 0xB6B0, 0xBF11, 0xB6F0, 0xB6F0, 0xBF10, 0xBF10,
  0xBEF0, 0xBEF0, 0xBEF0, 0xBEF0, 0xBEF0, 0xBEF0, 0xBEF0, 0xBEF0, 0xBEF0, 0xBEF0, 0xBEF0, 0xBEF0,
  0xBEF0, 0xBEF0, 0xBEF0, 0xBEF0, 0xBEF0, 0xBEF0, 0xBEF0, 0xBEF0, 0xBEF0, 0xBEF0, 0xBEF0, 0xBEF0,
  0xB6F0, 0xBF10, 0xBF10, 0xBF10, 0xB6F0, 0xB6F0, 0xB6F0, 0xBEF0, 0xB6F0, 0xBEF0, 0xBF10, 0xBF10,
  0xBF10, 0xBF10, 0xBF11, 0xBF31, 0xB6F0, 0xB6AF, 0xAE8E, 0xAE8E, 0xAE8E, 0xAE8E, 0xAE8E, 0xAE8F,
  0xAE8E, 0xAE8E, 0xAE8E, 0xAE8E, 0xAE8E, 0xAE8E, 0xAE8E, 0xAE8E, 0xA66E, 0xAEAF, 0xB6F0, 0xBF31,
  0xBF31, 0xBF10, 0xBF10, 0xBF10, 0xBF10, 0xBF10, 0xB6EF, 0xB6EF, 0xB6F0, 0xB6F0, 0xBF10, 0xBF10,
  0xB6D0, 0xBF11, 0xB6B0, 0xC732, 0xC732, 0xB6AF, 0xBF11, 0xBEF1, 0xBF32, 0xC752, 0xBEF2, 0x7CCA,
  0x42E3, 0x4B04, 0x42E3, 0x7CAA, 0xDFD6, 0xC713, 0xDFD6, 0xE7F7, 0xB671, 0x4B24, 0x63E8, 0xE7F8,
  0xC713, 0xBEF2, 0xE7F7, 0xEFF8, 0xE7F8, 0xE7F8, 0xC6F4, 0x42C4, 0x4B05, 0x4B05, 0x4B05, 0x4B05,
  0x4B05, 0x4B04, 0x4B04, 0x4B04, 0x4B04, 0x4B04, 0x4B05, 0x4B05, 0x4B05, 0x4B05, 0x4B05, 0x4B04,
  0x4303, 0x4B43, 0xB690, 0xBEF0, 0xBF11, 0xBF11, 0xBF10, 0xB6D0, 0xBEF0, 0xBEF0, 0xBEF0, 0xBEF0,
  0xBEF0, 0xBEF0, 0xBEF0, 0xBEF0, 0xBEF0, 0xBEF0, 0xBEF0, 0xBEF0, 0xBEF0, 0xBEF0, 0xBEF0, 0xBEF0,
  0xBEF0, 0xBEF0, 0xBEF0, 0xBEF0, 0xBEF0, 0xBEF0, 0xBEF0, 0xBEF0, 0xB6F0, 0xBEF0, 0xBEF0, 0xBEF0,
  0xBEF0, 0xBEF0, 0xBF10, 0xBF10, 0xBF10, 0xBF10, 0xBF10, 0xB6F0, 0xAEAF, 0xAE8E, 0xAE8E, 0xAEAF,
  0xA66E, 0x9E2D, 0x95EC, 0x95EC, 0x95EC, 0x9DEC, 0x95EC, 0x95EC, 0x95EC, 0x95EC, 0x95EC, 0x95EC,
  0x95EC, 0x95EC, 0x95EC, 0x95EC, 0x9E0C, 0x9E2D, 0xA66E, 0xAE8F, 0xAE8F, 0xAE8F, 0xB6CF, 0xBF10,
  0xBF30, 0xBF10, 0xB6EF, 0xBF10, 0xBF10, 0xBEF0, 0xBEF0, 0xBEF0, 0xB6F0, 0xBF11, 0xB6F0, 0xBF11,
  0xBF10, 0xB6F0, 0xBEF0, 0xB6D0, 0xB6F0, 0xC752, 0x9DED, 0x4323, 0x4B24, 0x4B04, 0x4B04, 0x63C7,
  0xCF34, 0xC733, 0xE7F7, 0xE7F7, 0x84EB, 0x3261, 0x6C29, 0xEFF9, 0xCF54, 0xAE70, 0xDFF7, 0xA630,
  0xC714, 0xE7F8, 0xC6F4, 0x4B05, 0x4B05, 0x4B05, 0x4B05, 0x4B05, 0x4B05, 0x4B04, 0x4B04, 0x4B04,
  0x4B04, 0x4B04, 0x4B05, 0x4B05, 0x4B05, 0x4B05, 0x4B05, 0x4B05, 0x4B24, 0x4B23, 0xBED1, 0xBED0,
  0xC732, 0xA66E, 0xBF11, 0xBF11, 0xBEF0, 0xBEF0, 0xBEF0, 0xBEF0, 0xBEF0, 0xBEF0, 0xBEF0, 0xBEF0,
  0xBEF0, 0xBEF0, 0xBEF0, 0xBEF0, 0xBEF0, 0xBEF0, 0xBEF0, 0xBEF0, 0xBEF0, 0xBEF0, 0xBEF0, 0xBEF0,
  0xBEF0, 0xBEF0, 0xBEF0, 0xBEF0, 0xBF10, 0xB6F0, 0xB6D0, 0xB6F0, 0xBF10, 0xBF31, 0xBF10, 0xB6F0,
  0xAEAF, 0xAEAF, 0xAE8F, 0xA66E, 0x9E0D, 0x95EC, 0x95EC, 0x9DEC, 0x9E0D, 0x9DEC, 0x95EC, 0x9DEC,
  0x9E0C, 0x9DEC, 0x95EC, 0x95EC, 0x9DEC, 0x9DEC, 0x9DEC, 0x9DEC, 0x9DEC, 0x9DEC, 0x9DEC, 0x9DEC,
  0x95EC, 0x9DEC, 0x9E0C, 0x9DEC, 0x95EC, 0x9DEC, 0xA64D, 0xAE8E, 0xAE8E, 0xAEAE, 0xB6CF, 0xBF10,
  0xBF30, 0xBF10, 0xB6F0, 0xB6EF, 0xBF10, 0xBEF0, 0xBF10, 0xBEF0, 0xBEF0, 0xBF10, 0xB6F0, 0xBEF0,
  0xBF11, 0xBF11, 0x9DEE, 0x4303, 0x4B24, 0x4B04, 0x4B25, 0x3AA2, 0xAE30, 0xD774, 0xCF74, 0xDFD6,
  0x6C49, 0x42C3, 0x746A, 0xE7D8, 0xC714, 0xD795, 0xC6F3, 0x2A41, 0x8D2C, 0xF7FA, 0xBEB3, 0x42E4,
  0x4B05, 0x4B05, 0x4B05, 0x4B05, 0x4B05, 0x4B04, 0x4B04, 0x4B04, 0x4B04, 0x4B04, 0x4B05, 0x4B05,
  0x4B05, 0x4B05, 0x4B05, 0x4B05, 0x4B04, 0x4B44, 0xBEB1, 0xBEF1, 0x9E0D, 0x5C05, 0x8DAC, 0xBF32,
  0xBEF0, 0xBEF0, 0xBEF0, 0xBEF0, 0xBEF0, 0xBEF0, 0xBEF0, 0xBEF0, 0xBEF0, 0xBEF0, 0xBEF0, 0xBEF0,
  0xBEF0, 0xBEF0, 0xBEF0, 0xBEF0, 0xBEF0, 0xBEF0, 0xBEF0, 0xBEF0, 0xBEF0, 0xBEF0, 0xBEF0, 0xBEF0,
  0xBF10, 0xBF10, 0xBF10, 0xBF10, 0xBEF0, 0xB6D0, 0xAEAF, 0xAE8E, 0x9E0C, 0x9E0C, 0x9E0C, 0x95EC,
  0x95EC, 0x95EC, 0x95EC, 0x9DEC, 0x95EC, 0x95EC, 0x9E0C, 0x9E0D, 0x9E0D, 0x9E0C, 0x9E0C, 0x9E0C,
  0x9E0C, 0x9E0C, 0x9E0C, 0x9E0C, 0x9E0C, 0x9E0C, 0x9E0C, 0x9E0C, 0x95EC, 0x95EC, 0x9DEC, 0x9E0C,
  0x95EC, 0x95EC, 0x95EC, 0x9E0C, 0x95EC, 0x9E0C, 0x9E2D, 0xAE8E, 0xB6CF, 0xB6F0, 0xBF10, 0xBF10,
  0xBF10, 0xB6CF, 0xB6F0, 0xB6F0, 0xBEF0, 0xBF10, 0xB6CF, 0xBF10, 0xBF10, 0xBF11, 0xAE6F, 0x4B64,
  0x4B24, 0x4B04, 0x5345, 0x3AC3, 0x958D, 0xC713, 0xB6B1, 0xCF74, 0x748A, 0x3AA3, 0x63C8, 0xD776,
  0xCF34, 0xA630, 0xA5EF, 0x5365, 0x4304, 0xBEB3, 0xAE31, 0x4B25, 0x4B05, 0x4B05, 0x4B05, 0x4B05,
  0x4B05, 0x4B05, 0x4B04, 0x4B04, 0x4B04, 0x4B04, 0x4B05, 0x4B05, 0x4B05, 0x4B05, 0x4B05, 0x4B05,
  0x4304, 0x4B44, 0xB691, 0xCF53, 0x7CE9, 0x32A0, 0x6426, 0xBF11, 0xBEF0, 0xBEF0, 0xBEF0, 0xBEF0,
  0xBEF0, 0xBEF0, 0xBEF0, 0xBEF0, 0xBEF0, 0xBEF0, 0xBEF0, 0xBEF0, 0xBEF0, 0xBEF0, 0xBEF0, 0xBEF0,
  0xBEF0, 0xBEF0, 0xBEF0, 0xBEF0, 0xBEF0, 0xBEF0, 0xBEF0, 0xBEF0, 0xB6F0, 0xBF10, 0xBF31, 0xBEF0,
  0xAE8F, 0xA62D, 0x9E0C, 0x9E0C, 0x95EC, 0x95EC, 0x95EC, 0x95EC, 0x95EC, 0x9E0C, 0x9E0C, 0x9E0C,
  0x95EC, 0x95EC, 0x95EC, 0x9DEC, 0x95EC, 0x95CC, 0x95EC, 0x9E0C, 0x95EC, 0x95EC, 0x95EC, 0x95EC,
  0x95EC, 0x95EC, 0x95EC, 0x95EC, 0x9E0C, 0x9DEC, 0x9E0C, 0x9E0C, 0x9E0C, 0x9E0C, 0x95EC, 0x95EC,
  0x95EC, 0x95CB, 0x95CB, 0x9E0C, 0xA62D, 0xAE8E, 0xB6CF, 0xBF10, 0xBF10, 0xB6CF, 0xBEF0, 0xBF10,
  0xBEF0, 0xB6F0, 0xB6CF, 0xBF10, 0xB6F0, 0xBF11, 0x8D6B, 0x4303, 0x4B04, 0x4B04, 0x4B04, 0x4B45,
  0x42E3, 0x958D, 0xD795, 0x850B, 0x42E3, 0x4B45, 0x42E4, 0x84EC, 0xDFD7, 0x63E7, 0x3AC3, 0x4324,
  0x4304, 0xBEB3, 0x5BA7, 0x3AC3, 0x4B05, 0x4B05, 0x4B05, 0x4B05, 0x4B05, 0x4B05, 0x4B04, 0x4B04,
  0x4B04, 0x4B04, 0x4B05, 0x4B05, 0x4B05, 0x4B05, 0x4B05, 0x4B05, 0x4B25, 0x4B45, 0xBEB2, 0xBED2,
  0x6C47, 0x4302, 0x5BE6, 0xBF11, 0xBEF0, 0xBEF0, 0xBEF0, 0xBEF0, 0xBEF0, 0xBEF0, 0xBEF0, 0xBEF0,
  0xBEF0, 0xBEF0, 0xBEF0, 0xBEF0, 0xBEF0, 0xBEF0, 0xBEF0, 0xBEF0, 0xBEF0, 0xBEF0, 0xBEF0, 0xBEF0,
  0xBEF0, 0xBEF0, 0xBEF0, 0xBEF0, 0xB6F0, 0xB6F0, 0xB6CF, 0xAE8E, 0x9E2D, 0x95EC, 0x95CC, 0x95EC,
  0x9E0C, 0x9E0C, 0x9E0C, 0x9E0C, 0x9DEC, 0x9DEC, 0x95EC, 0x95EC, 0x9E0D, 0x9E0C, 0x9E0C, 0x9E0C,
  0x9E0C, 0x9DEC, 0x9E0C, 0x9E0D, 0x9E0C, 0x9E0C, 0x9E0C, 0x9E0C, 0x9E0C, 0x9E0C, 0x9E0C, 0x9E0C,
  0x9E0C, 0x9DEC, 0x95EC, 0x95EC, 0x9DEC, 0x9DEC, 0x9E0C, 0x9E0C, 0x9E0D, 0x9E0C, 0x95EC, 0x95EB,
  0x95EC, 0x9E0C, 0xA66D, 0xAEAE, 0xB6CF, 0xBF10, 0xBF10, 0xBF10, 0xBF10, 0xBF10, 0xBF10, 0xB6F0,
  0xBEF0, 0xB6D0, 0x5BC5, 0x3AA2, 0x4B24, 0x4B25, 0x42E4, 0x4B25, 0x4303, 0x53A6, 0xD7B5, 0x8D4C,
  0x4304, 0x5386, 0x3262, 0x6C29, 0xBE92, 0x5386, 0x4304, 0x4304, 0x4B04, 0xB672, 0x5B87, 0x4304,
  0x4B05, 0x4B05, 0x4B05, 0x4B05, 0x4B05, 0x4B05, 0x4B04, 0x4B04, 0x4B04, 0x4B05, 0x4B05, 0x4B05,
  0x4B05, 0x4B05, 0x4B05, 0x4B05, 0x42E4, 0x4B04, 0xBEB2, 0x8D4C, 0x4303, 0x4323, 0x6427, 0xBEF1,
  0xBEF0, 0xBEF0, 0xBEF0, 0xBEF0, 0xBEF0, 0xBEF0, 0xBEF0, 0xBEF0, 0xBEF0, 0xBEF0, 0xBEF0, 0xBEF0,
  0xBEF0, 0xBEF0, 0xBEF0, 0xBEF0, 0xBEF0, 0xBEF0, 0xBEF0, 0xBEF0, 0xBEF0, 0xBEF0, 0xBEF0, 0xBEF0,
  0xBF31, 0xB6AF, 0xA62D, 0x95EC, 0x95EC, 0x9DEC, 0x9E0C, 0x9E0C, 0x95EC, 0x95EC, 0x95EC, 0x9DEC,
  0x95EC, 0x95EC, 0x95EC, 0x9DEC, 0x9DEC, 0x95EC, 0x95EC, 0x95EC, 0x9DEC, 0x95EC, 0x95EC, 0x95EC,
  0x9DEC, 0x9DEC, 0x9DEC, 0x9DEC, 0x9DEC, 0x9DEC, 0x9DEC, 0x9DEC, 0x9DEC, 0x95EC, 0x95EC, 0x9DEC,
  0x9DEC, 0x95EC, 0x95EC, 0x9DEC, 0x95EC, 0x95EC, 0x9E0C, 0x9E0C, 0x95EC, 0x95CB, 0x95EC, 0x9E0C,
  0xAE8E, 0xBF10, 0xBF10, 0xB6F0, 0xB6EF, 0xBF10, 0xBF30, 0xB6CF, 0xBF11, 0xB6B0, 0x4323, 0x4B44,
  0x4B25, 0x4B05, 0x4B04, 0x4B05, 0x4B04, 0x4B44, 0xAE71, 0x956D, 0x3AC2, 0x4B04, 0x4B25, 0x4B05,
  0x4B25, 0x4B45, 0x4B24, 0x4B25, 0x4B25, 0x42E4, 0x4B05, 0x4B05, 0x4B05, 0x4B05, 0x4B05, 0x4B05,
  0x4B05, 0x4B05, 0x4B05, 0x4B04, 0x4B05, 0x4B05, 0x4B05, 0x4B05, 0x4B05, 0x4B05, 0x4B05, 0x4B05,
  0x4B25, 0x5345, 0xA5F0, 0x4B44, 0x4323, 0x42E2, 0x6406, 0xBEF1, 0xBEF0, 0xBEF0, 0xBEF0, 0xBEF0,
  0xBEF0, 0xBEF0, 0xBEF0, 0xBF10, 0xBEF0, 0xBEF0, 0xBEF0, 0xBEF0, 0xBEF0, 0xBEF0, 0xBEF0, 0xBEF0,
  0xB6F0, 0xB6F0, 0xBF10, 0xBF10, 0xB6EF, 0xBEF0, 0xBF10, 0xBEF0, 0xB6F0, 0xA64D, 0x95EC, 0x9DEC,
  0x9E0C, 0x95EC, 0x95EC, 0x9E0C, 0x9DEC, 0x9DEC, 0x9DEC, 0x9DEC, 0x9DEC, 0x9DEC, 0x9DEC, 0x9DEC,
  0x9DEC, 0x9DEC, 0x9DEC, 0x9DEC, 0x9DEC, 0x9DEC, 0x9DEC, 0x9DEC, 0x9DEC, 0x9DEC, 0x9DEC, 0x9DEC,
  0x9DEC, 0x9DEC, 0x9DEC, 0x9DEC, 0x9DEC, 0x9DEC, 0x9DEC, 0x9DEC, 0x9DEC, 0x9DEC, 0x9DEC, 0x9DEC,
  0x9DEC, 0x9DEC, 0x9DEC, 0x9DEC, 0x9DEC, 0x9DEC, 0x9DEC, 0x9DEC, 0x9E0C, 0x9E0C, 0xBF30, 0xBF10,
  0xBEF0, 0xB6F0, 0xBF10, 0xB6F0, 0xBF11, 0xB6B0, 0x5384, 0x4303, 0x4B24, 0x4B05, 0x4B05, 0x4B05,
  0x4B24, 0x4B24, 0x4B24, 0x4B24, 0x4B24, 0x4B25, 0x4B05, 0x4B25, 0x4B24, 0x4B24, 0x4B24, 0x4B24,
  0x4B25, 0x4B05, 0x4B05, 0x4B05, 0x4B05, 0x4B05, 0x4B05, 0x4B05, 0x4B05, 0x4B05, 0x4B05, 0x4B05,
  0x4B05, 0x4B05, 0x4B05, 0x4B05, 0x4B05, 0x4B05, 0x4B05, 0x4B05, 0x4AE4, 0xA5CF, 0x9DCF, 0x4304,
  0x4B24, 0x4323, 0x6427, 0xBEF1, 0xBEF0, 0xBEF0, 0xBEF0, 0xBEF0, 0xBEF0, 0xBEF0, 0xBEF0, 0xBF10,
  0xBEF0, 0xBEF0, 0xBEF0, 0xBEF0, 0xBEF0, 0xBEF0, 0xBEF0, 0xBEF0, 0xBEF0, 0xB6F0, 0xBF10, 0xBF10,
  0xB6F0, 0xBEF0, 0xBF10, 0xB6F0, 0xAE6E, 0x9E0D, 0x95CC, 0x95EC, 0x9E0C, 0x9DEC, 0x95EC, 0x9E0C,
  0x9DEC, 0x9DEC, 0x9DEC, 0x9DEC, 0x9DEC, 0x9DEC, 0x9DEC, 0x9DEC, 0x9DEC, 0x9DEC, 0x9DEC, 0x9DEC,
  0x9DEC, 0x9DEC, 0x9DEC, 0x9DEC, 0x9DEC, 0x9DEC, 0x9DEC, 0x9DEC, 0x9DEC, 0x9DEC, 0x9DEC, 0x9DEC,
  0x9DEC, 0x9DEC, 0x9DEC, 0x9DEC, 0x9DEC, 0x9DEC, 0x9DEC, 0x9DEC, 0x9DEC, 0x9DEC, 0x9DEC, 0x9DEC,
  0x9DEC, 0x9DEC, 0x9DEC, 0x9DEC, 0x9E0C, 0x95EC, 0xAEAF, 0xAEAF, 0xC731, 0xB6F0, 0xBF10, 0xBF10,
  0xBF11, 0xB6B0, 0x5384, 0x4303, 0x4B24, 0x4B05, 0x4B05, 0x4B05, 0x4B04, 0x4B24, 0x4B24, 0x4B24,
  0x4B24, 0x4B05, 0x4B05, 0x4B05, 0x4B05, 0x4B24, 0x4B04, 0x4B05, 0x4B05, 0x4B05, 0x4B05, 0x4B05,
  0x4B05, 0x4B05, 0x4B05, 0x4B05, 0x4B05, 0x4B05, 0x4B05, 0x4B05, 0x4B05, 0x4B05, 0x4B05, 0x4B05,
  0x4B05, 0x4B05, 0x4B05, 0x4B05, 0x42E4, 0xA5F0, 0x6C49, 0x42E3, 0x4B44, 0x4303, 0x5BE6, 0xBF11,
  0xBEF0, 0xBEF0, 0xBEF0, 0xBEF0, 0xBEF0, 0xBEF0, 0xBEF0, 0xBF10, 0xBEF0, 0xBEF0, 0xBEF0, 0xBEF0,
  0xBEF0, 0xBEF0, 0xBEF0, 0xBEF0, 0xBF10, 0xB6F0, 0xBEF0, 0xBF10, 0xB6F0, 0xBEF0, 0xBEF0, 0xB6CF,
  0x9E0C, 0x95EC, 0x95EC, 0x95EC, 0x9E0C, 0x9E0C, 0x9DEC, 0x9DEC, 0x9DEC, 0x9DEC, 0x9DEC, 0x9DEC,
  0x9DEC, 0x9DEC, 0x9DEC, 0x9DEC, 0x9DEC, 0x9DEC, 0x9DEC, 0x9DEC, 0x9DEC, 0x9DEC, 0x9DEC, 0x9DEC,
  0x9DEC, 0x9DEC, 0x9DEC, 0x9DEC, 0x9DEC, 0x9DEC, 0x9DEC, 0x9DEC, 0x9DEC, 0x9DEC, 0x9DEC, 0x9DEC,
  0x9DEC, 0x9DEC, 0x9DEC, 0x9DEC, 0x9DEC, 0x9DEC, 0x9DEC, 0x9DEC, 0x9DEC, 0x9DEC, 0x9DEC, 0x9DEC,
  0x95CB, 0x9E0C, 0xAEAF, 0xBEF0, 0xBF10, 0xB6F0, 0xBF10, 0xB6CF, 0xBF11, 0xB6B0, 0x5384, 0x4303,
  0x4B25, 0x4B05, 0x4B05, 0x4B05, 0x4B05, 0x4B24, 0x4B24, 0x4B24, 0x4B24, 0x4B05, 0x4B05, 0x4B05,
  0x4B05, 0x4B05, 0x4B05, 0x4B05, 0x4B05, 0x4B05, 0x4B05, 0x4B05, 0x4B05, 0x4B05, 0x4B05, 0x4B05,
  0x4B05, 0x4B05, 0x4B05, 0x4B05, 0x4B05, 0x4B05, 0x4B05, 0x4B05, 0x4B04, 0x4B04, 0x4B05, 0x4B05,
  0x4B25, 0x5BA7, 0x42E4, 0x4B04, 0x4B44, 0x4303, 0x6C47, 0xC711, 0xBEF0, 0xBEF0, 0xBEF0, 0xBEF0,
  0xBEF0, 0xBEF0, 0xBEF0, 0xBF10, 0xBEF0, 0xBEF0, 0xBEF0, 0xBEF0, 0xBEF0, 0xBEF0, 0xBEF0, 0xBEF0,
  0xBF10, 0xB6F0, 0xB6F0, 0xBEF0, 0xB6F0, 0xBF10, 0xB6F0, 0xAEAF, 0x95EC, 0x9E0C, 0x9E0C, 0x9DEC,
  0x9DEC, 0x9E0C, 0x9E0C, 0x95EC, 0x9DEC, 0x9DEC, 0x9DEC, 0x9DEC, 0x9DEC, 0x9DEC, 0x9DEC, 0x9DEC,
  0x9DEC, 0x9DEC, 0x9DEC, 0x9DEC, 0x9DEC, 0x9DEC, 0x9DEC, 0x9DEC, 0x9DEC, 0x9DEC, 0x9DEC, 0x9DEC,
  0x9DEC, 0x9DEC, 0x9DEC, 0x9DEC, 0x9DEC, 0x9DEC, 0x9DEC, 0x9DEC, 0x9DEC, 0x9DEC, 0x9DEC, 0x9DEC,
  0x9DEC, 0x9DEC, 0x9DEC, 0x9DEC, 0x9DEC, 0x9DEC, 0x9DEC, 0x9DEC, 0x9E0C, 0x95CB, 0x95EC, 0xBF11,
  0xAEAF, 0xB6F0, 0xC731, 0xB6D0, 0xBF11, 0xB6B0, 0x5384, 0x4303, 0x4B05, 0x4B05, 0x4B05, 0x4B05,
  0x4B05, 0x4B24, 0x4B24, 0x4B24, 0x4B24, 0x4B05, 0x4B05, 0x4B05, 0x4B05, 0x4B05, 0x4B05, 0x4B05,
  0x4B05, 0x4B05, 0x4B05, 0x4B05, 0x4B05, 0x4B05, 0x4B05, 0x4B05, 0x4B05, 0x4B05, 0x4B05, 0x4B05,
  0x4B05, 0x4B05, 0x4B05, 0x4B05, 0x4B04, 0x4B04, 0x4B04, 0x4B05, 0x5346, 0x42A3, 0x4B25, 0x4B04,
  0x4B24, 0x5364, 0x9DCD, 0xBEF1, 0xBEF0, 0xBEF0, 0xBEF0, 0xBEF0, 0xBEF0, 0xBEF0, 0xBEF0, 0xBF10,
  0xBEF0, 0xBEF0, 0xBEF0, 0xBEF0, 0xBEF0, 0xBEF0, 0xBEF0, 0xBEF0, 0xBF10, 0xB6F0, 0xB6F0, 0xBEF0,
  0xBEF0, 0xBF10, 0xB6F0, 0xAE8E, 0x95EC, 0x9E0C, 0x9E0C, 0x9DEC, 0x95EC, 0x9E0C, 0x9E0C, 0x9DEC,
  0x9DEC, 0x9DEC, 0x9DEC, 0x9DEC, 0x9DEC, 0x9DEC, 0x9DEC, 0x9DEC, 0x9DEC, 0x9DEC, 0x9DEC, 0x9DEC,
  0x9DEC, 0x9DEC, 0x9DEC, 0x9DEC, 0x9DEC, 0x9DEC, 0x9DEC, 0x9DEC, 0x9DEC, 0x9DEC, 0x9DEC, 0x9DEC,
  0x9DEC, 0x9DEC, 0x9DEC, 0x9DEC, 0x9DEC, 0x9DEC, 0x9DEC, 0x9DEC, 0x9DEC, 0x9DEC, 0x9DEC, 0x9DEC,
  0x9DEC, 0x9DEC, 0x9DEC, 0x9DEC, 0x9E0D, 0x9E0C, 0x9E0D, 0xC732, 0xC732, 0xB6AF, 0xB6D0, 0xBF11,
  0xBF11, 0xB6B0, 0x5364, 0x4303, 0x4B05, 0x4B05, 0x4B05, 0x4B05, 0x4B05, 0x4B24, 0x4B24, 0x4B24,
  0x4B24, 0x4B05, 0x4B05, 0x4B05, 0x4B05, 0x4B05, 0x4B05, 0x4B05, 0x4B05, 0x4B05, 0x4B05, 0x4B05,
  0x4B05, 0x4B05, 0x4B05, 0x4B05, 0x4B05, 0x4B05, 0x4B05, 0x4B05, 0x4B05, 0x4B05, 0x4B05, 0x4B05,
  0x4B04, 0x4B04, 0x4B04, 0x4B04, 0x4B05, 0x4B05, 0x5366, 0x42E4, 0x4B24, 0x5364, 0xBED1, 0xBF11,
  0xBEF0, 0xBEF0, 0xBEF0, 0xBEF0, 0xBEF0, 0xBEF0, 0xBEF0, 0xBF10, 0xBEF0, 0xBEF0, 0xBEF0, 0xBEF0,
  0xBEF0, 0xBEF0, 0xBEF0, 0xBEF0, 0xBF10, 0xB6F0, 0xB6F0, 0xBEF0, 0xBEF0, 0xBF10, 0xB6F0, 0xAEAF,
  0x95EC, 0x9DEC, 0x9DEC, 0x95EC, 0x95EC, 0x9DEC, 0x9E0C, 0x9E0C, 0x9DEC, 0x9DEC, 0x9DEC, 0x9DEC,
  0x9DEC, 0x9DEC, 0x9DEC, 0x9DEC, 0x9DEC, 0x9DEC, 0x9DEC, 0x9DEC, 0x9DEC, 0x9DEC, 0x9DEC, 0x9DEC,
  0x9DEC, 0x9DEC, 0x9DEC, 0x9DEC, 0x9DEC, 0x9DEC, 0x9DEC, 0x9DEC, 0x9DEC, 0x9DEC, 0x9DEC, 0x9DEC,
  0x9DEC, 0x9DEC, 0x9DEC, 0x9DEC, 0x9DEC, 0x9DEC, 0x9DEC, 0x9DEC, 0x9DEC, 0x9DEC, 0x9DEC, 0x9DEC,
  0x95EC, 0x9E2D, 0x8DAB, 0x8D6B, 0xC752, 0xBF32, 0xB6F1, 0xB6F0, 0xBF11, 0xB6B0, 0x5364, 0x4303,
  0x4B05, 0x4B05, 0x4B05, 0x4B05, 0x4B05, 0x4B25, 0x4B24, 0x4B24, 0x4B24, 0x4B05, 0x4B05, 0x4B05,
  0x4B05, 0x4B05, 0x4B05, 0x4B05, 0x4B05, 0x4B05, 0x4B05, 0x4B05, 0x4B05, 0x4B05, 0x4B05, 0x4B05,
  0x4B05, 0x4B05, 0x4B05, 0x4B05, 0x4B05, 0x4B05, 0x4B05, 0x4B04, 0x4B04, 0x4B04, 0x4B04, 0x4B04,
  0x4AE4, 0x4B25, 0x4B05, 0x4B04, 0x4B24, 0x4B44, 0xBEB0, 0xC711, 0xBEF0, 0xBEF0, 0xBEF0, 0xBEF0,
  0xBEF0, 0xBEF0, 0xBEF0, 0xBF10, 0xBEF0, 0xBEF0, 0xBEF0, 0xBEF0, 0xBEF0, 0xBEF0, 0xBEF0, 0xBEF0,
  0xBEF0, 0xB6F0, 0xBEF0, 0xBF10, 0xB6F0, 0xBF10, 0xBEF0, 0xB6AF, 0x9DEC, 0x95EC, 0x95EC, 0x9DEC,
  0x9DEC, 0x9DEC, 0x9DEC, 0x9E0C, 0x9DEC, 0x9DEC, 0x9DEC, 0x9DEC, 0x9DEC, 0x9DEC, 0x9DEC, 0x9DEC,
  0x9DEC, 0x9DEC, 0x9DEC, 0x9DEC, 0x9DEC, 0x9DEC, 0x9DEC, 0x9DEC, 0x9DEC, 0x9DEC, 0x9DEC, 0x9DEC,
  0x9DEC, 0x9DEC, 0x9DEC, 0x9DEC, 0x9DEC, 0x9DEC, 0x9DEC, 0x9DEC, 0x9DEC, 0x9DEC, 0x9DEC, 0x9DEC,
  0x9DEC, 0x9DEC, 0x9DEC, 0x9DEC, 0x9DEC, 0x9DEC, 0x9DEC, 0x9DEC, 0x9E0D, 0x8DAB, 0x5C25, 0x4322,
  0x7D09, 0xB6D0, 0xBEF1, 0xB6F1, 0xBF11, 0xB6B0, 0x5364, 0x4303, 0x4B05, 0x4B05, 0x4B05, 0x4B05,
  0x4B05, 0x4B05, 0x4B24, 0x4B24, 0x4B24, 0x4B05, 0x4B05, 0x4B05, 0x4B05, 0x4B05, 0x4B05, 0x4B05,
  0x4B05, 0x4B05, 0x4B05, 0x4B05, 0x4B05, 0x4B05, 0x4B05, 0x4B05, 0x4B05, 0x4B05, 0x4B05, 0x4B05,
  0x4B05, 0x4B05, 0x4B05, 0x4B04, 0x4B04, 0x4B04, 0x4B04, 0x4B05, 0x5325, 0x4AE4, 0x42E4, 0x5345,
  0x4303, 0x5BA5, 0xB66F, 0xBED0, 0xBEF0, 0xBF10, 0xBF10, 0xBF10, 0xBF10, 0xBEF0, 0xBEF0, 0xBF10,
  0xBEF0, 0xBEF0, 0xBEF0, 0xBEF0, 0xBEF0, 0xBEF0, 0xBEF0, 0xBEF0, 0xBEF0, 0xB6F0, 0xBEF0, 0xBF10,
  0xB6F0, 0xBF10, 0xBEF0, 0xB6CF, 0x9E0C, 0x9E0C, 0x9DEC, 0x9E0C, 0x9E0C, 0x95EC, 0x95EC, 0x95EC,
  0x9DEC, 0x9DEC, 0x9DEC, 0x9DEC, 0x9DEC, 0x9DEC, 0x9DEC, 0x9DEC, 0x9DEC, 0x9DEC, 0x9DEC, 0x9DEC,
  0x9DEC, 0x9DEC, 0x9DEC, 0x9DEC, 0x9DEC, 0x9DEC, 0x9DEC, 0x9DEC, 0x9DEC, 0x9DEC, 0x9DEC, 0x9DEC,
  0x9DEC, 0x9DEC, 0x9DEC, 0x9DEC, 0x9DEC, 0x9DEC, 0x9DEC, 0x9DEC, 0x9DEC, 0x9DEC, 0x9DEC, 0x9DEC,
  0x9DEC, 0x9DEC, 0x9DEC, 0x9DEC, 0x9E0D, 0x95CC, 0x8529, 0x6C87, 0x3AE1, 0x6C67, 0x95AD, 0xC733,
  0xBEF2, 0xB690, 0x5365, 0x4304, 0x4B05, 0x4B05, 0x4B05, 0x4B05, 0x4B05, 0x4B05, 0x4B04, 0x4B04,
  0x4B04, 0x4B05, 0x4B05, 0x4B05, 0x4B05, 0x4B05, 0x4B05, 0x4B05, 0x4B05, 0x4B05, 0x4B05, 0x4B05,
  0x4B05, 0x4B05, 0x4B05, 0x4B05, 0x4B05, 0x4B05, 0x4B05, 0x4B05, 0x4B05, 0x4B05, 0x4B04, 0x4B05,
  0x4B05, 0x4B05, 0x4B05, 0x4B05, 0x4B05, 0x4AE4, 0x4B25, 0x4B04, 0x4B04, 0x5344, 0xC6F2, 0xC712,
  0xB6CF, 0xC771, 0xBF0F, 0xB6CE, 0xBF30, 0xB6CF, 0xBF10, 0xBF10, 0xB6CF, 0xC731, 0xAEAF, 0xBF31,
  0xBEF0, 0xB6EF, 0xBF30, 0xBF10, 0xBEF0, 0xBEF0, 0xBEF0, 0xBEF0, 0xBEF0, 0xBEF0, 0xBEF0, 0xBEF0,
  0xAEAE, 0x9E2D, 0x95CB, 0x95EC, 0x9E0C, 0x9DEC, 0x95EC, 0x9E0C, 0x95EC, 0x9DEC, 0x9E0C, 0x9E0C,
  0x9DEC, 0x9DEC, 0x9DEC, 0x9DEC, 0x95EC, 0x95EC, 0x95EC, 0x9DEC, 0x9DEC, 0x95EC, 0x95EC, 0x9DEC,
  0x9DEC, 0x9DEC, 0x9DEC, 0x95EC, 0x95EC, 0x95EC, 0x95EC, 0x9DEC, 0x9E0C, 0x9E0C, 0x95EC, 0x95EC,
  0x95EC, 0x95EC, 0x9DEC, 0x9E0C, 0x9E0D, 0x95CC, 0x95EB, 0x9E0C, 0x9E0C, 0x95EC, 0x9E0C, 0x95CC,
  0x9DEC, 0xAE6E, 0xCF92, 0x8549, 0x4302, 0x4303, 0x4B45, 0x84EC, 0xA610, 0xCF14, 0x5365, 0x4B04,
  0x4B25, 0x42E4, 0x4B05, 0x4B25, 0x4B05, 0x4B05, 0x4B05, 0x4B05, 0x4B05, 0x4B05, 0x4B05, 0x4B05,
  0x4B05, 0x4B05, 0x4B05, 0x4B05, 0x4B05, 0x4B05, 0x4B05, 0x4B05, 0x4B05, 0x4B05, 0x4B05, 0x4B05,
  0x4B05, 0x4B05, 0x4B05, 0x4B05, 0x4B04, 0x4B04, 0x4B04, 0x4B05, 0x4B05, 0x4B05, 0x4B05, 0x4B05,
  0x42E4, 0x4B05, 0x4B05, 0x4B25, 0x4B24, 0x5344, 0x8D0B, 0xA60E, 0xC751, 0xAEAE, 0xBF30, 0xBF10,
  0xBF30, 0xAEAE, 0xBEF0, 0xB6AF, 0xBEF0, 0xBEF0, 0xBF10, 0xB6CF, 0xBEF0, 0xBF10, 0xB6EF, 0xB6CF,
  0xBEF0, 0xBEF0, 0xBEF0, 0xBEF0, 0xBEF0, 0xBEF0, 0xBEF0, 0xBEF0, 0xBF10, 0xAE6E, 0x95EC, 0x95CB,
  0x9DEC, 0x9E0C, 0x9E0C, 0x9DEC, 0x9DEC, 0x9E0C, 0x9E0C, 0x9DEC, 0x95EC, 0x95EC, 0x95EC, 0x95EC,
  0x9E0C, 0x9E0C, 0x9DEC, 0x9DEC, 0x9DEC, 0x9DEC, 0x9DEC, 0x9DEC, 0x9DEC, 0x9DEC, 0x9DEC, 0x9DEC,
  0x9DEC, 0x9E0C, 0x9E0C, 0x9E0C, 0x95CB, 0x95CC, 0x95EC, 0x9DEC, 0x9E0C, 0x9E0C, 0x9E0C, 0x9E0C,
  0x95CC, 0x95EC, 0x9E0C, 0x9E0C, 0x9E0B, 0x9DEC, 0x9E0C, 0x9DEC, 0x9E0C, 0xB6AF, 0xC730, 0xA60C,
  0x5BC5, 0x4B44, 0x4B46, 0x3A84, 0x746A, 0x8D0C, 0x4B04, 0x4B04, 0x4B04, 0x4B25, 0x4B04, 0x4B05,
  0x4B05, 0x4B05, 0x4B05, 0x4B05, 0x4B05, 0x4B05, 0x4B05, 0x4B05, 0x4B05, 0x4B05, 0x4B05, 0x4B05,
  0x4B05, 0x4B05, 0x4B05, 0x4B05, 0x4B05, 0x4B05, 0x4B05, 0x4B05, 0x4B05, 0x4B05, 0x4B05, 0x4B05,
  0x4B04, 0x4B04, 0x4B04, 0x4B05, 0x4B05, 0x4B05, 0x4B05, 0x4B05, 0x4B05, 0x4B25, 0x4B04, 0x4B04,
  0x4B24, 0x4303, 0x42C2, 0x7488, 0xC731, 0xB70F, 0xBF30, 0xB6CF, 0xBF10, 0xBF31, 0xBEF0, 0xC731,
  0xB6D0, 0xBEF0, 0xBF10, 0xBF10, 0xBF10, 0xB6EF, 0xB6EF, 0xC751, 0xBEF0, 0xBEF0, 0xBEF0, 0xBEF0,
  0xBEF0, 0xBEF0, 0xBEF0, 0xBEF0, 0xBF10, 0xB6CF, 0xAE6E, 0x9E2D, 0x95EC, 0x95EB, 0x95EC, 0x95EC,
  0x95EC, 0x95EC, 0x95EC, 0x95EC, 0x9DEC, 0x9E0C, 0x9E0C, 0x9E0C, 0x95EC, 0x95EC, 0x95EC, 0x95EC,
  0x9DEC, 0x9E0C, 0x9E0C, 0x9E0C, 0x95EC, 0x95EC, 0x95EC, 0x9DEC, 0x9DEC, 0x9DEC, 0x9DEC, 0x9DEC,
  0x9E0C, 0x9E0C, 0x9E0C, 0x95EC, 0x95EC, 0x95EC, 0x95EC, 0x95EC, 0x9DED, 0x9E0C, 0x9E0C, 0x95EB,
  0x95EB, 0x9E0C, 0x95AB, 0x8D8B, 0xC731, 0xBEF0, 0xBEEF, 0xC731, 0x74A8, 0x3AC2, 0x4B25, 0x4B05,
  0x4B05, 0x4B25, 0x4B04, 0x4B25, 0x4B04, 0x5345, 0x4B04, 0x4B05, 0x4B05, 0x4B05, 0x4B05, 0x4B05,
  0x4B05, 0x4B05, 0x4B05, 0x4B05, 0x4B05, 0x4B05, 0x4B05, 0x4B05, 0x4B05, 0x4B05, 0x4B05, 0x4B05,
  0x4B05, 0x4B05, 0x4B05, 0x4B05, 0x4B05, 0x4B05, 0x4B05, 0x4B05, 0x4B04, 0x4B04, 0x4B04, 0x4B05,
  0x4B05, 0x4B05, 0x4B05, 0x4B05, 0x4B05, 0x4B25, 0x4B04, 0x4B04, 0x5345, 0x5345, 0x3AA2, 0x7CA9,
  0xBF31, 0xBF10, 0xB6EF, 0xBEF0, 0xBF10, 0xBF10, 0xAE8F, 0xC731, 0xC732, 0xC731, 0xB6AF, 0xBEF0,
  0xBF10, 0xBF10, 0xB6EF, 0xB6CF, 0xBEF0, 0xBEF0, 0xBEF0, 0xBEF0, 0xBEF0, 0xBEF0, 0xBEF0, 0xBEF0,
  0xB6CF, 0xBF10, 0xBF10, 0xB6AF, 0xA66D, 0x9E2D, 0x9DEC, 0x95CB, 0x9E0C, 0x9E0C, 0x9DEC, 0x9DEC,
  0x9DEC, 0x95EC, 0x95EC, 0x95EC, 0x95EC, 0x9DEC, 0x9E0C, 0x9DEC, 0x9DEC, 0x9E0C, 0x9E0C, 0x9DEC,
  0x95EC, 0x95EC, 0x9DEC, 0x9DEC, 0x9DEC, 0x9DEC, 0x9DEC, 0x9DEC, 0x95EC, 0x9DEC, 0x9DEC, 0x9DEC,
  0x9DEC, 0x9DEC, 0x9E0C, 0x9E0C, 0x9DEC, 0x95EC, 0x95EB, 0x95EB, 0xA64D, 0xA64D, 0x74A8, 0x6426,
  0xAE6F, 0xBED0, 0xBF10, 0xC731, 0x8D6B, 0x4B44, 0x4304, 0x4B46, 0x42E4, 0x42C3, 0x4B25, 0x4B25,
  0x4B04, 0x4B25, 0x4B04, 0x4B25, 0x4B05, 0x4B05, 0x4B05, 0x4B05, 0x4B05, 0x4B05, 0x4B05, 0x4B05,
  0x4B05, 0x4B05, 0x4B05, 0x4B05, 0x4B05, 0x4B05, 0x4B05, 0x4B05, 0x4B05, 0x4B05, 0x4B05, 0x4B05,
  0x4B05, 0x4B05, 0x4B05, 0x4B05, 0x4B04, 0x4B04, 0x4B05, 0x4B05, 0x4B05, 0x4B05, 0x4B05, 0x4B05,
  0x4B05, 0x4B25, 0x4B04, 0x42E4, 0x5345, 0x5344, 0x4B04, 0x7CCA, 0xC752, 0xB6F0, 0xB6F0, 0xBEF0,
  0xB6D0, 0xBF11, 0xCF73, 0xB68F, 0x95CC, 0xA62E, 0xC732, 0xB6F0, 0xBEF0, 0xC751, 0xBF31, 0xBF10,
  0xBEF0, 0xBEF0, 0xBEF0, 0xBEF0, 0xBEF0, 0xBEF0, 0xBEF0, 0xBEF0, 0xBF10, 0xBF10, 0xBF10, 0xBEF0,
  0xBF10, 0xB6F0, 0xAE8E, 0x9E0C, 0x9E0C, 0x9DEC, 0x95EC, 0x9DEC, 0x9E0C, 0x9DEC, 0x9DEC, 0x9E0C,
  0x9DEC, 0x9E0C, 0x9E0C, 0x9E0C, 0x9DEC, 0x9E0C, 0x95EC, 0x95CC, 0x9E0C, 0x9E0C, 0x9E0C, 0x9E0C,
  0x9E0C, 0x9E0C, 0x9E0C, 0x9DEC, 0x95CC, 0x95EC, 0x9E0C, 0x9E0C, 0x9E0C, 0x9DEC, 0x95EC, 0x95EC,
  0x95CC, 0x95EC, 0x9E2D, 0xA66D, 0xB6CF, 0xAE8F, 0x53C5, 0x3AC1, 0x9DCD, 0xBF11, 0xB6AF, 0xBED0,
  0xB6B0, 0x6C48, 0x3AC3, 0x42E4, 0x4B25, 0x4B25, 0x4B25, 0x4B04, 0x4B25, 0x4B04, 0x4B04, 0x4B25,
  0x4B05, 0x4B05, 0x4B05, 0x4B05, 0x4B05, 0x4B05, 0x4B05, 0x4B05, 0x4B05, 0x4B05, 0x4B05, 0x4B05,
  0x4B05, 0x4B05, 0x4B05, 0x4B05, 0x4B05, 0x4B05, 0x4B05, 0x4B05, 0x4B05, 0x4B05, 0x4B05, 0x4B05,
  0x4B04, 0x4B04, 0x4B05, 0x4B05, 0x4B05, 0x4B05, 0x4B05, 0x4B05, 0x4B25, 0x4B25, 0x4B25, 0x42E4,
  0x4B04, 0x42E3, 0x4303, 0x6C48, 0xC732, 0xBEF0, 0xC731, 0xB6D0, 0xC732, 0xA62E, 0xAE6F, 0x7D0A,
  0x3AE1, 0x4B63, 0xBED0, 0xB6D0, 0xBEF0, 0xBF10, 0xB6CF, 0xBF31, 0xBEF0, 0xBEF0, 0xBEF0, 0xBEF0,
  0xBEF0, 0xBEF0, 0xBEF0, 0xBEF0, 0xBF10, 0xBF10, 0xB6F0, 0xB6F0, 0xBF10, 0xBF10, 0xBF10, 0xB6CF,
  0xA66E, 0xA64D, 0xA62D, 0xA62D, 0x9E2D, 0x95EC, 0x95EC, 0x9E0C, 0x95CB, 0x95EC, 0x95EC, 0x95EC,
  0x95EC, 0x9E0C, 0x9E0C, 0x95EC, 0x9E0C, 0x9DEC, 0x9DEC, 0x95EC, 0x95EC, 0x95EC, 0x9DEC, 0x9DEC,
  0x9DEC, 0x9DEC, 0x95EC, 0x95CC, 0x95CC, 0x95EC, 0x9E2D, 0xA64D, 0xA64D, 0xA66E, 0xB6CF, 0xB6CF,
  0xBF11, 0xB6B0, 0x4B84, 0x3AE2, 0x850B, 0xC733, 0xBED1, 0xBED1, 0xC732, 0x63E6, 0x4304, 0x4B45,
  0x4B25, 0x5345, 0x4B04, 0x42E4, 0x4B25, 0x4B04, 0x4B04, 0x4B25, 0x4B05, 0x4B05, 0x4B05, 0x4B05,
  0x4B05, 0x4B05, 0x4B05, 0x4B05, 0x4B05, 0x4B05, 0x4B05, 0x4B05, 0x4B05, 0x4B05, 0x4B05, 0x4B05,
  0x4B05, 0x4B05, 0x4B05, 0x4B05, 0x4B05, 0x4B05, 0x4B05, 0x4B05, 0x4B04, 0x4B04, 0x4B05, 0x4B05,
  0x4B05, 0x4B05, 0x4B05, 0x4B05, 0x4B05, 0x4B04, 0x4B25, 0x4B04, 0x5345, 0x4B24, 0x4B04, 0x7CAA,
  0xC732, 0xB6B0, 0xBEF1, 0xBED1, 0xAE6F, 0x6406, 0x4323, 0x4323, 0x4323, 0x5BC5, 0xB6B0, 0xC732,
  0xB6B0, 0xBF11, 0xBF10, 0xB6CF, 0xBEF0, 0xBEF0, 0xBEF0, 0xBEF0, 0xBEF0, 0xBEF0, 0xBEF0, 0xBEF0,
  0xB6EF, 0xBEF0, 0xBF10, 0xB6F0, 0xB6CF, 0xB6F0, 0xBF10, 0xBF31, 0xBF31, 0xBF10, 0xB6F0, 0xB6CF,
  0xAE6E, 0x9E0D, 0x9DEC, 0x9E0C, 0x9E2D, 0x9E2D, 0x9E0D, 0x95EC, 0x95EC, 0x9E0C, 0x9E0C, 0x9E0C,
  0x9DEC, 0x95EC, 0x95EC, 0x95EC, 0x95EC, 0x9DEC, 0x9E0C, 0x9E0C, 0x9E2D, 0x9E2D, 0x9E0D, 0x9E0C,
  0x9E2D, 0xA66E, 0xB6CF, 0xBF11, 0xB6F0, 0xB6F0, 0xBF30, 0xB6F0, 0xBF11, 0xB6B0, 0x4B84, 0x4B44,
  0x4324, 0x9DCE, 0xCF33, 0xBEF1, 0xBED1, 0x5BC6, 0x4304, 0x42E3, 0x4B04, 0x4B04, 0x4B04, 0x4B04,
  0x4B04, 0x4B25, 0x4B05, 0x4B25, 0x4B05, 0x4B05, 0x4B05, 0x4B05, 0x4B05, 0x4B05, 0x4B05, 0x4B05,
  0x4B05, 0x4B05, 0x4B05, 0x4B05, 0x4B05, 0x4B05, 0x4B05, 0x4B05, 0x4B05, 0x4B05, 0x4B05, 0x4B05,
  0x4B05, 0x4B05, 0x4B05, 0x4B05, 0x4B04, 0x4B05, 0x4B05, 0x4B05, 0x4B05, 0x4B05, 0x4B05, 0x4B05,
  0x4B25, 0x4B04, 0x4B05, 0x4B04, 0x4B25, 0x5345, 0x3AA2, 0x7CAA, 0xC712, 0xBEF1, 0xBED1, 0x8D6C,
  0x4303, 0x4323, 0x4B23, 0x4B23, 0x4B44, 0x9DEE, 0xC712, 0xC712, 0x6C87, 0x95CC, 0xC772, 0xB6F0,
  0xBEF0, 0xBEF0, 0xBEF0, 0xBEF0, 0xBEF0, 0xBEF0, 0xBEF0, 0xBEF0, 0xBF10, 0xBEF0, 0xBEF0, 0xBF10,
  0xBF10, 0xBF10, 0xB6F0, 0xB6EF, 0xB6F0, 0xB6F0, 0xBF10, 0xBF10, 0xBF10, 0xB6CF, 0xB6F0, 0xBF31,
  0xB6F0, 0xB6F0, 0xAE8E, 0x9E2D, 0x9E0C, 0x9E0C, 0x9E0C, 0x9DEC, 0x9E0C, 0x9E0C, 0x9E0C, 0x9E0C,
  0x9E0C, 0x9E2D, 0x9E2D, 0xA64D, 0xB6F0, 0xBEF0, 0xBF10, 0xBF10, 0xB6F0, 0xB6F0, 0xB6F0, 0xBEF0,
  0xB6F0, 0xB6F0, 0xBF10, 0xB6F0, 0xBF31, 0xB6B0, 0x4324, 0x4324, 0x4324, 0x5365, 0xAE50, 0xBEF2,
  0xC712, 0x6C27, 0x42E3, 0x4B25, 0x4B25, 0x42C4, 0x5345, 0x5345, 0x42C3, 0x5346, 0x4B05, 0x4B04,
  0x4B05, 0x4B05, 0x4B05, 0x4B05, 0x4B05, 0x4B05, 0x4B05, 0x4B05, 0x4B05, 0x4B05, 0x4B05, 0x4B05,
  0x4B05, 0x4B05, 0x4B05, 0x4B05, 0x4B05, 0x4B05, 0x4B05, 0x4B05, 0x4B05, 0x4B05, 0x4B05, 0x4B05,
  0x4B05, 0x4B05, 0x4B05, 0x4B05, 0x4B05, 0x4B05, 0x4B05, 0x4B05, 0x4B05, 0x4B05, 0x4B04, 0x4B25,
  0x4B04, 0x5366, 0x42C3, 0x7CAA, 0xC733, 0xAE70, 0x53A5, 0x4B44, 0x4303, 0x4303, 0x5365, 0x3AC2,
  0x850B, 0xC713, 0xC712, 0x958C, 0x3B01, 0xAE6E, 0xC731, 0xB6CF, 0xBEF0, 0xBEF0, 0xBEF0, 0xBEF0,
  0xBEF0, 0xBEF0, 0xBEF0, 0xBEF0, 0xBEF0, 0xBEF0, 0xBEF0, 0xBEF0, 0xBEF0, 0xBEF0, 0xBEF0, 0xBEF0,
  0xBEF0, 0xBEF0, 0xBEF0, 0xBEF0, 0xBEF0, 0xBEF0, 0xBEF0, 0xBEF0, 0xB6F0, 0xB6F0, 0xB6F0, 0xB6F0,
  0xB6F0, 0xB6F0, 0xB6F0, 0xB6F0, 0xB6F0, 0xB6F0, 0xB6F0, 0xB6F0, 0xB6F0, 0xB6F0, 0xB6F0, 0xB6F0,
  0xBEF0, 0xBEF0, 0xBEF0, 0xBEF0, 0xBEF0, 0xBEF0, 0xBEF0, 0xBEF0, 0xBF11, 0xB6CF, 0xBF10, 0xB6EF,
  0xB6F0, 0xB6B0, 0x4B65, 0x4304, 0x4B25, 0x42E4, 0x6C28, 0xBED2, 0xBEB1, 0x6407, 0x42E3, 0x4B25,
  0x4B05, 0x4B05, 0x4B05, 0x4B05, 0x4B05, 0x4B05, 0x4B05, 0x4B05, 0x4B05, 0x4B05, 0x4B05, 0x4B05,
  0x4B05, 0x4B05, 0x4B05, 0x4B05, 0x4B05, 0x4B05, 0x4B05, 0x4B05, 0x4B05, 0x4B05, 0x4B05, 0x4B05,
  0x4B05, 0x4B05, 0x4B05, 0x4B05, 0x4B05, 0x4B05, 0x4B05, 0x4B05, 0x4B05, 0x4B05, 0x4B05, 0x4B05,
  0x4B05, 0x4B05, 0x4B05, 0x4B05, 0x4B25, 0x4B05, 0x4B05, 0x4B25, 0x42E4, 0x4B25, 0x3AA3, 0x7C8A,
  0xC713, 0x7489, 0x42E3, 0x4B24, 0x5365, 0x4303, 0x42E3, 0x42E3, 0x958D, 0xCF54, 0x9DEE, 0x4B63,
  0x4343, 0x95CC, 0xC752, 0xB6F0, 0xBEF0, 0xBEF0, 0xBEF0, 0xBEF0, 0xBEF0, 0xBEF0, 0xBEF0, 0xBEF0,
  0xBEF0, 0xBEF0, 0xBEF0, 0xBEF0, 0xBEF0, 0xBEF0, 0xBEF0, 0xBEF0, 0xBEF0, 0xBEF0, 0xBEF0, 0xBEF0,
  0xBEF0, 0xBEF0, 0xBEF0, 0xBEF0, 0xBEF0, 0xBEF0, 0xBEF0, 0xBEF0, 0xBEF0, 0xBEF0, 0xBEF0, 0xBEF0,
  0xB6F0, 0xB6F0, 0xB6F0, 0xB6F0, 0xB6F0, 0xB6F0, 0xB6F0, 0xB6F0, 0xBEF0, 0xBEF0, 0xBEF0, 0xBEF0,
  0xBEF0, 0xBEF0, 0xBEF0, 0xBEF0, 0xB6F0, 0xB6F0, 0xBF10, 0xBF30, 0xC731, 0xB6B0, 0x5385, 0x4324,
  0x4B25, 0x4B25, 0x4B24, 0x5BA6, 0x5BA6, 0x4B24, 0x4B24, 0x4B25, 0x4B05, 0x4B05, 0x4B05, 0x4B05,
  0x4B05, 0x4B05, 0x4B05, 0x4B05, 0x4B05, 0x4B05, 0x4B05, 0x4B05, 0x4B05, 0x4B05, 0x4B05, 0x4B05,
  0x4B05, 0x4B05, 0x4B05, 0x4B05, 0x4B05, 0x4B05, 0x4B05, 0x4B05, 0x4B05, 0x4B05, 0x4B05, 0x4B05,
  0x4B05, 0x4B05, 0x4B05, 0x4B05, 0x4B05, 0x4B05, 0x4B05, 0x4B05, 0x4B05, 0x4B05, 0x4B05, 0x4B05,
  0x4B05, 0x4B04, 0x4B04, 0x4B25, 0x4B04, 0x4B25, 0x42C4, 0x7CAB, 0xD754, 0x5BA5, 0x42E3, 0x42E3,
  0x4B45, 0x4B24, 0x4B24, 0x6C28, 0xB692, 0xC6F3, 0xA60F, 0x3AE1, 0x850A, 0xC752, 0xBEF0, 0xBF10,
  0xBEF0, 0xBEF0, 0xBEF0, 0xBEF0, 0xBEF0, 0xBEF0, 0xBEF0, 0xBEF0, 0xBEF0, 0xBEF0, 0xBEF0, 0xBEF0,
  0xBEF0, 0xBEF0, 0xBEF0, 0xBEF0, 0xBEF0, 0xBEF0, 0xBEF0, 0xBEF0, 0xBEF0, 0xBEF0, 0xBEF0, 0xBEF0,
  0xBEF0, 0xBEF0, 0xBEF0, 0xBEF0, 0xBEF0, 0xBEF0, 0xBEF0, 0xBEF0, 0xBF10, 0xBF10, 0xBF10, 0xBF10,
  0xBF10, 0xBF10, 0xBF10, 0xBF10, 0xBEF0, 0xBEF0, 0xBEF0, 0xBEF0, 0xBEF0, 0xBEF0, 0xBEF0, 0xBEF0,
  0xB6F0, 0xBF11, 0xB6EF, 0xBEEF, 0xBF10, 0xA64E, 0x53A5, 0x3AE3, 0x4305, 0x4B25, 0x42E4, 0x4303,
  0x4B03, 0x4B04, 0x4B24, 0x4AE4, 0x4B05, 0x4B05, 0x4B05, 0x4B05, 0x4B05, 0x4B05, 0x4B05, 0x4B05,
  0x4B05, 0x4B05, 0x4B05, 0x4B05, 0x4B05, 0x4B04, 0x4B04, 0x4B05, 0x4B05, 0x4B05, 0x4B05, 0x4B05,
  0x4B05, 0x4B05, 0x4B05, 0x4B05, 0x4B05, 0x4B05, 0x4B05, 0x4B05, 0x4B05, 0x4B05, 0x4B05, 0x4B05,
  0x4B05, 0x4B05, 0x4B05, 0x4B05, 0x4B05, 0x4B05, 0x4B05, 0x4B05, 0x4B04, 0x4B04, 0x4B05, 0x4B25,
  0x4B25, 0x5345, 0x4B05, 0x7C8A, 0x9D8E, 0x4B04, 0x4B45, 0x4B24, 0x4B24, 0x4B25, 0x42E4, 0x748A,
  0xCF34, 0xB671, 0x6C48, 0x3AC1, 0x958C, 0xC752, 0xB6F0, 0xB6CF, 0xBEF0, 0xBEF0, 0xBEF0, 0xBEF0,
  0xBEF0, 0xBEF0, 0xBEF0, 0xBEF0, 0xBEF0, 0xBEF0, 0xBEF0, 0xBEF0, 0xBEF0, 0xBEF0, 0xBEF0, 0xBEF0,
  0xBEF0, 0xBEF0, 0xBEF0, 0xBEF0, 0xBEF0, 0xBEF0, 0xBEF0, 0xBEF0, 0xBEF0, 0xBEF0, 0xBEF0, 0xBEF0,
  0xBEF0, 0xBEF0, 0xBEF0, 0xBEF0, 0xBF10, 0xBF10, 0xBF10, 0xBF10, 0xBF10, 0xBF10, 0xBF10, 0xBF10,
  0xBEF0, 0xBEF0, 0xBEF0, 0xBEF0, 0xBEF0, 0xBEF0, 0xBEF0, 0xBEF0, 0xB6F0, 0xBF11, 0xB6EF, 0xB6EF,
  0xBF30, 0xBF11, 0x8D4B, 0x4B45, 0x4B46, 0x4B05, 0x4304, 0x4B45, 0x5345, 0x4B04, 0x4B04, 0x4B05,
  0x4B05, 0x4B05, 0x4B05, 0x4B05, 0x4B05, 0x4B05, 0x4B05, 0x4B05, 0x4B05, 0x4B05, 0x4B05, 0x4B05,
  0x4B04, 0x4B04, 0x4B04, 0x4B04, 0x4B05, 0x4B05, 0x4B05, 0x4B05, 0x4B05, 0x4B05, 0x4B05, 0x4B05,
  0x4B05, 0x4B05, 0x4B05, 0x4B05, 0x4B05, 0x4B05, 0x4B05, 0x4B05, 0x4B05, 0x4B05, 0x4B05, 0x4B05,
  0x4B05, 0x4B05, 0x4B05, 0x4B05, 0x4B05, 0x4B25, 0x4B25, 0x4B05, 0x4B05, 0x4B25, 0x42E4, 0x5BA7,
  0x5365, 0x42C3, 0x4B45, 0x4B25, 0x4B04, 0x4B25, 0x42C3, 0x7C8A, 0xCF14, 0x7CCB, 0x3AE2, 0x3AE2,
  0x8D6B, 0xBEF1, 0xBEF0, 0xBF10, 0xBEF0, 0xBEF0, 0xBEF0, 0xBEF0, 0xBEF0, 0xBEF0, 0xBEF0, 0xBEF0,
  0xBEF0, 0xBEF0, 0xBEF0, 0xBEF0, 0xBEF0, 0xBEF0, 0xBEF0, 0xBEF0, 0xBEF0, 0xBEF0, 0xBEF0, 0xBEF0,
  0xBEF0, 0xBEF0, 0xBEF0, 0xBEF0, 0xBEF0, 0xBEF0, 0xBEF0, 0xBEF0, 0xBEF0, 0xBEF0, 0xBEF0, 0xBEF0,
  0xBEF0, 0xBEF0, 0xBEF0, 0xBEF0, 0xBEF0, 0xBEF0, 0xBEF0, 0xBEF0, 0xBEF0, 0xBEF0, 0xBEF0, 0xBEF0,
  0xBEF0, 0xBEF0, 0xBEF0, 0xBEF0, 0xBF11, 0xBF10, 0xBF10, 0xB6EF, 0xBF0F, 0xCF72, 0xA64F, 0x4303,
  0x4B25, 0x4B25, 0x4B25, 0x4B04, 0x4AE4, 0x4B04, 0x4B05, 0x4B25, 0x4B05, 0x4B05, 0x4B05, 0x4B05,
  0x4B05, 0x4B05, 0x4B05, 0x4B05, 0x4B05, 0x4B05, 0x4B05, 0x4B04, 0x4B04, 0x4B04, 0x4B04, 0x4B04,
  0x4B05, 0x4B05, 0x4B05, 0x4B05, 0x4B05, 0x4B05, 0x4B05, 0x4B05, 0x4B05, 0x4B05, 0x4B05, 0x4B05,
  0x4B05, 0x4B05, 0x4B05, 0x4B05, 0x4B05, 0x4B05, 0x4B05, 0x4B05, 0x4B05, 0x4B05, 0x4B05, 0x4B05,
  0x4B05, 0x4B25, 0x4B25, 0x42E4, 0x4B05, 0x4B25, 0x42E4, 0x4B25, 0x4B24, 0x4B24, 0x4B04, 0x4B04,
  0x4B04, 0x4B25, 0x4B05, 0x84CB, 0x9DAF, 0x4304, 0x4303, 0x6C27, 0xAE6F, 0xC752, 0xBEF0, 0xBF10,
  0xBEF0, 0xBEF0, 0xBEF0, 0xBEF0, 0xBEF0, 0xBEF0, 0xBEF0, 0xBEF0, 0xBEF0, 0xBEF0, 0xBEF0, 0xBEF0,
  0xBEF0, 0xBEF0, 0xBEF0, 0xBEF0, 0xBEF0, 0xBEF0, 0xBEF0, 0xBEF0, 0xBEF0, 0xBEF0, 0xBEF0, 0xBEF0,
  0xBEF0, 0xBEF0, 0xBEF0, 0xBEF0, 0xBEF0, 0xBEF0, 0xBEF0, 0xBEF0, 0xBEF0, 0xBEF0, 0xBEF0, 0xBEF0,
  0xBEF0, 0xBEF0, 0xBEF0, 0xBEF0, 0xBEF0, 0xBEF0, 0xBEF0, 0xBEF0, 0xBEF0, 0xBEF0, 0xBEF0, 0xBEF0,
  0xBF11, 0xB6F0, 0xBF30, 0xBF0F, 0xB6CE, 0xBF10, 0xA62E, 0x32A2, 0x42E4, 0x42E4, 0x5345, 0x5325,
  0x5325, 0x5325, 0x4AE5, 0x4B05, 0x4B05, 0x4B05, 0x4B05, 0x4B05, 0x4B05, 0x4B05, 0x4B05, 0x4B05,
  0x4B05, 0x4B05, 0x4B04, 0x4B04, 0x4B04, 0x4B04, 0x4B04, 0x4B04, 0x4B05, 0x4B05, 0x4B05, 0x4B05,
  0x4B05, 0x4B05, 0x4B05, 0x4B05, 0x4B05, 0x4B05, 0x4B05, 0x4B05, 0x4B05, 0x4B05, 0x4B05, 0x4B05,
  0x4B05, 0x4B05, 0x4B05, 0x4B05, 0x4B05, 0x4B05, 0x4B05, 0x4B05, 0x4B05, 0x4B05, 0x4B05, 0x4B04,
  0x4B25, 0x4B25, 0x4AE4, 0x4B25, 0x4B24, 0x4B04, 0x4B24, 0x4B25, 0x4B25, 0x4B25, 0x42E4, 0x63C7,
  0x5BA7, 0x42E3, 0x3AC2, 0x850A, 0xBEF1, 0xB6AF, 0xC731, 0xB6CF, 0xBEF0, 0xBEF0, 0xBEF0, 0xBEF0,
  0xBEF0, 0xBEF0, 0xBEF0, 0xBEF0, 0xBEF0, 0xBEF0, 0xBEF0, 0xBEF0, 0xBEF0, 0xBEF0, 0xBEF0, 0xBEF0,
  0xBEF0, 0xBEF0, 0xBEF0, 0xBEF0, 0xBEF0, 0xBEF0, 0xBEF0, 0xBEF0, 0xBEF0, 0xBEF0, 0xBEF0, 0xBEF0,
  0xBEF0, 0xBEF0, 0xBEF0, 0xBEF0, 0xBEF0, 0xBEF0, 0xBEF0, 0xBEF0, 0xBEF0, 0xBEF0, 0xBEF0, 0xBEF0,
  0xBEF0, 0xBEF0, 0xBEF0, 0xBEF0, 0xBEF0, 0xBEF0, 0xBEF0, 0xBEF0, 0xB6F0, 0xAEAF, 0xBF30, 0xBF0F,
  0xBF0F, 0xBF10, 0xBED0, 0x7489, 0x4B45, 0x42E4, 0x4B04, 0x4B04, 0x4B05, 0x4B05, 0x42C4, 0x4B06,
  0x4B05, 0x4B05, 0x4B05, 0x4B05, 0x4B05, 0x4B05, 0x4B05, 0x4B05, 0x4B05, 0x4B05, 0x4B04, 0x4B04,
  0x4B04, 0x4B04, 0x4B04, 0x4B04, 0x4B05, 0x4B05, 0x4B05, 0x4B05, 0x4B05, 0x4B05, 0x4B05, 0x4B05,
  0x4B05, 0x4B05, 0x4B05, 0x4B05, 0x4B05, 0x4B05, 0x4B05, 0x4B05, 0x4B05, 0x4B05, 0x4B05, 0x4B05,
  0x4B05, 0x4B05, 0x4B05, 0x4B05, 0x4B25, 0x4B05, 0x4B04, 0x4B05, 0x4B25, 0x4B05, 0x42E4, 0x4B25,
  0x4B25, 0x42E3, 0x5345, 0x42E4, 0x4B05, 0x4B05, 0x4B05, 0x4B05, 0x42E4, 0x4B25, 0x5365, 0x958C,
  0xC712, 0xC731, 0xB6AF, 0xBF31, 0xBEF0, 0xBEF0, 0xBEF0, 0xBEF0, 0xBEF0, 0xBEF0, 0xBEF0, 0xBEF0,
  0xBEF0, 0xBEF0, 0xBEF0, 0xBEF0, 0xBEF0, 0xBEF0, 0xBEF0, 0xBEF0, 0xBEF0, 0xBEF0, 0xBEF0, 0xBEF0,
  0xBEF0, 0xBEF0, 0xBEF0, 0xBEF0, 0xBF10, 0xBF10, 0xBF10, 0xBF10, 0xBF10, 0xBF10, 0xBF10, 0xBF10,
  0xBEF0, 0xBEF0, 0xBEF0, 0xBEF0, 0xBEF0, 0xBEF0, 0xBEF0, 0xBEF0, 0xBEF0, 0xBEF0, 0xBEF0, 0xBEF0,
  0xBEF0, 0xBEF0, 0xBEF0, 0xBEF0, 0xBF11, 0xB6D0, 0xBF30, 0xB6EE, 0xBF2F, 0xB6CF, 0xC732, 0xAE50,
  0x5366, 0x4B25, 0x4B25, 0x42E4, 0x4B04, 0x5346, 0x4AE5, 0x4AE5, 0x4B05, 0x4B05, 0x4B05, 0x4B05,
  0x4B05, 0x4B05, 0x4B05, 0x4B05, 0x4B05, 0x4B05, 0x4B04, 0x4B04, 0x4B04, 0x4B04, 0x4B04, 0x4B04,
  0x4B05, 0x4B05, 0x4B05, 0x4B05, 0x4B05, 0x4B05, 0x4B05, 0x4B05, 0x4B05, 0x4B05, 0x4B05, 0x4B05,
  0x4B05, 0x4B05, 0x4B05, 0x4B05
};


static const uint16_t *frames_bg[] = {
	frame1_bg_g,
	frame2_bg_g,
	frame3_bg_g,
	frame4_bg_g,
	frame5_bg_g
	
};

static const Animation background = {
	.frames = frames_bg,
	.frame_height = 128,
	.frame_width = 128,
	.frame_count = 5,
	.frame_delay_ms = 200
	
};
#endif /* MAIN_ANIMATIONS_BACKGROUND_H_ */
